timestamp,station_id,station_name,latitude,longitude,total_bikes,ebikes,standard_bikes,total_docks,empty_docks,broken_docks
2026-08-16 22:30:00+00:00,BikePoints_1,"River Street , Clerkenwell",51.529163,-0.10997,3,3,0,19,14,2
2026-08-16 22:30:00+00:00,BikePoints_2,"Phillimore Gardens, Kensington",51.499606,-0.197574,11,0,11,37,25,1
2026-08-16 22:30:00+00:00,BikePoints_3,"Christopher Street, Liverpool Street",51.521283,-0.084605,0,0,0,32,32,0
2026-08-16 22:30:00+00:00,BikePoints_4,"St. Chad's Street, King's Cross",51.530059,-0.120973,22,1,21,23,0,1
2026-08-16 22:30:00+00:00,BikePoints_5,"Sedding Street, Sloane Square",51.49313,-0.156876,0,0,0,27,25,2
2026-08-16 22:30:00+00:00,BikePoints_6,"Broadcasting House, Marylebone",51.518117,-0.144228,1,1,0,18,11,6
2026-08-16 22:30:00+00:00,BikePoints_7,"Charlbert Street, St. John's Wood",51.5343,-0.168074,5,0,5,16,5,6
2026-08-16 22:30:00+00:00,BikePoints_8,"Maida Vale, Maida Vale",51.529857,-0.183486,31,8,23,39,4,4
2026-08-16 22:30:00+00:00,BikePoints_9,"New Globe Walk, Bankside",51.507385,-0.09644,8,0,8,19,11,0
2026-08-16 22:30:00+00:00,BikePoints_10,"Park Street, Bankside",51.505974,-0.092754,6,2,4,18,12,0
2026-08-16 22:30:00+00:00,BikePoints_11,"Brunswick Square, Bloomsbury",51.523951,-0.122502,6,4,2,24,17,1
2026-08-16 22:30:00+00:00,BikePoints_12,"Malet Street, Bloomsbury",51.52168,-0.130431,14,3,11,49,35,0
2026-08-16 22:30:00+00:00,BikePoints_13,"Scala Street, Fitzrovia",51.519914,-0.136039,1,0,1,21,20,0
2026-08-16 22:30:00+00:00,BikePoints_14,"Argyle Street, Kings Cross",51.529416,-0.123944,22,4,18,45,20,3
2026-08-16 22:30:00+00:00,BikePoints_15,"Great Russell Street, Bloomsbury",51.517727,-0.127854,1,1,0,26,25,0
2026-08-16 22:30:00+00:00,BikePoints_16,"Cartwright Gardens , Bloomsbury",51.526357,-0.125979,1,1,0,21,20,0
2026-08-16 22:30:00+00:00,BikePoints_17,"Hatton Wall, Holborn",51.521661,-0.109006,4,2,2,26,20,2
2026-08-16 22:30:00+00:00,BikePoints_18,"Drury Lane, Covent Garden",51.51477,-0.122219,0,0,0,27,24,3
2026-08-16 22:30:00+00:00,BikePoints_19,"Taviton Street, Bloomsbury",51.52505,-0.131161,7,0,7,30,23,0
2026-08-16 22:30:00+00:00,BikePoints_20,"Drummond Street , Euston",51.527326,-0.136052,26,0,26,28,0,2
2026-08-16 22:30:00+00:00,BikePoints_21,"Lansdowne Drive, Hackney Central",51.539834,-0.062806,14,7,7,26,11,1
2026-08-16 22:30:00+00:00,BikePoints_22,"Northington Street , Holborn",51.522264,-0.114079,8,1,7,19,11,0
2026-08-16 22:30:00+00:00,BikePoints_23,"Red Lion Square, Holborn",51.519435,-0.119123,2,1,1,16,13,1
2026-08-16 22:30:00+00:00,BikePoints_24,"British Museum, Bloomsbury",51.51908,-0.124678,1,0,1,35,34,0
2026-08-16 22:30:00+00:00,BikePoints_25,"Doric Way , Somers Town",51.528833,-0.13225,23,0,23,50,25,2
2026-08-16 22:30:00+00:00,BikePoints_26,"Ampton Street , Clerkenwell",51.52728,-0.118295,8,2,6,21,12,1
2026-08-16 22:30:00+00:00,BikePoints_28,"Bolsover Street, Fitzrovia",51.523518,-0.143613,7,3,4,19,12,0
2026-08-16 22:30:00+00:00,BikePoints_29,"Hereford Road, Bayswater",51.513735,-0.193487,17,4,13,22,5,0
2026-08-16 22:30:00+00:00,BikePoints_30,"Windsor Terrace, Hoxton",51.529154,-0.093421,18,0,18,24,4,2
2026-08-16 22:30:00+00:00,BikePoints_31,"Fanshaw Street, Hoxton",51.529537,-0.083353,28,1,27,36,7,1
2026-08-16 22:30:00+00:00,BikePoints_33,"Central House, Aldgate",51.515231,-0.07015,1,0,1,24,23,0
2026-08-16 22:30:00+00:00,BikePoints_34,"Pancras Road, King's Cross",51.534123,-0.129386,1,0,1,16,13,2
2026-08-16 22:30:00+00:00,BikePoints_36,"De Vere Gardens, Kensington",51.501737,-0.18498,3,0,3,28,24,1
2026-08-16 22:30:00+00:00,BikePoints_37,"Penywern Road, Earl's Court",51.491593,-0.192369,1,0,1,17,14,2
2026-08-16 22:30:00+00:00,BikePoints_38,"Abingdon Villas, Kensington",51.497387,-0.197245,6,0,6,17,10,1
2026-08-16 22:30:00+00:00,BikePoints_39,"Shoreditch High Street, Shoreditch",51.526377,-0.07813,24,7,17,41,16,1
2026-08-16 22:30:00+00:00,BikePoints_40,"Commercial Street, Shoreditch",51.52127,-0.075578,2,2,0,16,13,1
2026-08-16 22:30:00+00:00,BikePoints_41,"Pindar Street, Liverpool Street",51.520955,-0.083493,0,0,0,24,23,1
2026-08-16 22:30:00+00:00,BikePoints_42,"Wenlock Road , Hoxton",51.530991,-0.093903,11,1,10,28,17,0
2026-08-16 22:30:00+00:00,BikePoints_43,"Crawford Street, Marylebone",51.52026,-0.157183,1,0,1,18,17,0
2026-08-16 22:30:00+00:00,BikePoints_44,"Bruton Street, Mayfair",51.510736,-0.144165,2,0,2,21,18,1
2026-08-16 22:30:00+00:00,BikePoints_45,"Boston Place, Marylebone",51.522511,-0.162298,1,1,0,26,24,1
2026-08-16 22:30:00+00:00,BikePoints_46,"Nesham Street, Wapping",51.507131,-0.06691,9,1,8,16,6,1
2026-08-16 22:30:00+00:00,BikePoints_47,"Warwick Avenue Station, Maida Vale",51.523344,-0.183846,12,2,10,19,3,4
2026-08-16 22:30:00+00:00,BikePoints_48,"Godliman Street, St. Paul's",51.512484,-0.099141,9,2,7,25,16,0
2026-08-16 22:30:00+00:00,BikePoints_49,"Curzon Street, Mayfair",51.507069,-0.145904,0,0,0,16,16,0
2026-08-16 22:30:00+00:00,BikePoints_50,"East Road, Hoxton",51.528673,-0.087459,11,2,9,27,15,1
2026-08-16 22:30:00+00:00,BikePoints_51,"Finsbury Library , Finsbury",51.526717,-0.104298,6,2,4,29,23,0
2026-08-16 22:30:00+00:00,BikePoints_52,"Roscoe Street, St. Luke's",51.522954,-0.094934,4,2,2,18,14,0
2026-08-16 22:30:00+00:00,BikePoints_53,"Grafton Street, Mayfair",51.509992,-0.143495,0,0,0,18,18,0
2026-08-16 22:30:00+00:00,BikePoints_54,"Golden Lane, Barbican",51.521747,-0.094475,2,0,2,27,21,4
2026-08-16 22:30:00+00:00,BikePoints_55,"Finsbury Circus, Liverpool Street",51.517075,-0.086685,0,0,0,33,32,1
2026-08-16 22:30:00+00:00,BikePoints_56,"Paddington Street, Marylebone",51.520583,-0.154701,9,1,8,16,5,2
2026-08-16 22:30:00+00:00,BikePoints_57,"Guilford Street , Bloomsbury",51.523346,-0.120202,8,2,6,32,24,0
2026-08-16 22:30:00+00:00,BikePoints_58,"New Inn Yard, Shoreditch",51.524526,-0.079248,8,1,7,20,9,3
2026-08-16 22:30:00+00:00,BikePoints_60,"Lisson Grove, St. John's Wood",51.526448,-0.17219,11,1,10,18,5,2
2026-08-16 22:30:00+00:00,BikePoints_61,"Great Dover Street, The Borough",51.497382,-0.089446,23,2,21,33,9,1
2026-08-16 22:30:00+00:00,BikePoints_62,"Cotton Garden Estate, Kennington",51.490757,-0.106323,19,4,15,24,5,0
2026-08-16 22:30:00+00:00,BikePoints_63,"Murray Grove , Hoxton",51.53089,-0.089782,18,3,15,27,8,1
2026-08-16 22:30:00+00:00,BikePoints_64,"William IV Street, Strand",51.509462,-0.124749,9,0,9,26,16,1
2026-08-16 22:30:00+00:00,BikePoints_65,"Gower Place , Euston",51.525227,-0.135188,1,0,1,17,16,0
2026-08-16 22:30:00+00:00,BikePoints_66,"Holborn Circus, Holborn",51.51795,-0.108657,1,0,1,40,37,2
2026-08-16 22:30:00+00:00,BikePoints_67,"Hatton Garden, Holborn",51.518825,-0.108028,1,0,1,28,26,1
2026-08-16 22:30:00+00:00,BikePoints_68,"Theobald's Road , Holborn",51.520596,-0.116688,2,0,2,26,23,1
2026-08-16 22:30:00+00:00,BikePoints_69,"Euston Road, Euston",51.526236,-0.134407,1,0,1,24,21,2
2026-08-16 22:30:00+00:00,BikePoints_70,"Calshot Street , King's Cross",51.53136,-0.117069,15,4,11,24,7,2
2026-08-16 22:30:00+00:00,BikePoints_71,"Newgate Street , St. Paul's",51.515768,-0.099894,0,0,0,35,33,2
2026-08-16 22:30:00+00:00,BikePoints_72,"Farringdon Lane, Clerkenwell",51.52352,-0.10834,4,0,4,16,11,1
2026-08-16 22:30:00+00:00,BikePoints_73,"Old Street Station, St. Luke's",51.525615,-0.088532,3,1,2,34,26,5
2026-08-16 22:30:00+00:00,BikePoints_74,"Vauxhall Cross, Vauxhall",51.485917,-0.124469,9,0,9,17,6,2
2026-08-16 22:30:00+00:00,BikePoints_75,"Torrens Street, Angel",51.532199,-0.10548,0,0,0,19,15,4
2026-08-16 22:30:00+00:00,BikePoints_76,"Longford Street, The Regent's Park",51.525595,-0.144083,1,0,1,21,18,2
2026-08-16 22:30:00+00:00,BikePoints_77,"Russell Square Station, Bloomsbury",51.523418,-0.124121,8,0,8,26,17,1
2026-08-16 22:30:00+00:00,BikePoints_78,"Sadlers Sports Centre, Finsbury",51.524868,-0.099489,3,1,2,17,12,2
2026-08-16 22:30:00+00:00,BikePoints_79,"Arundel Street, Temple",51.511726,-0.113855,0,0,0,18,18,0
2026-08-16 22:30:00+00:00,BikePoints_80,"Webber Street , Southwark",51.500693,-0.102091,5,0,5,45,35,5
2026-08-16 22:30:00+00:00,BikePoints_81,"Great Titchfield Street, Fitzrovia",51.520253,-0.141327,3,2,1,19,16,0
2026-08-16 22:30:00+00:00,BikePoints_83,"Panton Street, West End",51.509639,-0.13151,2,0,2,21,16,3
2026-08-16 22:30:00+00:00,BikePoints_84,"Breams Buildings, Holborn",51.515937,-0.111778,0,0,0,25,24,1
2026-08-16 22:30:00+00:00,BikePoints_85,"Tanner Street, Bermondsey",51.500647,-0.0786,33,1,32,41,6,2
2026-08-16 22:30:00+00:00,BikePoints_86,"Sancroft Street, Vauxhall",51.489479,-0.115156,23,1,22,24,0,1
2026-08-16 22:30:00+00:00,BikePoints_87,"Devonshire Square, Liverpool Street",51.516468,-0.079684,0,0,0,16,16,0
2026-08-16 22:30:00+00:00,BikePoints_88,"Percy Street, Bloomsbury",51.51863,-0.132676,0,0,0,29,29,0
2026-08-16 22:30:00+00:00,BikePoints_89,"Tavistock Place, Bloomsbury",51.52625,-0.123509,3,2,1,19,13,3
2026-08-16 22:30:00+00:00,BikePoints_90,"Harrington Square 1, Camden Town",51.533019,-0.139174,5,2,3,27,20,2
2026-08-16 22:30:00+00:00,BikePoints_91,"Walnut Tree Walk, Vauxhall",51.493686,-0.111014,10,2,8,20,9,1
2026-08-16 22:30:00+00:00,BikePoints_92,"Borough Road, Elephant & Castle",51.498898,-0.10044,22,1,21,41,18,1
2026-08-16 22:30:00+00:00,BikePoints_93,"Cloudesley Road, Angel",51.534408,-0.109025,11,6,5,37,24,2
2026-08-16 22:30:00+00:00,BikePoints_94,"Bricklayers Arms, Borough",51.495061,-0.085814,28,4,24,28,0,0
2026-08-16 22:30:00+00:00,BikePoints_95,"Aldersgate Street, Barbican",51.520841,-0.09734,3,3,0,15,11,1
2026-08-16 22:30:00+00:00,BikePoints_96,"Falkirk Street, Hoxton",51.53095,-0.078505,8,4,4,26,16,2
2026-08-16 22:30:00+00:00,BikePoints_97,"Gloucester Road (North), Kensington",51.497924,-0.183834,0,0,0,18,18,0
2026-08-16 22:30:00+00:00,BikePoints_98,"Hampstead Road, Euston",51.525542,-0.138231,8,0,8,54,44,2
2026-08-16 22:30:00+00:00,BikePoints_101,"Queen Street 1, Bank",51.511553,-0.09294,4,0,4,22,17,1
2026-08-16 22:30:00+00:00,BikePoints_102,"Jewry Street, Aldgate",51.513406,-0.076793,2,1,1,17,13,2
2026-08-16 22:30:00+00:00,BikePoints_103,"Vicarage Gate, Kensington",51.504723,-0.192538,2,1,1,18,16,0
2026-08-16 22:30:00+00:00,BikePoints_104,"Crosswall, Tower",51.511594,-0.077121,6,0,6,34,26,2
2026-08-16 22:30:00+00:00,BikePoints_105,"Westbourne Grove, Bayswater",51.515529,-0.19024,9,1,8,26,17,0
2026-08-16 22:30:00+00:00,BikePoints_106,"Woodstock Street, Mayfair",51.514105,-0.147301,2,2,0,21,18,1
2026-08-16 22:30:00+00:00,BikePoints_107,"Finsbury Leisure Centre, St. Luke's",51.526008,-0.096317,4,0,4,20,12,4
2026-08-16 22:30:00+00:00,BikePoints_109,"Soho Square , Soho",51.515631,-0.132328,4,3,1,57,52,1
2026-08-16 22:30:00+00:00,BikePoints_110,"Wellington Road, St. John's Wood",51.533043,-0.172528,6,2,4,17,10,1
2026-08-16 22:30:00+00:00,BikePoints_111,"Park Lane , Hyde Park",51.510017,-0.157275,7,3,4,28,17,4
2026-08-16 22:30:00+00:00,BikePoints_112,"Stonecutter Street, Holborn",51.515809,-0.10527,1,0,1,21,20,0
2026-08-16 22:30:00+00:00,BikePoints_113,"Gloucester Road (Central), South Kensington",51.496462,-0.183289,0,0,0,19,18,1
2026-08-16 22:30:00+00:00,BikePoints_114,"Park Road (Baker Street), The Regent's Park",51.524517,-0.158963,10,1,9,22,6,6
2026-08-16 22:30:00+00:00,BikePoints_115,"Braham Street, Aldgate",51.514233,-0.073537,12,4,8,34,22,0
2026-08-16 22:30:00+00:00,BikePoints_116,"Little Argyll Street, West End",51.514499,-0.141423,1,0,1,21,14,6
2026-08-16 22:30:00+00:00,BikePoints_117,"Lollard Street, Vauxhall",51.49288,-0.114934,25,2,23,25,0,0
2026-08-16 22:30:00+00:00,BikePoints_118,"Rochester Row, Westminster",51.495827,-0.135478,11,1,10,13,1,1
2026-08-16 22:30:00+00:00,BikePoints_119,"Bath Street, St. Luke's",51.525893,-0.090847,4,1,3,18,12,2
2026-08-16 22:30:00+00:00,BikePoints_120,"The Guildhall, Guildhall",51.515735,-0.09308,0,0,0,17,16,1
2026-08-16 22:30:00+00:00,BikePoints_121,"Baker Street, Marylebone",51.518913,-0.156166,7,3,4,22,15,0
2026-08-16 22:30:00+00:00,BikePoints_123,"St. John Street, Finsbury",51.52836,-0.104724,8,2,6,18,10,0
2026-08-16 22:30:00+00:00,BikePoints_124,"Eaton Square, Belgravia",51.496544,-0.150905,8,1,7,18,10,0
2026-08-16 22:30:00+00:00,BikePoints_125,"Borough High Street, The Borough",51.500694,-0.094524,1,0,1,21,19,1
2026-08-16 22:30:00+00:00,BikePoints_126,"Museum of London, Barbican",51.517821,-0.096496,1,0,1,52,50,1
2026-08-16 22:30:00+00:00,BikePoints_127,"Wood Street, Guildhall",51.517008,-0.093885,1,0,1,17,15,1
2026-08-16 22:30:00+00:00,BikePoints_128,"Emperor's Gate, South Kensington",51.495362,-0.185296,9,2,7,22,9,4
2026-08-16 22:30:00+00:00,BikePoints_129,"Golden Square, Soho",51.511897,-0.137043,5,3,2,18,12,1
2026-08-16 22:30:00+00:00,BikePoints_130,"Tower Gardens , Tower",51.509506,-0.075459,8,4,4,24,14,2
2026-08-16 22:30:00+00:00,BikePoints_131,"Eversholt Street , Camden Town",51.533005,-0.136792,1,0,1,16,14,1
2026-08-16 22:30:00+00:00,BikePoints_132,"Bethnal Green Road, Shoreditch",51.523648,-0.074754,14,1,13,38,24,0
2026-08-16 22:30:00+00:00,BikePoints_133,"Derry Street, Kensington",51.501364,-0.191462,6,1,5,18,9,3
2026-08-16 22:30:00+00:00,BikePoints_134,"Wapping High Street, Wapping",51.504904,-0.06797,5,3,2,20,13,2
2026-08-16 22:30:00+00:00,BikePoints_135,"Clerkenwell Green, Clerkenwell",51.52326,-0.104708,15,5,10,21,4,2
2026-08-16 22:30:00+00:00,BikePoints_136,"Queen Victoria Street, St. Paul's",51.511961,-0.097441,0,0,0,32,31,1
2026-08-16 22:30:00+00:00,BikePoints_138,"Green Street, Mayfair",51.512276,-0.157436,0,0,0,19,18,1
2026-08-16 22:30:00+00:00,BikePoints_139,"Lambeth Road, Vauxhall",51.494881,-0.117974,11,1,10,18,7,0
2026-08-16 22:30:00+00:00,BikePoints_140,"Finsbury Square , Moorgate",51.520962,-0.085634,6,1,5,33,27,0
2026-08-16 22:30:00+00:00,BikePoints_141,"Chapel Place, Marylebone",51.515308,-0.147203,0,0,0,29,29,0
2026-08-16 22:30:00+00:00,BikePoints_142,"West Cromwell Road, Earl's Court",51.493724,-0.198286,9,1,8,24,14,1
2026-08-16 22:30:00+00:00,BikePoints_143,"Pont Street, Knightsbridge",51.496886,-0.161203,11,0,11,24,11,2
2026-08-16 22:30:00+00:00,BikePoints_144,"Kennington Cross, Kennington",51.48894,-0.111435,41,6,35,47,2,4
2026-08-16 22:30:00+00:00,BikePoints_145,"Ilchester Place, Kensington",51.500743,-0.202759,0,0,0,24,24,0
2026-08-16 22:30:00+00:00,BikePoints_146,"Vauxhall Bridge , Pimlico",51.488365,-0.129361,2,0,2,35,32,1
2026-08-16 22:30:00+00:00,BikePoints_147,"Portugal Street, Holborn",51.514943,-0.116146,0,0,0,16,16,0
2026-08-16 22:30:00+00:00,BikePoints_148,"Tachbrook Street, Victoria",51.492111,-0.138364,12,3,9,16,1,3
2026-08-16 22:30:00+00:00,BikePoints_149,"Kennington Road Post Office, Oval",51.484788,-0.110683,12,1,11,18,5,1
2026-08-16 22:30:00+00:00,BikePoints_150,"Holy Trinity Brompton, Knightsbridge",51.497056,-0.168917,11,0,11,28,16,1
2026-08-16 22:30:00+00:00,BikePoints_151,"Chepstow Villas, Notting Hill",51.512136,-0.201554,22,0,22,26,4,0
2026-08-16 22:30:00+00:00,BikePoints_152,"Hampton Street, Walworth",51.49217,-0.101536,17,6,11,21,3,1
2026-08-16 22:30:00+00:00,BikePoints_153,"Bayswater Road, Hyde Park",51.511933,-0.174411,6,3,3,27,18,3
2026-08-16 22:30:00+00:00,BikePoints_154,"Waterloo Station 3, Waterloo",51.503791,-0.112824,8,0,8,35,25,2
2026-08-16 22:30:00+00:00,BikePoints_155,"Lexham Gardens, Kensington",51.495866,-0.191933,6,0,6,19,12,1
2026-08-16 22:30:00+00:00,BikePoints_156,"New Kent Road, The Borough",51.494436,-0.092921,26,0,26,33,5,2
2026-08-16 22:30:00+00:00,BikePoints_157,"Wright's Lane, Kensington",51.500397,-0.193068,6,1,5,37,27,4
2026-08-16 22:30:00+00:00,BikePoints_158,"Trebovir Road, Earl's Court",51.490853,-0.19617,6,0,6,18,10,2
2026-08-16 22:30:00+00:00,BikePoints_160,"Waterloo Place, St. James's",51.506633,-0.131773,2,1,1,20,17,1
2026-08-16 22:30:00+00:00,BikePoints_162,"Southampton Place, Holborn",51.517606,-0.121328,0,0,0,20,20,0
2026-08-16 22:30:00+00:00,BikePoints_163,"Sloane Avenue, Knightsbridge",51.493184,-0.167894,4,0,4,27,22,1
2026-08-16 22:30:00+00:00,BikePoints_164,"Cleveland Gardens, Bayswater",51.515607,-0.183118,15,1,14,16,0,1
2026-08-16 22:30:00+00:00,BikePoints_165,"Orsett Terrace, Bayswater",51.517932,-0.183716,7,0,7,15,7,1
2026-08-16 22:30:00+00:00,BikePoints_166,"Seville Street, Knightsbridge",51.501855,-0.159237,0,0,0,27,26,1
2026-08-16 22:30:00+00:00,BikePoints_167,"Eccleston Place, Victoria",51.49395,-0.147624,14,1,13,19,4,1
2026-08-16 22:30:00+00:00,BikePoints_168,"Argyll Road, Kensington",51.500401,-0.195455,15,0,15,19,4,0
2026-08-16 22:30:00+00:00,BikePoints_169,"Porchester Place, Paddington",51.514746,-0.165164,15,1,14,18,2,1
2026-08-16 22:30:00+00:00,BikePoints_170,"Hardwick Street, Clerkenwell",51.527842,-0.108068,3,2,1,30,25,2
2026-08-16 22:30:00+00:00,BikePoints_171,"Collingham Gardens, Earl's Court",51.491615,-0.186753,5,1,4,14,7,2
2026-08-16 22:30:00+00:00,BikePoints_172,"Sumner Place, South Kensington",51.491211,-0.173715,3,0,3,19,14,2
2026-08-16 22:30:00+00:00,BikePoints_173,"Waterloo Road, South Bank",51.50486,-0.113001,6,2,4,15,6,3
2026-08-16 22:30:00+00:00,BikePoints_175,"Worship Street, Shoreditch",51.521668,-0.079608,3,1,2,51,47,1
2026-08-16 22:30:00+00:00,BikePoints_176,"Gloucester Terrace, Bayswater",51.517919,-0.188098,5,0,5,23,17,1
2026-08-16 22:30:00+00:00,BikePoints_177,"Ashley Place, Victoria",51.49616,-0.140947,9,0,9,25,16,0
2026-08-16 22:30:00+00:00,BikePoints_178,"Warwick Square, Pimlico",51.489856,-0.141923,15,1,14,19,3,1
2026-08-16 22:30:00+00:00,BikePoints_180,"North Audley Street, Mayfair",51.512911,-0.153645,5,2,3,17,10,2
2026-08-16 22:30:00+00:00,BikePoints_181,"Belgrave Square, Belgravia",51.499412,-0.152317,2,1,1,21,18,1
2026-08-16 22:30:00+00:00,BikePoints_182,"Bell Street , Marylebone",51.522029,-0.165842,7,5,2,18,10,1
2026-08-16 22:30:00+00:00,BikePoints_183,"Riverlight North, Nine Elms",51.482362,-0.136123,19,4,15,24,2,3
2026-08-16 22:30:00+00:00,BikePoints_184,"Portland Place, Marylebone",51.520715,-0.145211,2,2,0,34,32,0
2026-08-16 22:30:00+00:00,BikePoints_185,"Alderney Street, Pimlico",51.488057,-0.140741,14,2,12,14,0,0
2026-08-16 22:30:00+00:00,BikePoints_186,"South Wharf Road, Paddington",51.517335,-0.17581,5,4,1,16,9,2
2026-08-16 22:30:00+00:00,BikePoints_187,"Queen's Gate (South), South Kensington",51.492479,-0.178433,15,0,15,25,9,1
2026-08-16 22:30:00+00:00,BikePoints_188,"Nutford Place, Marylebone",51.516517,-0.164393,4,2,2,18,13,1
2026-08-16 22:30:00+00:00,BikePoints_189,"Claremont Square, Angel",51.531666,-0.109914,4,2,2,18,11,3
2026-08-16 22:30:00+00:00,BikePoints_190,"Rampayne Street, Pimlico",51.489975,-0.132845,8,2,6,21,12,1
2026-08-16 22:30:00+00:00,BikePoints_191,"Hyde Park Corner, Hyde Park",51.503117,-0.15352,2,0,2,36,26,8
2026-08-16 22:30:00+00:00,BikePoints_192,"Wardour Street, Soho",51.512515,-0.133201,0,0,0,16,10,6
2026-08-16 22:30:00+00:00,BikePoints_193,"Bankside Mix, Bankside",51.505817,-0.100186,10,1,9,60,49,1
2026-08-16 22:30:00+00:00,BikePoints_194,"Hop Exchange, The Borough",51.504627,-0.091773,6,6,0,55,44,5
2026-08-16 22:30:00+00:00,BikePoints_195,"Milroy Walk, South Bank",51.507244,-0.106237,2,1,1,30,28,0
2026-08-16 22:30:00+00:00,BikePoints_196,"Union Street, The Borough",51.503688,-0.098497,3,0,3,17,12,2
2026-08-16 22:30:00+00:00,BikePoints_197,"Stamford Street, South Bank",51.505569,-0.111606,1,0,1,27,25,1
2026-08-16 22:30:00+00:00,BikePoints_199,"Great Tower Street, Monument",51.510484,-0.082989,3,0,3,24,18,3
2026-08-16 22:30:00+00:00,BikePoints_200,"LMU Commercial Road, Whitechapel",51.514924,-0.066078,6,2,4,14,8,0
2026-08-16 22:30:00+00:00,BikePoints_201,"Dorset Square, Marylebone",51.522596,-0.161113,3,1,2,16,12,1
2026-08-16 22:30:00+00:00,BikePoints_202,"Leman Street, Aldgate",51.512363,-0.069542,13,4,9,37,23,1
2026-08-16 22:30:00+00:00,BikePoints_203,"West Smithfield Rotunda, Farringdon",51.518218,-0.100791,5,4,1,15,8,2
2026-08-16 22:30:00+00:00,BikePoints_204,"Margery Street, Clerkenwell",51.526599,-0.112432,9,1,8,19,10,0
2026-08-16 22:30:00+00:00,BikePoints_206,"New Road 1 , Whitechapel",51.518154,-0.062697,21,3,18,36,12,3
2026-08-16 22:30:00+00:00,BikePoints_207,"Grosvenor Crescent, Belgravia",51.501352,-0.153194,1,0,1,18,17,0
2026-08-16 22:30:00+00:00,BikePoints_208,"Mallory Street, Marylebone",51.525051,-0.166304,4,0,4,20,15,1
2026-08-16 22:30:00+00:00,BikePoints_209,"Denyer Street, Knightsbridge",51.493583,-0.165101,3,0,3,30,26,1
2026-08-16 22:30:00+00:00,BikePoints_210,"Hinde Street, Marylebone",51.516814,-0.151926,2,1,1,21,18,1
2026-08-16 22:30:00+00:00,BikePoints_211,"Cadogan Place, Knightsbridge",51.494645,-0.158105,9,0,9,34,24,1
2026-08-16 22:30:00+00:00,BikePoints_212,"Campden Hill Road, Notting Hill",51.506584,-0.199004,11,3,8,17,6,0
2026-08-16 22:30:00+00:00,BikePoints_213,"Wellington Arch, Hyde Park",51.50274,-0.149569,1,0,1,36,32,3
2026-08-16 22:30:00+00:00,BikePoints_214,"Endsleigh Gardens, Euston",51.526838,-0.130504,23,1,22,32,6,3
2026-08-16 22:30:00+00:00,BikePoints_215,"Moorfields, Moorgate",51.519069,-0.088285,1,1,0,54,51,2
2026-08-16 22:30:00+00:00,BikePoints_216,"Old Brompton Road, South Kensington",51.490945,-0.18119,13,0,13,30,15,2
2026-08-16 22:30:00+00:00,BikePoints_217,"Wormwood Street, Liverpool Street",51.516154,-0.082422,0,0,0,16,16,0
2026-08-16 22:30:00+00:00,BikePoints_218,"St. Luke's Church, Chelsea",51.489716,-0.170194,2,0,2,20,18,0
2026-08-16 22:30:00+00:00,BikePoints_219,"Bramham Gardens, Earl's Court",51.490163,-0.190393,17,1,16,29,11,1
2026-08-16 22:30:00+00:00,BikePoints_220,"Chelsea Green, Chelsea",51.490664,-0.166485,3,2,1,15,12,0
2026-08-16 22:30:00+00:00,BikePoints_221,"Horseferry Road, Westminster",51.494816,-0.130458,3,1,2,16,13,0
2026-08-16 22:30:00+00:00,BikePoints_222,"Knightsbridge, Hyde Park",51.502757,-0.155349,25,0,25,43,16,2
2026-08-16 22:30:00+00:00,BikePoints_223,"Rodney Road , Walworth",51.491484,-0.09022,16,0,16,24,7,1
2026-08-16 22:30:00+00:00,BikePoints_224,"Queensway, Kensington Gardens",51.51031,-0.187402,13,2,11,17,3,1
2026-08-16 22:30:00+00:00,BikePoints_225,"Notting Hill Gate Station, Notting Hill",51.509353,-0.196422,10,1,9,30,16,4
2026-08-16 22:30:00+00:00,BikePoints_226,"Charles II Street, West End",51.508446,-0.131961,0,0,0,24,23,1
2026-08-16 22:30:00+00:00,BikePoints_227,"Great Percy Street, Clerkenwell",51.528915,-0.11548,13,2,11,23,10,0
2026-08-16 22:30:00+00:00,BikePoints_228,"St. James's Square, St. James's",51.507424,-0.134621,2,1,1,40,35,3
2026-08-16 22:30:00+00:00,BikePoints_229,"Whitehall Place, Strand",51.506543,-0.123179,2,1,1,46,44,0
2026-08-16 22:30:00+00:00,BikePoints_230,"Poured Lines, Bankside",51.506692,-0.103137,4,3,1,31,26,1
2026-08-16 22:30:00+00:00,BikePoints_231,"Queen's Gate (Central), South Kensington",51.493967,-0.178732,3,0,3,31,28,0
2026-08-16 22:30:00+00:00,BikePoints_232,"Carey Street, Holborn",51.51501,-0.112753,0,0,0,16,16,0
2026-08-16 22:30:00+00:00,BikePoints_233,"Pall Mall East, West End",51.50777,-0.130699,0,0,0,22,17,5
2026-08-16 22:30:00+00:00,BikePoints_234,"Liverpool Road (N1 Centre), Angel",51.534504,-0.106992,3,3,0,24,19,2
2026-08-16 22:30:00+00:00,BikePoints_235,"Kennington Road, Vauxhall",51.495718,-0.110889,7,1,6,36,29,0
2026-08-16 22:30:00+00:00,BikePoints_236,"Fashion Street, Whitechapel",51.51838,-0.073438,0,0,0,30,30,0
2026-08-16 22:30:00+00:00,BikePoints_237,"Dock Street, Wapping",51.509786,-0.068161,8,2,6,30,20,2
2026-08-16 22:30:00+00:00,BikePoints_238,"Frampton Street, Paddington",51.523353,-0.175116,19,1,18,32,13,0
2026-08-16 22:30:00+00:00,BikePoints_239,"Warren Street Station, Euston",51.524438,-0.138019,5,0,5,26,19,2
2026-08-16 22:30:00+00:00,BikePoints_240,"Colombo Street, Southwark",51.505459,-0.105692,0,0,0,14,12,2
2026-08-16 22:30:00+00:00,BikePoints_242,"Beaumont Street, Marylebone",51.522008,-0.151359,2,1,1,23,21,0
2026-08-16 22:30:00+00:00,BikePoints_243,"Gloucester Street, Pimlico",51.490962,-0.139625,24,2,22,25,0,1
2026-08-16 22:30:00+00:00,BikePoints_244,"Bucknall Street, Covent Garden",51.51615,-0.128417,4,2,2,18,10,4
2026-08-16 22:30:00+00:00,BikePoints_245,"Grosvenor Road, Pimlico",51.485357,-0.142207,19,3,16,29,9,1
2026-08-16 22:30:00+00:00,BikePoints_246,"Berry Street, Clerkenwell",51.522853,-0.099994,6,1,5,41,34,1
2026-08-16 22:30:00+00:00,BikePoints_247,"St. John's Wood Church, The Regent's Park",51.530529,-0.167515,22,0,22,50,25,3
2026-08-16 22:30:00+00:00,BikePoints_248,"Triangle Car Park, Hyde Park",51.506451,-0.170279,12,2,10,27,13,2
2026-08-16 22:30:00+00:00,BikePoints_249,"Harper Road, The Borough",51.498597,-0.096191,1,0,1,42,39,2
2026-08-16 22:30:00+00:00,BikePoints_250,"Royal Avenue 1, Chelsea",51.489932,-0.162727,2,0,2,10,6,2
2026-08-16 22:30:00+00:00,BikePoints_251,"Brushfield Street, Liverpool Street",51.518908,-0.079249,1,1,0,34,32,1
2026-08-16 22:30:00+00:00,BikePoints_253,"Shoreditch Park, Hoxton",51.534042,-0.086379,8,0,8,30,18,4
2026-08-16 22:30:00+00:00,BikePoints_254,"Chadwell Street, Angel",51.530515,-0.106408,3,1,2,18,14,1
2026-08-16 22:30:00+00:00,BikePoints_255,"Clifton Road, Maida Vale",51.525575,-0.179592,15,3,12,22,4,3
2026-08-16 22:30:00+00:00,BikePoints_256,"Houghton Street, Strand",51.51362,-0.116764,0,0,0,15,14,1
2026-08-16 22:30:00+00:00,BikePoints_257,"Westminster University, Marylebone",51.522481,-0.154907,4,0,4,16,10,2
2026-08-16 22:30:00+00:00,BikePoints_258,"Kensington Gore, Knightsbridge",51.501432,-0.178656,0,0,0,23,23,0
2026-08-16 22:30:00+00:00,BikePoints_259,"Bourne Street, Belgravia",51.490959,-0.153233,5,1,4,16,11,0
2026-08-16 22:30:00+00:00,BikePoints_260,"Broadwick Street, Soho",51.513684,-0.13558,0,0,0,18,15,3
2026-08-16 22:30:00+00:00,BikePoints_261,"Princes Square, Bayswater",51.513489,-0.191351,7,3,4,16,9,0
2026-08-16 22:30:00+00:00,BikePoints_262,"LSBU (Borough Road), Elephant & Castle",51.498744,-0.103132,6,1,5,35,29,0
2026-08-16 22:30:00+00:00,BikePoints_263,"St. Mary Axe, Aldgate",51.514225,-0.08066,8,8,0,21,11,2
2026-08-16 22:30:00+00:00,BikePoints_264,"Tysoe Street, Clerkenwell",51.526443,-0.109256,3,2,1,20,16,1
2026-08-16 22:30:00+00:00,BikePoints_265,"Southwick Street, Paddington",51.515953,-0.169249,6,3,3,17,11,0
2026-08-16 22:30:00+00:00,BikePoints_266,"Queen's Gate (North), Kensington",51.501026,-0.180246,0,0,0,41,39,2
2026-08-16 22:30:00+00:00,BikePoints_268,"Belgrave Road, Victoria",51.493204,-0.144132,25,0,25,29,2,2
2026-08-16 22:30:00+00:00,BikePoints_269,"Empire Square, The Borough",51.500823,-0.08974,43,1,42,46,1,2
2026-08-16 22:30:00+00:00,BikePoints_271,"London Zoo,  The Regent's Park",51.535836,-0.156285,10,0,10,32,22,0
2026-08-16 22:30:00+00:00,BikePoints_272,"Baylis Road, Waterloo",51.501444,-0.110699,0,0,0,22,20,2
2026-08-16 22:30:00+00:00,BikePoints_273,"Belvedere Road 1, South Bank",51.506133,-0.114686,18,1,17,38,16,4
2026-08-16 22:30:00+00:00,BikePoints_274,"Warwick Road, Olympia",51.496712,-0.205284,13,5,8,36,23,0
2026-08-16 22:30:00+00:00,BikePoints_275,"Barbican Centre, Barbican",51.520044,-0.092176,0,0,0,19,18,1
2026-08-16 22:30:00+00:00,BikePoints_276,"Lower Thames Street, Monument",51.509301,-0.084985,1,0,1,24,22,1
2026-08-16 22:30:00+00:00,BikePoints_277,"Kensington Church Street, Kensington",51.503157,-0.191496,8,1,7,17,7,2
2026-08-16 22:30:00+00:00,BikePoints_278,"Tooley Street, Bermondsey",51.503493,-0.07962,10,7,3,27,13,4
2026-08-16 22:30:00+00:00,BikePoints_279,"North Wharf Road, Paddington",51.518623,-0.176603,6,3,3,23,16,1
2026-08-16 22:30:00+00:00,BikePoints_280,"Royal Avenue 2, Chelsea",51.490083,-0.162418,9,0,9,10,1,0
2026-08-16 22:30:00+00:00,BikePoints_281,"Smith Square, Westminster",51.495805,-0.127575,11,2,9,18,7,0
2026-08-16 22:30:00+00:00,BikePoints_282,"Royal London Hospital, Whitechapel",51.518675,-0.06111,31,7,24,42,5,6
2026-08-16 22:30:00+00:00,BikePoints_283,"Kingsway, Covent Garden",51.514409,-0.118478,0,0,0,16,16,0
2026-08-16 22:30:00+00:00,BikePoints_284,"Lambeth North Station, Waterloo",51.49914,-0.112031,13,1,12,20,7,0
2026-08-16 22:30:00+00:00,BikePoints_286,"St. John's Wood Road, St. John's Wood",51.527294,-0.174653,21,4,17,35,12,2
2026-08-16 22:30:00+00:00,BikePoints_287,"Bedford Way, Bloomsbury",51.523673,-0.128377,5,2,3,23,17,1
2026-08-16 22:30:00+00:00,BikePoints_288,"Elizabeth Bridge, Victoria",51.492369,-0.147478,33,0,33,34,1,0
2026-08-16 22:30:00+00:00,BikePoints_289,"South Audley Street, Mayfair",51.50923,-0.151289,1,0,1,15,14,0
2026-08-16 22:30:00+00:00,BikePoints_290,"St Mary's Hospital, Paddington",51.518268,-0.171103,5,0,5,20,12,3
2026-08-16 22:30:00+00:00,BikePoints_291,"Claverton Street, Pimlico",51.484839,-0.138089,31,1,30,32,0,1
2026-08-16 22:30:00+00:00,BikePoints_292,"Montpelier Street, Knightsbridge",51.498884,-0.165471,8,1,7,16,8,0
2026-08-16 22:30:00+00:00,BikePoints_293,"Kensington Olympia Station, Olympia",51.498157,-0.209494,11,0,11,25,14,0
2026-08-16 22:30:00+00:00,BikePoints_294,"St. George's Square, Pimlico",51.488226,-0.135635,13,1,12,16,1,2
2026-08-16 22:30:00+00:00,BikePoints_295,"Swan Street, The Borough",51.500296,-0.092762,5,0,5,27,21,1
2026-08-16 22:30:00+00:00,BikePoints_296,"Knaresborough Place, Earl's Court",51.493631,-0.190603,6,1,5,18,10,2
2026-08-16 22:30:00+00:00,BikePoints_297,"Geraldine Street, Elephant & Castle",51.496127,-0.106,13,2,11,17,3,1
2026-08-16 22:30:00+00:00,BikePoints_298,"Curlew Street, Shad Thames",51.502279,-0.074189,13,3,10,21,4,4
2026-08-16 22:30:00+00:00,BikePoints_299,"Vincent Square, Westminster",51.493985,-0.136928,16,0,16,19,3,0
2026-08-16 22:30:00+00:00,BikePoints_300,"Serpentine Car Park, Hyde Park",51.505014,-0.17306,4,0,4,18,11,3
2026-08-16 22:30:00+00:00,BikePoints_301,"Marylebone Lane, Marylebone",51.514759,-0.148105,2,1,1,24,18,4
2026-08-16 22:30:00+00:00,BikePoints_302,"Putney Pier, Wandsworth",51.466907,-0.216573,21,4,17,28,4,3
2026-08-16 22:30:00+00:00,BikePoints_303,"Albert Gate, Hyde Park",51.502953,-0.158456,1,0,1,34,28,5
2026-08-16 22:30:00+00:00,BikePoints_306,"Rathbone Street, Fitzrovia",51.518162,-0.135025,0,0,0,16,14,2
2026-08-16 22:30:00+00:00,BikePoints_307,"Black Lion Gate, Kensington Gardens",51.509908,-0.187842,20,10,10,24,0,4
2026-08-16 22:30:00+00:00,BikePoints_308,"Long Lane , Bermondsey",51.499075,-0.085666,18,3,15,20,2,0
2026-08-16 22:30:00+00:00,BikePoints_309,"Embankment (Savoy), Strand",51.509631,-0.119047,1,1,0,41,39,1
2026-08-16 22:30:00+00:00,BikePoints_310,"Black Prince Road, Vauxhall",51.490867,-0.116911,13,2,11,19,5,1
2026-08-16 22:30:00+00:00,BikePoints_311,"Foley Street, Fitzrovia",51.519181,-0.140485,4,1,3,24,20,0
2026-08-16 22:30:00+00:00,BikePoints_312,"Grove End Road, St. John's Wood",51.530889,-0.17677,18,5,13,20,0,2
2026-08-16 22:30:00+00:00,BikePoints_313,"Wells Street, Fitzrovia",51.517344,-0.138072,2,1,1,38,33,3
2026-08-16 22:30:00+00:00,BikePoints_314,"Tyers Gate, Bermondsey",51.500889,-0.083159,33,1,32,36,1,2
2026-08-16 22:30:00+00:00,BikePoints_315,"The Tennis Courts, The Regent's Park",51.525367,-0.153463,7,7,0,16,8,1
2026-08-16 22:30:00+00:00,BikePoints_316,"Warwick Row, Westminster",51.497998,-0.14296,1,0,1,21,17,3
2026-08-16 22:30:00+00:00,BikePoints_317,"Dickens Square, Borough",51.496791,-0.093913,6,0,6,32,26,0
2026-08-16 22:30:00+00:00,BikePoints_318,"Sackville Street, Mayfair",51.510048,-0.138846,2,2,0,18,15,1
2026-08-16 22:30:00+00:00,BikePoints_319,"Baldwin Street, St. Luke's",51.527025,-0.088542,6,1,5,21,13,2
2026-08-16 22:30:00+00:00,BikePoints_320,"Queen Mother Sports Centre, Victoria",51.493573,-0.139956,21,0,21,26,5,0
2026-08-16 22:30:00+00:00,BikePoints_321,"Bermondsey Street, Bermondsey",51.497855,-0.081608,14,1,13,24,9,1
2026-08-16 22:30:00+00:00,BikePoints_322,"Palissy Street, Shoreditch",51.526293,-0.073955,24,1,23,26,0,2
2026-08-16 22:30:00+00:00,BikePoints_323,"Clifton Street, Shoreditch",51.523196,-0.083067,6,1,5,24,18,0
2026-08-16 22:30:00+00:00,BikePoints_324,"Ontario Street, Elephant & Castle",51.49652,-0.101384,10,0,10,15,4,1
2026-08-16 22:30:00+00:00,BikePoints_326,"Graham Street, Angel",51.532661,-0.099981,19,1,18,26,6,1
2026-08-16 22:30:00+00:00,BikePoints_327,"Westbourne Green, Westbourne",51.522168,-0.192814,9,1,8,21,11,1
2026-08-16 22:30:00+00:00,BikePoints_328,"New North Road 2, Hoxton",51.53114,-0.086016,4,2,2,22,18,0
2026-08-16 22:30:00+00:00,BikePoints_329,"Prince Albert Road, The Regent's Park",51.535892,-0.160854,4,3,1,24,16,4
2026-08-16 22:30:00+00:00,BikePoints_330,"Eastbourne Mews, Paddington",51.516417,-0.179135,12,4,8,34,20,2
2026-08-16 22:30:00+00:00,BikePoints_331,"Bunhill Row, Moorgate",51.520858,-0.089887,0,0,0,30,26,4
2026-08-16 22:30:00+00:00,BikePoints_332,"Nevern Place, Earl's Court",51.493343,-0.194757,8,0,8,20,11,1
2026-08-16 22:30:00+00:00,BikePoints_333,"Palace Gardens Terrace, Notting Hill",51.508605,-0.193764,12,5,7,37,24,1
2026-08-16 22:30:00+00:00,BikePoints_334,"Agar Grove, Camden Town",51.542891,-0.132253,13,4,9,18,5,0
2026-08-16 22:30:00+00:00,BikePoints_335,"Tavistock Street, Covent Garden",51.511968,-0.120718,0,0,0,33,30,3
2026-08-16 22:30:00+00:00,BikePoints_336,"Concert Hall Approach, South Bank",51.504841,-0.115153,20,0,20,30,8,2
2026-08-16 22:30:00+00:00,BikePoints_337,"Pembridge Villas, Notting Hill",51.511084,-0.197524,7,2,5,16,8,1
2026-08-16 22:30:00+00:00,BikePoints_338,"Wellington Street , Strand",51.511756,-0.119643,1,1,0,24,19,4
2026-08-16 22:30:00+00:00,BikePoints_340,"Bank of England Museum, Bank",51.514441,-0.087587,0,0,0,16,14,2
2026-08-16 22:30:00+00:00,BikePoints_341,"Craven Street, Strand",51.508103,-0.126021,0,0,0,23,21,2
2026-08-16 22:30:00+00:00,BikePoints_344,"Goswell Road (City Uni), Finsbury",51.528246,-0.101026,10,1,9,16,5,1
2026-08-16 22:30:00+00:00,BikePoints_345,"Flood Street, Chelsea",51.488023,-0.166878,4,0,4,33,28,1
2026-08-16 22:30:00+00:00,BikePoints_348,"Grosvenor Square, Mayfair",51.51217,-0.150481,2,1,1,17,11,4
2026-08-16 22:30:00+00:00,BikePoints_349,"St. George Street, Mayfair",51.51196,-0.142783,0,0,0,18,16,2
2026-08-16 22:30:00+00:00,BikePoints_350,"Queen's Gate, Kensington Gardens",51.501715,-0.179854,5,3,2,21,12,4
2026-08-16 22:30:00+00:00,BikePoints_351,"Macclesfield Rd, St Lukes",51.529423,-0.097122,10,1,9,28,16,2
2026-08-16 22:30:00+00:00,BikePoints_352,"Vauxhall Street, Vauxhall",51.486965,-0.116625,15,2,13,19,4,0
2026-08-16 22:30:00+00:00,BikePoints_353,"Greycoat Street , Westminster",51.494591,-0.134234,13,0,13,17,4,0
2026-08-16 22:30:00+00:00,BikePoints_354,"Northumberland Avenue, Strand",51.506767,-0.123702,2,0,2,37,35,0
2026-08-16 22:30:00+00:00,BikePoints_355,"Clapham Common Station, Clapham Common",51.461388,-0.139221,18,0,18,21,1,2
2026-08-16 22:30:00+00:00,BikePoints_356,"South Kensington Station, South Kensington",51.494412,-0.173881,2,0,2,15,12,1
2026-08-16 22:30:00+00:00,BikePoints_357,"Howland Street, Fitzrovia",51.520994,-0.139016,9,1,8,30,21,0
2026-08-16 22:30:00+00:00,BikePoints_358,"High Holborn , Covent Garden",51.516398,-0.124257,0,0,0,20,20,0
2026-08-16 22:30:00+00:00,BikePoints_359,"Butler Place, Westminster",51.497829,-0.13544,0,0,0,18,17,1
2026-08-16 22:30:00+00:00,BikePoints_360,"Howick Place, Westminster",51.496753,-0.138733,0,0,0,27,26,1
2026-08-16 22:30:00+00:00,BikePoints_361,"Waterloo Station 2, Waterloo",51.503919,-0.113426,16,2,14,55,39,0
2026-08-16 22:30:00+00:00,BikePoints_362,"Royal College Street, Camden Town",51.536264,-0.133952,46,3,43,57,8,3
2026-08-16 22:30:00+00:00,BikePoints_363,"Lord's, St. John's Wood",51.529121,-0.171185,10,0,10,24,13,1
2026-08-16 22:30:00+00:00,BikePoints_364,"Store Street, Bloomsbury",51.519572,-0.13214,5,4,1,32,26,1
2026-08-16 22:30:00+00:00,BikePoints_365,"City Road, Angel",51.530344,-0.100168,26,6,20,47,18,3
2026-08-16 22:30:00+00:00,BikePoints_367,"Harrowby Street, Marylebone",51.517372,-0.164207,1,0,1,16,13,2
2026-08-16 22:30:00+00:00,BikePoints_368,"Lowndes Square, Knightsbridge",51.50058,-0.158837,0,0,0,23,22,1
2026-08-16 22:30:00+00:00,BikePoints_370,"Paddington Green, Paddington",51.520205,-0.174593,9,3,6,20,11,0
2026-08-16 22:30:00+00:00,BikePoints_371,"Brockwell Lido, Brixton",51.453118,-0.104955,26,0,26,30,3,1
2026-08-16 22:30:00+00:00,BikePoints_372,"Sardinia Street, Holborn",51.515208,-0.117863,0,0,0,24,24,0
2026-08-16 22:30:00+00:00,BikePoints_373,"Prince Consort Road, Knightsbridge",51.499806,-0.176415,0,0,0,18,17,1
2026-08-16 22:30:00+00:00,BikePoints_374,"Waterloo Station 1, Waterloo",51.504027,-0.113864,10,0,10,36,21,5
2026-08-16 22:30:00+00:00,BikePoints_375,"Kensington Town Hall, Kensington",51.501945,-0.194392,3,0,3,18,14,1
2026-08-16 22:30:00+00:00,BikePoints_376,"Millbank Tower, Pimlico",51.491884,-0.125674,3,1,2,24,19,2
2026-08-16 22:30:00+00:00,BikePoints_377,"Waterloo Bridge, South Bank",51.505354,-0.113656,11,3,8,15,3,1
2026-08-16 22:30:00+00:00,BikePoints_378,"Natural History Museum, South Kensington",51.495592,-0.179077,2,0,2,42,39,1
2026-08-16 22:30:00+00:00,BikePoints_379,"Turquoise Island, Notting Hill",51.514311,-0.200838,6,0,6,21,15,0
2026-08-16 22:30:00+00:00,BikePoints_380,"Stanhope Gate, Mayfair",51.506864,-0.150666,3,0,3,21,18,0
2026-08-16 22:30:00+00:00,BikePoints_381,"Charlotte Street, Fitzrovia",51.51953,-0.135777,0,0,0,14,14,0
2026-08-16 22:30:00+00:00,BikePoints_382,"Farm Street, Mayfair",51.509351,-0.147449,0,0,0,15,15,0
2026-08-16 22:30:00+00:00,BikePoints_383,"Frith Street, Soho",51.513103,-0.131213,0,0,0,18,16,2
2026-08-16 22:30:00+00:00,BikePoints_384,"Marloes Road, Kensington",51.496481,-0.192404,3,0,3,15,12,0
2026-08-16 22:30:00+00:00,BikePoints_386,"Moor Street, Soho",51.513527,-0.13011,1,1,0,16,11,4
2026-08-16 22:30:00+00:00,BikePoints_387,"Fire Brigade Pier, Vauxhall",51.493699,-0.121394,1,0,1,30,26,3
2026-08-16 22:30:00+00:00,BikePoints_388,"Southampton Street, Strand",51.510701,-0.121723,2,0,2,14,11,1
2026-08-16 22:30:00+00:00,BikePoints_389,"Upper Grosvenor Street, Mayfair",51.51013,-0.155757,2,0,2,18,16,0
2026-08-16 22:30:00+00:00,BikePoints_390,"Buxton Street 1, Shoreditch",51.521776,-0.068856,8,0,8,41,32,1
2026-08-16 22:30:00+00:00,BikePoints_391,"Clifford Street, Mayfair",51.510662,-0.142345,2,1,1,17,14,1
2026-08-16 22:30:00+00:00,BikePoints_392,"Imperial College, Knightsbridge",51.499428,-0.179702,0,0,0,33,32,1
2026-08-16 22:30:00+00:00,BikePoints_393,"Snow Hill, Farringdon",51.517334,-0.103604,2,0,2,15,13,0
2026-08-16 22:30:00+00:00,BikePoints_394,"Aberdeen Place, St. John's Wood",51.524826,-0.176268,17,5,12,18,0,1
2026-08-16 22:30:00+00:00,BikePoints_395,"Cadogan Gardens, Chelsea",51.492462,-0.159919,3,1,2,15,11,1
2026-08-16 22:30:00+00:00,BikePoints_396,"Shouldham Street, Marylebone",51.51809,-0.163609,2,0,2,16,13,1
2026-08-16 22:30:00+00:00,BikePoints_397,"Devonshire Terrace, Bayswater",51.51348,-0.17977,10,5,5,16,2,4
2026-08-16 22:30:00+00:00,BikePoints_398,"Holland Park, Kensington",51.502319,-0.200742,18,0,18,30,12,0
2026-08-16 22:30:00+00:00,BikePoints_399,"Brick Lane Market, Shoreditch",51.522617,-0.071653,10,1,9,24,13,1
2026-08-16 22:30:00+00:00,BikePoints_400,"George Street, Marylebone",51.517703,-0.154106,14,0,14,27,13,0
2026-08-16 22:30:00+00:00,BikePoints_401,"Columbia Road, Shoreditch",51.528187,-0.075375,12,0,12,24,11,1
2026-08-16 22:30:00+00:00,BikePoints_402,"Penfold Street, Marylebone",51.522892,-0.171681,0,0,0,15,14,1
2026-08-16 22:30:00+00:00,BikePoints_403,"George Place Mews, Marylebone",51.516892,-0.158249,3,1,2,16,11,2
2026-08-16 22:30:00+00:00,BikePoints_404,"Palace Gate, Kensington Gardens",51.502042,-0.1844,8,0,8,13,0,5
2026-08-16 22:30:00+00:00,BikePoints_405,"Gloucester Road Station, South Kensington",51.494185,-0.18267,2,1,1,15,12,1
2026-08-16 22:30:00+00:00,BikePoints_408,"Sun Street, Liverpool Street",51.520009,-0.083935,3,1,2,24,21,0
2026-08-16 22:30:00+00:00,BikePoints_409,"Strata, Elephant & Castle",51.493146,-0.099828,13,6,7,41,20,8
2026-08-16 22:30:00+00:00,BikePoints_410,"Orchard Place, Blackwall Tunnel",51.510212,0.004979,15,3,12,24,8,1
2026-08-16 22:30:00+00:00,BikePoints_411,"Rotherhithe Roundabout, Rotherhithe",51.499169,-0.055846,17,1,16,19,1,1
2026-08-16 22:30:00+00:00,BikePoints_412,"Cleaver Street, Kennington",51.488105,-0.110121,8,0,8,17,9,0
2026-08-16 22:30:00+00:00,BikePoints_419,"Chelsea Bridge, Pimlico",51.485821,-0.149004,1,0,1,15,14,0
2026-08-16 22:30:00+00:00,BikePoints_423,"Eaton Square (South), Belgravia",51.494561,-0.153933,8,0,8,31,23,0
2026-08-16 22:30:00+00:00,BikePoints_424,"Ebury Bridge, Pimlico",51.490491,-0.149186,17,1,16,29,10,2
2026-08-16 22:30:00+00:00,BikePoints_426,"Vincent Street, Pimlico",51.493072,-0.129925,12,5,7,17,5,0
2026-08-16 22:30:00+00:00,BikePoints_427,"Cheapside, Bank",51.51397,-0.09294,0,0,0,43,43,0
2026-08-16 22:30:00+00:00,BikePoints_428,"Exhibition Road, Knightsbridge",51.499917,-0.174554,0,0,0,20,20,0
2026-08-16 22:30:00+00:00,BikePoints_430,"South Parade, Chelsea",51.48902,-0.17524,5,1,4,18,11,2
2026-08-16 22:30:00+00:00,BikePoints_431,"Crinan Street, King's Cross",51.534474,-0.122203,4,2,2,20,15,1
2026-08-16 22:30:00+00:00,BikePoints_432,"Exhibition Road Museums 1, South Kensington",51.496468,-0.173796,0,0,0,13,13,0
2026-08-16 22:30:00+00:00,BikePoints_433,"Wren Street, Holborn",51.524564,-0.116279,3,0,3,33,27,3
2026-08-16 22:30:00+00:00,BikePoints_435,"Kennington Station, Kennington",51.488852,-0.105593,6,2,4,23,17,0
2026-08-16 22:30:00+00:00,BikePoints_436,"Red Lion Street, Holborn",51.51824,-0.11655,1,1,0,36,35,0
2026-08-16 22:30:00+00:00,BikePoints_437,"Vauxhall Walk, Vauxhall",51.488124,-0.120903,19,1,18,27,8,0
2026-08-16 22:30:00+00:00,BikePoints_439,"Killick Street, King's Cross",51.5338,-0.118677,16,3,13,22,4,2
2026-08-16 22:30:00+00:00,BikePoints_440,"Kennington Oval, Oval",51.483145,-0.113134,29,0,29,33,1,3
2026-08-16 22:30:00+00:00,BikePoints_441,"Sail Street, Vauxhall",51.495656,-0.114605,13,0,13,24,10,1
2026-08-16 22:30:00+00:00,BikePoints_442,"Walmer Road, Avondale",51.510101,-0.211358,8,1,7,24,16,0
2026-08-16 22:30:00+00:00,BikePoints_443,"Philpot Street, Whitechapel",51.515256,-0.058641,6,0,6,30,21,3
2026-08-16 22:30:00+00:00,BikePoints_444,"Bethnal Green Garden, Bethnal Green",51.52568,-0.055312,1,0,1,24,22,1
2026-08-16 22:30:00+00:00,BikePoints_445,"Cheshire Street, Bethnal Green",51.52388,-0.065076,4,0,4,28,24,0
2026-08-16 22:30:00+00:00,BikePoints_446,"York Hall, Bethnal Green",51.528936,-0.055894,13,0,13,27,12,2
2026-08-16 22:30:00+00:00,BikePoints_447,"Jubilee Crescent, Cubitt Town",51.493381,-0.007542,6,1,5,54,46,2
2026-08-16 22:30:00+00:00,BikePoints_448,"Fisherman's Walk West, Canary Wharf",51.50623,-0.02296,17,1,16,36,18,1
2026-08-16 22:30:00+00:00,BikePoints_449,"Shadwell Station, Shadwell",51.511088,-0.057159,25,1,24,35,7,3
2026-08-16 22:30:00+00:00,BikePoints_450,"Jubilee Street, Stepney",51.515975,-0.053177,6,1,5,28,22,0
2026-08-16 22:30:00+00:00,BikePoints_451,"Hermitage Court, Wapping",51.504719,-0.063531,10,4,6,16,5,1
2026-08-16 22:30:00+00:00,BikePoints_452,"St. Katharine's Way, Tower",51.505697,-0.070542,1,1,0,24,21,2
2026-08-16 22:30:00+00:00,BikePoints_453,"Garnet Street, Shadwell",51.508447,-0.055167,8,0,8,24,15,1
2026-08-16 22:30:00+00:00,BikePoints_454,"Napier Avenue, Millwall",51.487679,-0.021582,15,6,9,20,3,2
2026-08-16 22:30:00+00:00,BikePoints_455,"East Ferry Road, Cubitt Town",51.49447,-0.014409,16,2,14,17,0,1
2026-08-16 22:30:00+00:00,BikePoints_456,"Albert Street, Camden Town",51.537706,-0.144801,10,4,6,26,11,5
2026-08-16 22:30:00+00:00,BikePoints_457,"Castlehaven Road, Camden Town",51.542138,-0.145393,8,3,5,29,20,1
2026-08-16 22:30:00+00:00,BikePoints_458,"Wapping Lane, Wapping",51.504749,-0.057544,9,1,8,28,16,3
2026-08-16 22:30:00+00:00,BikePoints_459,"Gunmakers Lane, Old Ford",51.535179,-0.03338,14,1,13,17,2,1
2026-08-16 22:30:00+00:00,BikePoints_461,"Aston Street, Stepney",51.516,-0.038775,9,1,8,26,17,0
2026-08-16 22:30:00+00:00,BikePoints_462,"Bonny Street, Camden Town",51.541603,-0.138853,31,10,21,45,10,4
2026-08-16 22:30:00+00:00,BikePoints_463,"Thurtle Road, Haggerston",51.534776,-0.071881,2,1,1,22,18,2
2026-08-16 22:30:00+00:00,BikePoints_464,"St. Mary & St. Michael Church, Stepney",51.51417,-0.052099,5,0,5,25,20,0
2026-08-16 22:30:00+00:00,BikePoints_465,"Pitfield Street North,Hoxton",51.53558,-0.08249,21,4,17,28,5,2
2026-08-16 22:30:00+00:00,BikePoints_466,"Whiston Road, Haggerston",51.534464,-0.076341,8,4,4,21,11,2
2026-08-16 22:30:00+00:00,BikePoints_467,"Southern Grove, Bow",51.523538,-0.030556,3,0,3,17,14,0
2026-08-16 22:30:00+00:00,BikePoints_468,"Cantrell Road, Bow",51.521564,-0.022694,20,0,20,24,2,2
2026-08-16 22:30:00+00:00,BikePoints_469,"Lindfield Street, Poplar",51.513757,-0.020467,19,1,18,44,24,1
2026-08-16 22:30:00+00:00,BikePoints_470,"Mostyn Grove, Bow",51.530535,-0.025492,17,4,13,46,28,1
2026-08-16 22:30:00+00:00,BikePoints_471,"Hewison Street, Old Ford",51.533283,-0.028155,13,4,9,19,6,0
2026-08-16 22:30:00+00:00,BikePoints_472,"Malmesbury Road, Bow",51.529452,-0.027616,8,4,4,21,12,1
2026-08-16 22:30:00+00:00,BikePoints_473,"Millharbour, Millwall",51.496137,-0.019355,8,1,7,19,7,4
2026-08-16 22:30:00+00:00,BikePoints_474,"Gascoyne Road, Victoria Park",51.541515,-0.038557,12,8,4,20,5,3
2026-08-16 22:30:00+00:00,BikePoints_475,"Lightermans Road, Millwall",51.499041,-0.020157,6,3,3,31,23,2
2026-08-16 22:30:00+00:00,BikePoints_476,"Stebondale Street, Cubitt Town",51.489096,-0.009205,5,0,5,29,20,4
2026-08-16 22:30:00+00:00,BikePoints_477,"Spindrift Avenue, Millwall",51.49109,-0.018716,17,3,14,36,18,1
2026-08-16 22:30:00+00:00,BikePoints_478,"Stepney Green Station, Stepney",51.521889,-0.04667,16,1,15,21,1,4
2026-08-16 22:30:00+00:00,BikePoints_479,"Pott Street, Bethnal Green",51.527152,-0.058005,13,1,12,20,3,4
2026-08-16 22:30:00+00:00,BikePoints_480,"Flamborough Street, Limehouse",51.512871,-0.038986,24,4,20,25,0,1
2026-08-16 22:30:00+00:00,BikePoints_481,"Saunders Ness Road, Cubitt Town",51.487129,-0.009001,11,1,10,35,21,3
2026-08-16 22:30:00+00:00,BikePoints_482,"Exhibition Road Museums 2, South Kensington",51.495947,-0.173689,0,0,0,14,14,0
2026-08-16 22:30:00+00:00,BikePoints_483,"Albert Gardens, Stepney",51.51328,-0.047784,24,2,22,33,6,3
2026-08-16 22:30:00+00:00,BikePoints_484,"Bromley High Street, Bow",51.528828,-0.013258,11,2,9,24,9,4
2026-08-16 22:30:00+00:00,BikePoints_485,"Old Ford Road, Bethnal Green",51.531127,-0.048017,14,2,12,24,4,6
2026-08-16 22:30:00+00:00,BikePoints_486,"Granby Street, Shoreditch",51.525645,-0.069543,5,0,5,37,31,1
2026-08-16 22:30:00+00:00,BikePoints_487,"Canton Street, Poplar",51.511811,-0.025626,7,1,6,23,15,1
2026-08-16 22:30:00+00:00,BikePoints_488,"Reardon Street, Wapping",51.506946,-0.058681,4,1,3,22,13,5
2026-08-16 22:30:00+00:00,BikePoints_489,"Christian Street, Whitechapel",51.513074,-0.064094,18,5,13,34,16,0
2026-08-16 22:30:00+00:00,BikePoints_490,"Pennington Street, Wapping",51.508622,-0.065006,6,3,3,45,37,2
2026-08-16 22:30:00+00:00,BikePoints_491,"Queen Mary's, Mile End",51.522507,-0.041378,6,0,6,45,34,5
2026-08-16 22:30:00+00:00,BikePoints_494,"South Quay East, Canary Wharf",51.50196,-0.016251,14,2,12,36,22,0
2026-08-16 22:30:00+00:00,BikePoints_495,"Bow Church Station, Bow",51.528169,-0.018703,24,5,19,39,14,1
2026-08-16 22:30:00+00:00,BikePoints_496,"Devons Road, Bow",51.52512,-0.015578,29,4,25,39,5,5
2026-08-16 22:30:00+00:00,BikePoints_497,"Merchant Street, Bow",51.526578,-0.027581,25,5,20,27,1,1
2026-08-16 22:30:00+00:00,BikePoints_498,"Bow Road Station, Bow",51.527058,-0.025296,8,3,5,42,33,1
2026-08-16 22:30:00+00:00,BikePoints_499,"Furze Green, Bow",51.519265,-0.021345,20,3,17,36,13,3
2026-08-16 22:30:00+00:00,BikePoints_500,"Ansell House, Stepney",51.520019,-0.05438,1,0,1,41,38,2
2026-08-16 22:30:00+00:00,BikePoints_501,"Cephas Street, Bethnal Green",51.522561,-0.054883,10,1,9,24,11,3
2026-08-16 22:30:00+00:00,BikePoints_502,"Bonner Gate, Victoria Park",51.53341,-0.049591,2,0,2,21,15,4
2026-08-16 22:30:00+00:00,BikePoints_503,"Cleveland Way, Stepney",51.520893,-0.051394,2,1,1,36,33,1
2026-08-16 22:30:00+00:00,BikePoints_504,"St. John's Park, Cubitt Town",51.496454,-0.009506,8,1,7,30,21,1
2026-08-16 22:30:00+00:00,BikePoints_505,"Ackroyd Drive, Bow",51.520398,-0.026768,20,6,14,29,4,5
2026-08-16 22:30:00+00:00,BikePoints_506,"Bell Lane, Liverpool Street",51.517475,-0.075855,0,0,0,23,22,1
2026-08-16 22:30:00+00:00,BikePoints_507,"Clarkson Street, Bethnal Green",51.528692,-0.059091,14,3,11,31,16,1
2026-08-16 22:30:00+00:00,BikePoints_508,"Fournier Street, Whitechapel",51.519362,-0.074431,2,1,1,18,14,2
2026-08-16 22:30:00+00:00,BikePoints_509,"Fore Street Avenue, Guildhall",51.517842,-0.090075,0,0,0,19,17,2
2026-08-16 22:30:00+00:00,BikePoints_510,"Westferry DLR, Limehouse",51.509303,-0.025996,16,0,16,41,23,2
2026-08-16 22:30:00+00:00,BikePoints_511,"Sutton Street, Shadwell",51.511066,-0.053558,26,2,24,33,4,3
2026-08-16 22:30:00+00:00,BikePoints_513,"Watney Market, Stepney",51.514222,-0.055656,9,2,7,51,41,1
2026-08-16 22:30:00+00:00,BikePoints_514,"Portman Square, Marylebone",51.516204,-0.155525,1,1,0,17,15,1
2026-08-16 22:30:00+00:00,BikePoints_515,"Russell Gardens, Olympia",51.500088,-0.211316,5,0,5,24,19,0
2026-08-16 22:30:00+00:00,BikePoints_516,"Chrisp Street Market, Poplar",51.5112,-0.014438,14,3,11,18,3,1
2026-08-16 22:30:00+00:00,BikePoints_517,"Ford Road, Old Ford",51.532513,-0.033085,7,0,7,18,8,3
2026-08-16 22:30:00+00:00,BikePoints_518,"Antill Road, Mile End",51.528224,-0.037471,9,1,8,30,20,1
2026-08-16 22:30:00+00:00,BikePoints_519,"Teviot Street, Poplar",51.518811,-0.011662,33,2,31,33,0,0
2026-08-16 22:30:00+00:00,BikePoints_520,"Bancroft Road, Bethnal Green",51.526041,-0.047218,18,4,14,21,1,2
2026-08-16 22:30:00+00:00,BikePoints_521,"Driffield Road, Old Ford",51.534137,-0.037366,18,0,18,19,0,1
2026-08-16 22:30:00+00:00,BikePoints_522,"Clinton Road, Mile End",51.525941,-0.036017,17,4,13,36,19,0
2026-08-16 22:30:00+00:00,BikePoints_523,"Langdon Park, Poplar",51.51549,-0.013475,16,1,15,24,7,1
2026-08-16 22:30:00+00:00,BikePoints_524,"Lancaster Gate , Bayswater",51.511654,-0.179668,24,0,24,38,13,1
2026-08-16 22:30:00+00:00,BikePoints_525,"Blythe Road, Olympia",51.496927,-0.2135,6,1,5,24,17,1
2026-08-16 22:30:00+00:00,BikePoints_526,"Lancaster Drive, Blackwall",51.503143,-0.008428,13,2,11,27,13,1
2026-08-16 22:30:00+00:00,BikePoints_527,"Hansard Mews, Holland Park",51.503802,-0.215808,12,5,7,20,8,0
2026-08-16 22:30:00+00:00,BikePoints_528,"Clarges Street, Mayfair",51.507326,-0.145827,0,0,0,16,16,0
2026-08-16 22:30:00+00:00,BikePoints_529,"Manresa Road, Chelsea",51.486892,-0.170983,3,0,3,18,13,2
2026-08-16 22:30:00+00:00,BikePoints_530,"Newby Place, Poplar",51.508896,-0.012413,17,2,15,18,0,1
2026-08-16 22:30:00+00:00,BikePoints_531,"Twig Folly Bridge, Mile End",51.530326,-0.042744,6,0,6,21,14,1
2026-08-16 22:30:00+00:00,BikePoints_532,"Jubilee Plaza, Canary Wharf",51.5034,-0.020242,0,0,0,63,59,4
2026-08-16 22:30:00+00:00,BikePoints_533,"Wellington Row, Bethnal Green",51.528222,-0.069743,23,4,19,33,9,1
2026-08-16 22:30:00+00:00,BikePoints_534,"Goldsmith's Row, Haggerston",51.531864,-0.066035,24,3,21,27,0,3
2026-08-16 22:30:00+00:00,BikePoints_536,"Queensbridge Road, Haggerston",51.53385,-0.06992,11,0,11,35,21,3
2026-08-16 22:30:00+00:00,BikePoints_537,"Old Montague Street, Whitechapel",51.51793,-0.067937,10,2,8,18,8,0
2026-08-16 22:30:00+00:00,BikePoints_538,"Naval Row, Blackwall",51.508981,-0.00699,18,3,15,21,2,1
2026-08-16 22:30:00+00:00,BikePoints_539,"Hoxton Station, Hoxton",51.531091,-0.075901,6,1,5,22,16,0
2026-08-16 22:30:00+00:00,BikePoints_541,"Green Park Station, Mayfair",51.506613,-0.142844,1,0,1,28,23,4
2026-08-16 22:30:00+00:00,BikePoints_542,"Salmon Lane, Limehouse",51.514115,-0.033828,8,3,5,33,24,1
2026-08-16 22:30:00+00:00,BikePoints_543,"Lansdowne Walk, Ladbroke Grove",51.509591,-0.204666,12,2,10,21,8,1
2026-08-16 22:30:00+00:00,BikePoints_544,"Percival Street, Finsbury",51.526153,-0.102208,2,0,2,22,18,2
2026-08-16 22:30:00+00:00,BikePoints_545,"Arlington Road, Camden Town",51.539957,-0.145246,14,0,14,24,9,1
2026-08-16 22:30:00+00:00,BikePoints_546,"New Fetter Lane, Holborn",51.517428,-0.107987,0,0,0,21,20,1
2026-08-16 22:30:00+00:00,BikePoints_547,"East India DLR, Blackwall",51.509474,-0.002275,24,7,17,51,22,5
2026-08-16 22:30:00+00:00,BikePoints_548,"Westminster Bridge Road, Elephant & Castle",51.498386,-0.107913,15,0,15,26,10,1
2026-08-16 22:30:00+00:00,BikePoints_549,"Gaywood  Street, Elephant & Castle",51.49605,-0.104193,5,1,4,45,38,2
2026-08-16 22:30:00+00:00,BikePoints_550,"Harford Street, Mile End",51.521564,-0.039264,22,0,22,23,1,0
2026-08-16 22:30:00+00:00,BikePoints_551,"Import Dock, Canary Wharf",51.505772,-0.01646,13,0,13,39,21,5
2026-08-16 22:30:00+00:00,BikePoints_552,"Watney Street, Shadwell",51.511542,-0.056667,6,0,6,27,21,0
2026-08-16 22:30:00+00:00,BikePoints_553,"Regent's Row , Haggerston",51.535678,-0.062546,6,2,4,24,16,2
2026-08-16 22:30:00+00:00,BikePoints_554,"Aberfeldy Street, Poplar",51.513548,-0.005659,11,2,9,16,0,5
2026-08-16 22:30:00+00:00,BikePoints_556,"Heron Quays DLR, Canary Wharf",51.502661,-0.021596,0,0,0,27,25,2
2026-08-16 22:30:00+00:00,BikePoints_557,"King Edward Street, St Pauls",51.51601,-0.0985,2,1,1,20,18,0
2026-08-16 22:30:00+00:00,BikePoints_558,"Page Street, Westminster",51.493978,-0.127554,8,5,3,24,14,2
2026-08-16 22:30:00+00:00,BikePoints_559,"Abbotsbury Road, Holland Park",51.501391,-0.205991,7,0,7,24,17,0
2026-08-16 22:30:00+00:00,BikePoints_560,"Ladbroke Grove Central, Ladbroke Grove",51.511624,-0.205921,6,1,5,21,14,1
2026-08-16 22:30:00+00:00,BikePoints_561,"Rectory Square, Stepney",51.518369,-0.043371,4,1,3,22,17,1
2026-08-16 22:30:00+00:00,BikePoints_562,"Bury Place, Holborn",51.51742,-0.123189,1,1,0,21,20,0
2026-08-16 22:30:00+00:00,BikePoints_563,"Preston's Road, Cubitt Town",51.499286,-0.009152,14,1,13,26,9,3
2026-08-16 22:30:00+00:00,BikePoints_564,"Somerset House, Strand",51.509943,-0.117619,2,1,1,41,38,1
2026-08-16 22:30:00+00:00,BikePoints_565,"Selby Street, Whitechapel",51.521905,-0.063386,6,2,4,17,9,2
2026-08-16 22:30:00+00:00,BikePoints_568,"Bishop's Bridge Road West, Bayswater",51.51616,-0.18697,3,0,3,18,11,4
2026-08-16 22:30:00+00:00,BikePoints_569,"Pitfield Street Central, Hoxton",51.53213,-0.08299,3,0,3,30,23,4
2026-08-16 22:30:00+00:00,BikePoints_570,"Upper Bank Street, Canary Wharf",51.503083,-0.017676,9,1,8,36,22,5
2026-08-16 22:30:00+00:00,BikePoints_571,"Westfield Southern Terrace ,Shepherd's Bush",51.506256,-0.218337,8,0,8,29,19,2
2026-08-16 22:30:00+00:00,BikePoints_572,"Greenland Road, Camden Town",51.539099,-0.141728,35,4,31,36,0,1
2026-08-16 22:30:00+00:00,BikePoints_573,"Limerston Street, West Chelsea",51.485587,-0.18119,2,2,0,18,15,1
2026-08-16 22:30:00+00:00,BikePoints_574,"Eagle Wharf Road, Hoxton",51.53356,-0.09315,17,4,13,45,23,5
2026-08-16 22:30:00+00:00,BikePoints_576,"Alpha Grove, Millwall",51.497304,-0.022793,15,4,11,23,3,5
2026-08-16 22:30:00+00:00,BikePoints_577,"Globe Town Market, Bethnal Green",51.528869,-0.047548,19,3,16,20,0,1
2026-08-16 22:30:00+00:00,BikePoints_578,"Hollybush Gardens, Bethnal Green",51.527607,-0.057133,25,1,24,32,7,0
2026-08-16 22:30:00+00:00,BikePoints_579,"Queen Street 2, Bank",51.511246,-0.093051,3,0,3,36,32,1
2026-08-16 22:30:00+00:00,BikePoints_580,"Doddington Grove, Kennington",51.486929,-0.102996,24,5,19,36,11,1
2026-08-16 22:30:00+00:00,BikePoints_581,"New Cavendish Street, Marylebone",51.519167,-0.147983,4,1,3,18,12,2
2026-08-16 22:30:00+00:00,BikePoints_583,"Abingdon Green, Westminster",51.49764,-0.125972,0,0,0,20,20,0
2026-08-16 22:30:00+00:00,BikePoints_584,"Ilchester Gardens, Bayswater",51.51244,-0.19096,11,4,7,21,10,0
2026-08-16 22:30:00+00:00,BikePoints_586,"Mudchute DLR, Cubitt Town",51.490645,-0.014582,14,1,13,31,16,1
2026-08-16 22:30:00+00:00,BikePoints_587,"Monument Street, Monument",51.50964,-0.08497,4,0,4,22,17,1
2026-08-16 22:30:00+00:00,BikePoints_589,"Drayton Gardens, West Chelsea",51.487196,-0.179369,3,0,3,18,15,0
2026-08-16 22:30:00+00:00,BikePoints_590,"Greenberry Street, St.John's Wood",51.53256,-0.16862,19,1,18,26,7,0
2026-08-16 22:30:00+00:00,BikePoints_591,"Westfield Library Corner, Shepherd's Bush",51.506093,-0.224223,17,2,15,27,10,0
2026-08-16 22:30:00+00:00,BikePoints_592,"Bishop's Bridge Road East, Bayswater",51.5171,-0.18377,2,1,1,20,18,0
2026-08-16 22:30:00+00:00,BikePoints_593,"Northdown Street, King's Cross",51.531066,-0.11934,10,2,8,21,8,3
2026-08-16 22:30:00+00:00,BikePoints_594,"Kingsway Southbound, Strand",51.513875,-0.117774,0,0,0,33,32,1
2026-08-16 22:30:00+00:00,BikePoints_595,"Hammersmith Road, Hammersmith",51.493267,-0.21985,0,0,0,22,21,1
2026-08-16 22:30:00+00:00,BikePoints_596,"Parson's Green , Parson's Green",51.472817,-0.199783,9,1,8,21,12,0
2026-08-16 22:30:00+00:00,BikePoints_597,"Fulham Park Road, Fulham",51.473471,-0.20782,5,1,4,27,22,0
2026-08-16 22:30:00+00:00,BikePoints_598,"Southerton Road, Hammersmith",51.494499,-0.228188,22,2,20,38,14,2
2026-08-16 22:30:00+00:00,BikePoints_599,"Manbre Road, Hammersmith",51.485743,-0.223616,10,0,10,28,18,0
2026-08-16 22:30:00+00:00,BikePoints_600,"South Lambeth Road, Vauxhall",51.481747,-0.124642,15,4,11,21,1,5
2026-08-16 22:30:00+00:00,BikePoints_602,"Union Grove, Wandsworth Road",51.472993,-0.133972,30,1,29,45,14,1
2026-08-16 22:30:00+00:00,BikePoints_603,"Caldwell Street, Stockwell",51.477839,-0.116493,24,0,24,44,20,0
2026-08-16 22:30:00+00:00,BikePoints_604,"St Martins Close, Camden Town",51.538792,-0.138535,17,8,9,18,0,1
2026-08-16 22:30:00+00:00,BikePoints_605,"Seymour Place, Marylebone",51.520331,-0.163667,2,0,2,29,25,2
2026-08-16 22:30:00+00:00,BikePoints_606,"Addison Road, Holland Park",51.504199,-0.210941,4,0,4,26,21,1
2026-08-16 22:30:00+00:00,BikePoints_607,"Putney Bridge Station, Fulham",51.468814,-0.210279,9,1,8,21,12,0
2026-08-16 22:30:00+00:00,BikePoints_608,"Colet Gardens, Hammersmith",51.491093,-0.216493,4,1,3,30,26,0
2026-08-16 22:30:00+00:00,BikePoints_609,"Sugden Road, Clapham",51.465123,-0.157788,15,7,8,19,1,3
2026-08-16 22:30:00+00:00,BikePoints_610,"Danvers Street, West Chelsea",51.482567,-0.172078,5,1,4,21,14,2
2026-08-16 22:30:00+00:00,BikePoints_611,"Princedale Road , Holland Park",51.506465,-0.208486,11,2,9,20,5,4
2026-08-16 22:30:00+00:00,BikePoints_612,"Wandsworth Rd, Isley Court, Wandsworth Road",51.469259,-0.141812,24,3,21,30,6,0
2026-08-16 22:30:00+00:00,BikePoints_613,"Woodstock Grove, Shepherd's Bush",51.504038,-0.2174,1,1,0,24,21,2
2026-08-16 22:30:00+00:00,BikePoints_615,"Finlay Street, Fulham",51.476885,-0.215895,19,1,18,24,5,0
2026-08-16 22:30:00+00:00,BikePoints_616,"Aintree Street, Fulham",51.481021,-0.209973,13,6,7,24,9,2
2026-08-16 22:30:00+00:00,BikePoints_617,"Elysium Place, Fulham",51.471079,-0.207842,14,2,12,21,6,1
2026-08-16 22:30:00+00:00,BikePoints_618,"Eel Brook Common, Walham Green",51.476259,-0.193254,23,1,22,24,1,0
2026-08-16 22:30:00+00:00,BikePoints_619,"Irene Road, Parsons Green",51.473763,-0.19701,17,0,17,23,6,0
2026-08-16 22:30:00+00:00,BikePoints_620,"Surrey Lane, Battersea",51.47518,-0.16716,24,3,21,26,1,1
2026-08-16 22:30:00+00:00,BikePoints_621,"Wandsworth Town Station, Wandsworth",51.460864,-0.187427,30,1,29,33,0,3
2026-08-16 22:30:00+00:00,BikePoints_622,"Lansdowne Road, Ladbroke Grove",51.507481,-0.205535,20,4,16,29,9,0
2026-08-16 22:30:00+00:00,BikePoints_623,"Nantes Close, Wandsworth",51.46193,-0.180791,17,0,17,22,4,1
2026-08-16 22:30:00+00:00,BikePoints_624,"Courland Grove, Wandsworth Road",51.472918,-0.132102,37,1,36,40,0,3
2026-08-16 22:30:00+00:00,BikePoints_625,"Queen's Circus, Battersea Park",51.477619,-0.149551,23,3,20,28,5,0
2026-08-16 22:30:00+00:00,BikePoints_626,"Normand Park, West Kensington",51.484386,-0.204815,18,1,17,24,6,0
2026-08-16 22:30:00+00:00,BikePoints_627,"Holden Street, Battersea",51.46879,-0.15823,18,1,17,20,1,1
2026-08-16 22:30:00+00:00,BikePoints_628,"William Morris Way, Sands End",51.468819,-0.184318,24,1,23,26,2,0
2026-08-16 22:30:00+00:00,BikePoints_629,"Morie Street, Wandsworth",51.459953,-0.190184,25,2,23,28,1,2
2026-08-16 22:30:00+00:00,BikePoints_630,"Clarence Walk, Stockwell",51.470732,-0.126994,27,1,26,28,1,0
2026-08-16 22:30:00+00:00,BikePoints_631,"Battersea Park Road, Nine Elms",51.479501,-0.14177,1,1,0,27,21,5
2026-08-16 22:30:00+00:00,BikePoints_632,"Sheepcote Lane, Battersea",51.470538,-0.163041,26,0,26,28,1,1
2026-08-16 22:30:00+00:00,BikePoints_633,"Vereker Road, West Kensington",51.489591,-0.209378,7,1,6,32,24,1
2026-08-16 22:30:00+00:00,BikePoints_634,"Brook Green South, Brook Green",51.494347,-0.215804,2,0,2,33,30,1
2026-08-16 22:30:00+00:00,BikePoints_635,"Greyhound Road, Hammersmith",51.486062,-0.214428,24,6,18,37,12,1
2026-08-16 22:30:00+00:00,BikePoints_636,"South Park, Sands End",51.467064,-0.193502,23,2,21,28,4,1
2026-08-16 22:30:00+00:00,BikePoints_638,"Falcon Road, Clapham Junction",51.466633,-0.169821,19,2,17,28,7,2
2026-08-16 22:30:00+00:00,BikePoints_640,"Silverthorne Road, Battersea",51.472865,-0.148059,16,0,16,28,10,2
2026-08-16 22:30:00+00:00,BikePoints_641,"Archbishop's Park, Waterloo",51.498241,-0.117495,9,0,9,23,14,0
2026-08-16 22:30:00+00:00,BikePoints_642,"Fawcett Close, Battersea",51.469161,-0.174485,16,2,14,30,11,3
2026-08-16 22:30:00+00:00,BikePoints_643,"All Saints' Road, Portobello",51.519042,-0.204764,4,4,0,22,18,0
2026-08-16 22:30:00+00:00,BikePoints_644,"Rainville Road, Hammersmith",51.483732,-0.223852,3,0,3,36,31,2
2026-08-16 22:30:00+00:00,BikePoints_645,"Great Suffolk Street, The Borough",51.501732,-0.100292,4,2,2,21,14,3
2026-08-16 22:30:00+00:00,BikePoints_646,"Buckingham Gate, Westminster",51.498865,-0.137424,2,2,0,16,10,4
2026-08-16 22:30:00+00:00,BikePoints_647,"Richmond Way, Shepherd's Bush",51.500353,-0.217515,8,0,8,27,19,0
2026-08-16 22:30:00+00:00,BikePoints_648,"Peterborough Road, Sands End",51.46904,-0.196274,12,1,11,20,8,0
2026-08-16 22:30:00+00:00,BikePoints_649,"World's End Place, West Chelsea",51.481805,-0.180274,5,0,5,22,16,1
2026-08-16 22:30:00+00:00,BikePoints_650,"St. Mark's Road, North Kensington",51.51687,-0.213872,12,6,6,21,9,0
2026-08-16 22:30:00+00:00,BikePoints_651,"Thorndike Close, West Chelsea",51.480898,-0.183853,7,3,4,25,18,0
2026-08-16 22:30:00+00:00,BikePoints_652,"Evesham Street, Avondale",51.511486,-0.21819,7,1,6,20,13,0
2026-08-16 22:30:00+00:00,BikePoints_653,"Simpson Street, Clapham Junction",51.470847,-0.170703,23,2,21,25,1,1
2026-08-16 22:30:00+00:00,BikePoints_654,"Ashmole Estate, Oval",51.482678,-0.117661,19,1,18,34,14,1
2026-08-16 22:30:00+00:00,BikePoints_655,"Crabtree Lane, Fulham",51.482944,-0.219346,22,2,20,27,4,1
2026-08-16 22:30:00+00:00,BikePoints_656,"Broomhouse Lane, Parsons Green",51.468418,-0.199135,21,1,20,29,8,0
2026-08-16 22:30:00+00:00,BikePoints_657,"Blythe Road West, Shepherd's Bush",51.49968,-0.221791,3,0,3,21,18,0
2026-08-16 22:30:00+00:00,BikePoints_658,"Ethelburga Estate, Battersea Park",51.477292,-0.164786,19,5,14,30,9,2
2026-08-16 22:30:00+00:00,BikePoints_659,"Blackfriars Station, St. Paul's",51.511934,-0.103078,5,0,5,35,28,2
2026-08-16 22:30:00+00:00,BikePoints_660,"West Kensington Station, West Kensington",51.49087,-0.206029,14,3,11,22,7,1
2026-08-16 22:30:00+00:00,BikePoints_661,"All Saints Church, Portobello",51.51632,-0.202608,7,1,6,37,29,1
2026-08-16 22:30:00+00:00,BikePoints_662,"Phene Street, Chelsea",51.484984,-0.167919,3,1,2,24,20,1
2026-08-16 22:30:00+00:00,BikePoints_663,"Clarendon Road, Avondale",51.51323,-0.211593,5,2,3,24,17,2
2026-08-16 22:30:00+00:00,BikePoints_664,"Austin Road, Battersea Park",51.474376,-0.155442,19,0,19,24,4,1
2026-08-16 22:30:00+00:00,BikePoints_665,"Smugglers Way, Wandsworth",51.461083,-0.191722,25,2,23,27,2,0
2026-08-16 22:30:00+00:00,BikePoints_666,"Harris Academy, Bermondsey",51.492668,-0.07235,14,3,11,18,2,2
2026-08-16 22:30:00+00:00,BikePoints_667,"Shepherd's Bush Road North, Shepherd's Bush",51.501594,-0.222293,29,0,29,34,1,4
2026-08-16 22:30:00+00:00,BikePoints_668,"Ravenscourt Park Station, Hammersmith",51.494223,-0.236769,11,3,8,26,12,3
2026-08-16 22:30:00+00:00,BikePoints_669,"Teversham Lane, Stockwell",51.476149,-0.123258,26,5,21,39,12,1
2026-08-16 22:30:00+00:00,BikePoints_670,"Ashley Crescent, Battersea",51.467185,-0.152248,22,6,16,28,3,3
2026-08-16 22:30:00+00:00,BikePoints_671,"Parsons Green Station, Parsons Green",51.475089,-0.201968,33,3,30,56,21,2
2026-08-16 22:30:00+00:00,BikePoints_672,"Chicheley Street, South Bank",51.502698,-0.116747,12,5,7,24,11,1
2026-08-16 22:30:00+00:00,BikePoints_673,"Hibbert Street, Battersea",51.46517,-0.180389,32,1,31,36,4,0
2026-08-16 22:30:00+00:00,BikePoints_674,"Carnegie Street, King's Cross",51.535467,-0.116191,14,2,12,40,24,2
2026-08-16 22:30:00+00:00,BikePoints_675,"Usk Road, Clapham Junction",51.463489,-0.182126,22,0,22,30,6,2
2026-08-16 22:30:00+00:00,BikePoints_676,"Hartington Road, Stockwell",51.47787,-0.126874,30,2,28,35,5,0
2026-08-16 22:30:00+00:00,BikePoints_677,"Heath Road, Battersea",51.468669,-0.146544,23,2,21,27,4,0
2026-08-16 22:30:00+00:00,BikePoints_678,"Esmond Street, Putney",51.462312,-0.211468,29,7,22,30,1,0
2026-08-16 22:30:00+00:00,BikePoints_679,"Orbel Street, Battersea",51.474535,-0.17021,20,2,18,26,6,0
2026-08-16 22:30:00+00:00,BikePoints_680,"Westbridge Road, Battersea",51.477684,-0.170329,24,3,21,28,1,3
2026-08-16 22:30:00+00:00,BikePoints_681,"Bishop's Avenue, Fulham",51.473036,-0.214749,23,1,22,46,21,2
2026-08-16 22:30:00+00:00,BikePoints_682,"Crisp Road, Hammersmith",51.488108,-0.226606,24,0,24,46,21,1
2026-08-16 22:30:00+00:00,BikePoints_683,"Dorothy Road, Clapham Junction",51.465064,-0.16375,14,1,13,28,13,1
2026-08-16 22:30:00+00:00,BikePoints_684,"Neville Gill Close, Wandsworth",51.454752,-0.195197,30,1,29,32,0,2
2026-08-16 22:30:00+00:00,BikePoints_685,"Osiers Road, Wandsworth",51.46067,-0.198735,13,2,11,30,15,2
2026-08-16 22:30:00+00:00,BikePoints_686,"Beryl Road, Hammersmith",51.488144,-0.222456,7,0,7,26,19,0
2026-08-16 22:30:00+00:00,BikePoints_687,"Clements Road, Bermondsey",51.4954,-0.061698,9,1,8,23,11,3
2026-08-16 22:30:00+00:00,BikePoints_688,"Northfields, Wandsworth",51.460951,-0.200667,22,1,21,28,6,0
2026-08-16 22:30:00+00:00,BikePoints_689,"Spanish Road, Clapham Junction",51.459225,-0.180884,17,3,14,30,13,0
2026-08-16 22:30:00+00:00,BikePoints_690,"Stanley Grove, Battersea",51.470475,-0.15213,21,2,19,24,2,1
2026-08-16 22:30:00+00:00,BikePoints_691,"Erin Close, Walham Green",51.479463,-0.195777,16,1,15,24,8,0
2026-08-16 22:30:00+00:00,BikePoints_692,"Cadogan Close, Victoria Park",51.542118,-0.028941,13,3,10,22,6,3
2026-08-16 22:30:00+00:00,BikePoints_693,"Felsham Road, Putney",51.464786,-0.215618,16,1,15,18,1,1
2026-08-16 22:30:00+00:00,BikePoints_694,"Putney Rail Station, Putney",51.460717,-0.216526,18,7,11,20,1,1
2026-08-16 22:30:00+00:00,BikePoints_695,"Islington Green, Angel",51.536384,-0.102757,10,2,8,21,8,3
2026-08-16 22:30:00+00:00,BikePoints_696,"Charing Cross Hospital, Hammersmith",51.487285,-0.217995,18,2,16,21,3,0
2026-08-16 22:30:00+00:00,BikePoints_697,"Charlotte Terrace, Angel",51.536392,-0.112721,13,7,6,25,10,2
2026-08-16 22:30:00+00:00,BikePoints_698,"Shoreditch Court, Haggerston",51.539083,-0.070329,22,9,13,35,13,0
2026-08-16 22:30:00+00:00,BikePoints_699,"Belford House, Haggerston",51.536654,-0.07023,14,1,13,39,25,0
2026-08-16 22:30:00+00:00,BikePoints_700,"Battersea Church Road, Battersea",51.476964,-0.174347,18,7,11,25,5,2
2026-08-16 22:30:00+00:00,BikePoints_701,"Vicarage Crescent, Battersea",51.472876,-0.176267,20,3,17,30,10,0
2026-08-16 22:30:00+00:00,BikePoints_702,"Durant Street, Bethnal Green",51.528681,-0.06555,14,2,12,24,10,0
2026-08-16 22:30:00+00:00,BikePoints_703,"St. Bride Street, Holborn",51.514665,-0.104583,2,1,1,24,19,3
2026-08-16 22:30:00+00:00,BikePoints_704,"Mexfield Road, East Putney",51.45682,-0.202802,5,5,0,18,11,2
2026-08-16 22:30:00+00:00,BikePoints_705,"Upper Richmond Road, Putney",51.459715,-0.212145,22,6,16,25,1,2
2026-08-16 22:30:00+00:00,BikePoints_706,"Snowsfields, London Bridge",51.502153,-0.083632,2,0,2,31,27,2
2026-08-16 22:30:00+00:00,BikePoints_707,"Barons Court Station, West Kensington",51.490217,-0.215087,26,0,26,32,5,1
2026-08-16 22:30:00+00:00,BikePoints_708,"Disraeli Road, Putney",51.46161,-0.216145,29,0,29,33,3,1
2026-08-16 22:30:00+00:00,BikePoints_709,"Montserrat Road , Putney",51.463211,-0.21555,23,0,23,23,0,0
2026-08-16 22:30:00+00:00,BikePoints_710,"Albert Bridge Road, Battersea Park",51.474392,-0.163347,18,1,17,20,0,2
2026-08-16 22:30:00+00:00,BikePoints_711,"Everington Street, Fulham",51.483356,-0.216305,8,4,4,31,22,1
2026-08-16 22:30:00+00:00,BikePoints_712,"Mile End Stadium, Mile End",51.518541,-0.034903,17,0,17,22,5,0
2026-08-16 22:30:00+00:00,BikePoints_713,"Hawley Crescent, Camden Town",51.541007,-0.14326,19,4,15,22,2,1
2026-08-16 22:30:00+00:00,BikePoints_714,"Stewart's Road, Wandsworth Road",51.473116,-0.137235,23,0,23,28,5,0
2026-08-16 22:30:00+00:00,BikePoints_715,"Aylward Street, Stepney",51.51563,-0.049067,9,2,7,22,12,1
2026-08-16 22:30:00+00:00,BikePoints_716,"Stainsby Road , Poplar",51.515427,-0.023565,11,2,9,24,12,1
2026-08-16 22:30:00+00:00,BikePoints_717,"Dunston Road , Haggerston",51.536585,-0.075885,32,7,25,43,11,0
2026-08-16 22:30:00+00:00,BikePoints_718,"Ada Street, Hackney Central",51.535716,-0.060291,31,5,26,45,14,0
2026-08-16 22:30:00+00:00,BikePoints_719,"Victoria Park Road, Hackney Central",51.536424,-0.054162,10,3,7,34,24,0
2026-08-16 22:30:00+00:00,BikePoints_720,"Star Road, West Kensington",51.487244,-0.205279,16,3,13,23,5,2
2026-08-16 22:30:00+00:00,BikePoints_721,"Wendon Street, Old Ford",51.536039,-0.026262,10,2,8,18,6,2
2026-08-16 22:30:00+00:00,BikePoints_722,"Finnis Street, Bethnal Green",51.524583,-0.058631,4,2,2,19,15,0
2026-08-16 22:30:00+00:00,BikePoints_723,"Stephendale Road, Sands End",51.46822,-0.190346,46,1,45,48,0,2
2026-08-16 22:30:00+00:00,BikePoints_724,"Alma Road, Wandsworth",51.457991,-0.184806,21,6,15,28,6,1
2026-08-16 22:30:00+00:00,BikePoints_725,"Walworth Square, Walworth",51.491327,-0.096518,23,3,20,24,0,1
2026-08-16 22:30:00+00:00,BikePoints_726,"Alfreda Street, Battersea Park",51.47505,-0.150908,19,2,17,22,2,1
2026-08-16 22:30:00+00:00,BikePoints_727,"Chesilton Road, Fulham",51.475698,-0.205876,14,5,9,23,8,1
2026-08-16 22:30:00+00:00,BikePoints_728,"Putney Bridge Road, East Putney",51.461999,-0.20624,28,6,22,29,0,1
2026-08-16 22:30:00+00:00,BikePoints_729,"St. Peter's Terrace, Fulham",51.478939,-0.208485,18,2,16,24,5,1
2026-08-16 22:30:00+00:00,BikePoints_730,"Bridge Avenue, Hammersmith",51.492084,-0.229116,12,1,11,18,6,0
2026-08-16 22:30:00+00:00,BikePoints_731,"Michael Road, Walham Green",51.477276,-0.18921,13,0,13,37,22,2
2026-08-16 22:30:00+00:00,BikePoints_732,"Duke Street Hill, London Bridge",51.506304,-0.087262,2,0,2,21,13,6
2026-08-16 22:30:00+00:00,BikePoints_733,"Park Lane, Mayfair",51.505426,-0.150817,0,0,0,18,17,1
2026-08-16 22:30:00+00:00,BikePoints_734,"Plough Terrace, Clapham Junction",51.462305,-0.175407,26,1,25,31,4,1
2026-08-16 22:30:00+00:00,BikePoints_735,"Grant Road East, Clapham Junction",51.464894,-0.173029,15,0,15,28,10,3
2026-08-16 22:30:00+00:00,BikePoints_736,"Queensdale Road, Shepherd's Bush",51.50659,-0.216104,7,1,6,28,21,0
2026-08-16 22:30:00+00:00,BikePoints_737,"Fulham Broadway, Walham Green",51.479932,-0.194116,11,3,8,26,14,1
2026-08-16 22:30:00+00:00,BikePoints_738,"Imperial Road, Sands End",51.475142,-0.187278,16,2,14,37,21,0
2026-08-16 22:30:00+00:00,BikePoints_739,"Hortensia Road, West Brompton",51.481765,-0.185273,10,1,9,28,18,0
2026-08-16 22:30:00+00:00,BikePoints_740,"Sirdar Road, Avondale",51.510928,-0.214594,8,1,7,20,12,0
2026-08-16 22:30:00+00:00,BikePoints_741,"Freston Road, Avondale",51.512981,-0.219486,15,0,15,23,5,3
2026-08-16 22:30:00+00:00,BikePoints_742,"Blenheim Crescent, Ladbroke Grove",51.515108,-0.208565,5,2,3,22,16,1
2026-08-16 22:30:00+00:00,BikePoints_743,"Oxford Road, Putney",51.460792,-0.212607,18,6,12,20,0,2
2026-08-16 22:30:00+00:00,BikePoints_744,"Ingrave Street, Clapham Junction",51.467454,-0.172293,29,2,27,30,1,0
2026-08-16 22:30:00+00:00,BikePoints_745,"Upcerne Road, West Chelsea",51.478169,-0.182435,7,3,4,29,20,2
2026-08-16 22:30:00+00:00,BikePoints_746,"Lots Road, West Chelsea",51.479573,-0.179038,11,1,10,24,13,0
2026-08-16 22:30:00+00:00,BikePoints_747,"Ormonde Gate, Chelsea",51.487964,-0.161765,18,4,14,24,5,1
2026-08-16 22:30:00+00:00,BikePoints_748,"Hertford Road, De Beauvoir Town",51.537277,-0.079201,23,0,23,25,0,2
2026-08-16 22:30:00+00:00,BikePoints_749,"Haggerston Road, Haggerston",51.539328,-0.074284,25,4,21,37,10,2
2026-08-16 22:30:00+00:00,BikePoints_750,"Culvert Road, Battersea",51.471095,-0.15785,18,2,16,27,9,0
2026-08-16 22:30:00+00:00,BikePoints_751,"Newton Street, Covent Garden",51.516128,-0.120909,0,0,0,24,24,0
2026-08-16 22:30:00+00:00,BikePoints_752,"London Street, Paddington",51.515117,-0.173712,4,0,4,19,15,0
2026-08-16 22:30:00+00:00,BikePoints_753,"Clapham South, Clapham South",51.452997,-0.148651,19,4,15,28,9,0
2026-08-16 22:30:00+00:00,BikePoints_754,"Grenfell Road, Avondale",51.5129,-0.214762,7,2,5,24,16,1
2026-08-16 22:30:00+00:00,BikePoints_755,"The Vale, Chelsea",51.485121,-0.174971,3,2,1,24,21,0
2026-08-16 22:30:00+00:00,BikePoints_756,"Prince of Wales Drive, Battersea Park",51.475153,-0.159169,19,3,16,21,0,2
2026-08-16 22:30:00+00:00,BikePoints_757,"Harcourt Terrace, West Brompton",51.487958,-0.187404,22,3,19,24,0,2
2026-08-16 22:30:00+00:00,BikePoints_758,"Westbourne Park Road, Portobello",51.51787,-0.201005,13,2,11,23,10,0
2026-08-16 22:30:00+00:00,BikePoints_759,"Broadley Terrace, Marylebone",51.524561,-0.165668,3,2,1,18,15,0
2026-08-16 22:30:00+00:00,BikePoints_760,"Elgin Avenue, Maida Hill",51.524309,-0.201234,13,6,7,18,4,1
2026-08-16 22:30:00+00:00,BikePoints_761,"Humbolt Road, Fulham",51.483217,-0.21186,26,1,25,26,0,0
2026-08-16 22:30:00+00:00,BikePoints_762,"Storey's Gate, Westminster",51.500703,-0.129698,2,1,1,21,17,2
2026-08-16 22:30:00+00:00,BikePoints_763,"Mile End Park Leisure Centre, Mile End",51.520597,-0.032566,26,6,20,47,18,3
2026-08-16 22:30:00+00:00,BikePoints_764,"St. John's Road, Clapham Junction",51.462392,-0.168292,30,1,29,33,3,0
2026-08-16 22:30:00+00:00,BikePoints_765,"Ranelagh Gardens, Fulham",51.467601,-0.206827,24,4,20,29,2,3
2026-08-16 22:30:00+00:00,BikePoints_766,"Ram Street, Wandsworth",51.457529,-0.192165,17,1,16,25,6,2
2026-08-16 22:30:00+00:00,BikePoints_767,"Santos Road, Wandsworth",51.457059,-0.200806,25,0,25,30,5,0
2026-08-16 22:30:00+00:00,BikePoints_768,"Clapham Common North Side, Clapham Common",51.461343,-0.159322,23,3,20,37,14,0
2026-08-16 22:30:00+00:00,BikePoints_769,"Sandilands Road, Walham Green",51.473611,-0.191803,12,1,11,21,9,0
2026-08-16 22:30:00+00:00,BikePoints_770,"Gwendwr Road, West Kensington",51.491026,-0.209121,28,1,27,30,2,0
2026-08-16 22:30:00+00:00,BikePoints_771,"Rifle Place, Avondale",51.509224,-0.216016,14,0,14,21,7,0
2026-08-16 22:30:00+00:00,BikePoints_772,"Binfield Road, Stockwell",51.472509,-0.122831,33,4,29,35,1,1
2026-08-16 22:30:00+00:00,BikePoints_773,"Tallis Street, Temple",51.511891,-0.107349,0,0,0,24,22,2
2026-08-16 22:30:00+00:00,BikePoints_774,"Hurlingham Park, Parsons Green",51.470131,-0.20464,15,0,15,20,5,0
2026-08-16 22:30:00+00:00,BikePoints_775,"Little Brook Green, Brook Green",51.496664,-0.223868,16,0,16,33,16,1
2026-08-16 22:30:00+00:00,BikePoints_776,"Adeline Place, Bloomsbury",51.517632,-0.129985,1,1,0,22,21,0
2026-08-16 22:30:00+00:00,BikePoints_779,"Houndsditch, Aldgate",51.514449,-0.077178,2,2,0,28,25,1
2026-08-16 22:30:00+00:00,BikePoints_780,"Imperial Wharf Station, Sands End",51.474665,-0.183165,23,1,22,25,0,2
2026-08-16 22:30:00+00:00,BikePoints_782,"Halford Road, West Kensington",51.483911,-0.197609,18,1,17,24,6,0
2026-08-16 22:30:00+00:00,BikePoints_783,"Monier Road, Hackney Wick",51.540311,-0.02163,25,7,18,27,0,2
2026-08-16 22:30:00+00:00,BikePoints_784,"East Village, Queen Elizabeth Olympic Park",51.546326,-0.009935,10,4,6,34,24,0
2026-08-16 22:30:00+00:00,BikePoints_785,"Aquatic Centre, Queen Elizabeth Olympic Park",51.541482,-0.010437,8,0,8,30,16,6
2026-08-16 22:30:00+00:00,BikePoints_786,"Lee Valley VeloPark, Queen Elizabeth Olympic Park",51.549369,-0.015717,30,8,22,44,12,2
2026-08-16 22:30:00+00:00,BikePoints_787,"Timber Lodge, Queen Elizabeth Olympic Park",51.546805,-0.014691,16,1,15,35,15,4
2026-08-16 22:30:00+00:00,BikePoints_788,"Copper Box Arena, Queen Elizabeth Olympic Park",51.544909,-0.020542,12,3,9,31,14,5
2026-08-16 22:30:00+00:00,BikePoints_789,"Podium, Queen Elizabeth Olympic Park",51.538718,-0.011889,22,10,12,40,8,10
2026-08-16 22:30:00+00:00,BikePoints_790,"Stratford Station, Stratford",51.541793,-0.00481,16,0,16,28,7,5
2026-08-16 22:30:00+00:00,BikePoints_792,"Blackfriars Road, Southwark",51.505461,-0.10454,3,0,3,42,38,1
2026-08-16 22:30:00+00:00,BikePoints_793,"Cromer Street, Bloomsbury",51.528279,-0.119558,19,2,17,28,8,1
2026-08-16 22:30:00+00:00,BikePoints_795,"Euston Square Gardens, Euston",51.527068,-0.131861,0,0,0,30,29,1
2026-08-16 22:30:00+00:00,BikePoints_796,"Coram Street, Bloomsbury",51.524,-0.126409,10,1,9,29,18,1
2026-08-16 22:30:00+00:00,BikePoints_797,"Ossulston Street, Somers Town",51.5293,-0.128279,15,0,15,30,11,4
2026-08-16 22:30:00+00:00,BikePoints_798,"Birkenhead Street, King's Cross",51.530199,-0.122299,15,5,10,27,9,3
2026-08-16 22:30:00+00:00,BikePoints_799,"Kings Gate House, Westminster",51.497698,-0.137598,0,0,0,24,23,1
2026-08-16 22:30:00+00:00,BikePoints_800,"Sopwith Way, Battersea Park",51.481121,-0.149035,14,2,12,30,14,2
2026-08-16 22:30:00+00:00,BikePoints_801,"Lavington Street, Bankside",51.505224,-0.098031,4,0,4,29,22,3
2026-08-16 22:30:00+00:00,BikePoints_802,"Albert Square, Stockwell",51.47659,-0.118256,30,5,25,32,2,0
2026-08-16 22:30:00+00:00,BikePoints_803,"Southwark Street, Bankside",51.505409,-0.098341,5,0,5,23,18,0
2026-08-16 22:30:00+00:00,BikePoints_804,"Good's Way, King's Cross",51.534667,-0.125078,2,1,1,27,22,3
2026-08-16 22:30:00+00:00,BikePoints_805,"The Metropolitan, Portobello",51.520509,-0.200804,2,0,2,18,15,1
2026-08-16 22:30:00+00:00,BikePoints_807,"Bevington Road West, North Kensington",51.5212,-0.208888,10,2,8,24,11,3
2026-08-16 22:30:00+00:00,BikePoints_808,"Gauden Road, Clapham",51.464995,-0.130908,26,1,25,28,0,2
2026-08-16 22:30:00+00:00,BikePoints_809,"Lincoln's Inn Fields, Holborn",51.516277,-0.118272,0,0,0,28,28,0
2026-08-16 22:30:00+00:00,BikePoints_810,"Tate Modern, Bankside",51.506725,-0.098807,10,0,10,30,17,3
2026-08-16 22:30:00+00:00,BikePoints_811,"Westferry Circus, Canary Wharf",51.505703,-0.027772,17,6,11,36,13,6
2026-08-16 22:30:00+00:00,BikePoints_812,"Here East North, Queen Elizabeth Olympic Park",51.548731,-0.022606,15,0,15,28,12,1
2026-08-16 22:30:00+00:00,BikePoints_813,"New Spring Gardens Walk, Vauxhall",51.487807,-0.122759,6,0,6,33,26,1
2026-08-16 22:30:00+00:00,BikePoints_814,"Clapham Road, Lingham Street, Stockwell",51.471433,-0.12367,29,2,27,30,0,1
2026-08-16 22:30:00+00:00,BikePoints_815,"Lambeth Palace Road, Waterloo",51.500089,-0.116628,15,4,11,35,18,2
2026-08-16 22:30:00+00:00,BikePoints_816,"Here East South, Queen Elizabeth Olympic Park",51.546532,-0.020597,9,1,8,20,11,0
2026-08-16 22:30:00+00:00,BikePoints_818,"Westminster Pier, Westminster",51.501513,-0.123823,19,0,19,27,8,0
2026-08-16 22:30:00+00:00,BikePoints_819,"Belvedere Road 2, South Bank",51.50621,-0.114842,10,1,9,38,27,1
2026-08-16 22:30:00+00:00,BikePoints_820,"Victory Place, Walworth",51.492807,-0.091938,15,2,13,24,9,0
2026-08-16 22:30:00+00:00,BikePoints_821,"Battersea Power Station, Battersea Park",51.483507,-0.147714,6,0,6,27,15,6
2026-08-16 22:30:00+00:00,BikePoints_826,"Allington Street, Victoria",51.496863,-0.142943,0,0,0,28,26,2
2026-08-16 22:30:00+00:00,BikePoints_827,"Cranmer Road, Stockwell",51.479601,-0.111471,24,4,20,24,0,0
2026-08-16 22:30:00+00:00,BikePoints_828,"Normandy Road, Stockwell",51.473874,-0.11258,17,1,16,32,14,1
2026-08-16 22:30:00+00:00,BikePoints_829,"Wynne Road, Stockwell",51.469217,-0.112686,17,1,16,25,7,1
2026-08-16 22:30:00+00:00,BikePoints_830,"Sidney Road, Stockwell",51.469202,-0.119022,16,3,13,27,10,1
2026-08-16 22:30:00+00:00,BikePoints_831,"St John's Crescent, Brixton",51.466232,-0.113179,17,2,15,25,8,0
2026-08-16 22:30:00+00:00,BikePoints_832,"Ferndale Road, Brixton",51.464019,-0.115781,22,4,18,30,6,2
2026-08-16 22:30:00+00:00,BikePoints_833,"Saltoun Road, Brixton",51.460232,-0.115375,32,2,30,42,8,2
2026-08-16 22:30:00+00:00,BikePoints_834,"Gas Holders, Battersea Park",51.477966,-0.147857,16,3,13,26,7,3
2026-08-16 22:30:00+00:00,BikePoints_835,"Farringdon Street, Holborn",51.516785,-0.104947,0,0,0,25,25,0
2026-08-16 22:30:00+00:00,BikePoints_836,"York Way, Kings Cross",51.541596,-0.125441,8,3,5,24,14,2
2026-08-16 22:30:00+00:00,BikePoints_838,"Fore Street, Guildhall",51.518093,-0.091401,1,0,1,25,23,1
2026-08-16 22:30:00+00:00,BikePoints_839,"Sea Containers, South Bank",51.508033,-0.106823,0,0,0,30,29,1
2026-08-16 22:30:00+00:00,BikePoints_840,"George Row, Bermondsey",51.498585,-0.068981,15,1,14,22,4,3
2026-08-16 22:30:00+00:00,BikePoints_841,"Tower Wharf, Bermondsey",51.500845,-0.074704,11,0,11,20,6,3
2026-08-16 22:30:00+00:00,BikePoints_842,"Temple Gardens, Temple",51.510981,-0.108322,0,0,0,24,23,1
2026-08-16 22:30:00+00:00,BikePoints_844,"Canada Water Station, Rotherhithe",51.498439,-0.04915,31,4,27,35,0,4
2026-08-16 22:30:00+00:00,BikePoints_845,"Bermondsey Station, Bermondsey",51.497995,-0.063471,24,5,19,30,1,5
2026-08-16 22:30:00+00:00,BikePoints_846,"Burgess Park Albany Road, Walworth",51.48224,-0.094284,26,4,22,30,0,4
2026-08-16 22:30:00+00:00,BikePoints_847,"South Bermondsey Station, Bermondsey",51.488067,-0.057774,23,5,18,24,1,0
2026-08-16 22:30:00+00:00,BikePoints_849,"Crimscott Street, Bermondsey",51.495598,-0.078893,15,3,12,19,3,1
2026-08-16 22:30:00+00:00,BikePoints_850,"Brandon Street, Walworth",51.489102,-0.091548,22,0,22,22,0,0
2026-08-16 22:30:00+00:00,BikePoints_851,"The Blue, Bermondsey",51.492221,-0.062513,21,4,17,22,0,1
2026-08-16 22:30:00+00:00,BikePoints_852,"Coomer Place, West Kensington",51.48357,-0.202038,23,1,22,27,3,1
2026-08-16 22:30:00+00:00,BikePoints_857,"Strand, Strand",51.512582,-0.115057,0,0,0,35,35,0
2026-08-16 22:30:00+00:00,BikePoints_864,"Abbey Orchard Street, Westminster",51.498125,-0.132102,3,1,2,29,25,1
2026-08-16 22:30:00+00:00,BikePoints_865,"Leonard Circus , Shoreditch",51.524696,-0.084439,2,1,1,43,39,2
2026-08-16 22:30:00+00:00,BikePoints_866,"Limburg Road, Clapham Junction",51.461923,-0.165297,19,3,16,21,1,1
2026-08-16 22:30:00+00:00,BikePoints_867,"Pritchard's Road, Bethnal Green",51.532091,-0.061419,14,5,9,30,13,3
2026-08-16 22:30:00+00:00,BikePoints_868,"Kennington Lane Rail Bridge, Vauxhall",51.486343,-0.122492,15,2,13,31,15,1
2026-08-16 22:30:00+00:00,BikePoints_869,"Albert Embankment, Vauxhall",51.490435,-0.122806,7,0,7,24,17,0
2026-08-16 22:30:00+00:00,BikePoints_870,"Lower Marsh, Waterloo",51.500139,-0.113935,1,0,1,17,16,0
2026-08-16 22:30:00+00:00,BikePoints_872,"Risinghill Street, Angel",51.533319,-0.111781,4,4,0,25,17,4
2026-08-16 22:30:00+00:00,BikePoints_873,"St. Pancras Way, Camden Town",51.537071,-0.13285,6,2,4,20,12,2
2026-08-16 22:30:00+00:00,BikePoints_874,"Handyside Street, King's Cross",51.53724,-0.124807,14,3,11,27,9,4
2026-08-16 22:30:00+00:00,BikePoints_875,"Victoria Rise, Clapham Common",51.461376,-0.147804,17,1,16,23,2,4
2026-08-16 22:30:00+00:00,BikePoints_876,"Old Quebec Street, Marylebone",51.514577,-0.158264,3,2,1,16,12,1
2026-08-16 22:30:00+00:00,BikePoints_877,"Spencer Park, Wandsworth Common",51.45787,-0.174691,15,1,14,25,10,0
2026-08-16 22:30:00+00:00,BikePoints_878,"Victoria & Albert Museum, South Kensington",51.495898,-0.173009,2,0,2,30,28,0
2026-08-16 22:30:00+00:00,BikePoints_879,"BBC White City, White City",51.514767,-0.225786,7,2,5,36,28,1
2026-08-16 22:30:00+00:00,BikePoints_881,"Albany Street, The Regent's Park",51.528302,-0.144465,5,0,5,27,20,2
2026-08-16 22:30:00+00:00,BikePoints_882,"Maplin Street, Mile End",51.525501,-0.032267,22,0,22,39,15,2
2026-08-16 22:30:00+00:00,BikePoints_883,"London Fields, Hackney Central",51.54119,-0.058826,11,2,9,21,3,7
2026-08-16 22:30:00+00:00,BikePoints_884,"Westfield Ariel Way, White City",51.509158,-0.224103,31,0,31,42,6,5
2026-08-16 22:30:00+00:00,BikePoints_885,"Gloucester Avenue, Camden Town",51.537349,-0.147154,8,5,3,24,14,2
2026-08-16 22:30:00+00:00,BikePoints_887,"London Zoo Car Park, The Regent's Park",51.536922,-0.150181,6,1,5,36,30,0
2026-08-16 22:30:00+00:00,BikePoints_888,"Norton Folgate, Liverpool Street",51.521113,-0.078869,2,0,2,23,18,3
2026-08-16 22:30:00+00:00,BikePoints_889,"Horse Guards Avenue, Westminster",51.505031,-0.123,7,0,7,29,20,2
2026-08-16 22:30:00+00:00,BikePoints_890,"Burdett Road, Mile End",51.516196,-0.029137,19,2,17,33,7,7
2026-08-16 22:45:00+00:00,BikePoints_1,"River Street , Clerkenwell",51.529163,-0.10997,3,3,0,19,14,2
2026-08-16 22:45:00+00:00,BikePoints_2,"Phillimore Gardens, Kensington",51.499606,-0.197574,11,0,11,37,25,1
2026-08-16 22:45:00+00:00,BikePoints_3,"Christopher Street, Liverpool Street",51.521283,-0.084605,0,0,0,32,32,0
2026-08-16 22:45:00+00:00,BikePoints_4,"St. Chad's Street, King's Cross",51.530059,-0.120973,22,1,21,23,0,1
2026-08-16 22:45:00+00:00,BikePoints_5,"Sedding Street, Sloane Square",51.49313,-0.156876,0,0,0,27,25,2
2026-08-16 22:45:00+00:00,BikePoints_6,"Broadcasting House, Marylebone",51.518117,-0.144228,1,1,0,18,11,6
2026-08-16 22:45:00+00:00,BikePoints_7,"Charlbert Street, St. John's Wood",51.5343,-0.168074,5,0,5,16,5,6
2026-08-16 22:45:00+00:00,BikePoints_8,"Maida Vale, Maida Vale",51.529857,-0.183486,31,8,23,39,3,5
2026-08-16 22:45:00+00:00,BikePoints_9,"New Globe Walk, Bankside",51.507385,-0.09644,8,0,8,19,11,0
2026-08-16 22:45:00+00:00,BikePoints_10,"Park Street, Bankside",51.505974,-0.092754,6,2,4,18,12,0
2026-08-16 22:45:00+00:00,BikePoints_11,"Brunswick Square, Bloomsbury",51.523951,-0.122502,6,4,2,24,17,1
2026-08-16 22:45:00+00:00,BikePoints_12,"Malet Street, Bloomsbury",51.52168,-0.130431,14,3,11,49,35,0
2026-08-16 22:45:00+00:00,BikePoints_13,"Scala Street, Fitzrovia",51.519914,-0.136039,1,0,1,21,20,0
2026-08-16 22:45:00+00:00,BikePoints_14,"Argyle Street, Kings Cross",51.529416,-0.123944,21,3,18,45,21,3
2026-08-16 22:45:00+00:00,BikePoints_15,"Great Russell Street, Bloomsbury",51.517727,-0.127854,1,1,0,26,25,0
2026-08-16 22:45:00+00:00,BikePoints_16,"Cartwright Gardens , Bloomsbury",51.526357,-0.125979,2,1,1,21,19,0
2026-08-16 22:45:00+00:00,BikePoints_17,"Hatton Wall, Holborn",51.521661,-0.109006,4,2,2,26,20,2
2026-08-16 22:45:00+00:00,BikePoints_18,"Drury Lane, Covent Garden",51.51477,-0.122219,0,0,0,27,24,3
2026-08-16 22:45:00+00:00,BikePoints_19,"Taviton Street, Bloomsbury",51.52505,-0.131161,8,0,8,30,22,0
2026-08-16 22:45:00+00:00,BikePoints_20,"Drummond Street , Euston",51.527326,-0.136052,26,0,26,28,0,2
2026-08-16 22:45:00+00:00,BikePoints_21,"Lansdowne Drive, Hackney Central",51.539834,-0.062806,14,7,7,26,11,1
2026-08-16 22:45:00+00:00,BikePoints_22,"Northington Street , Holborn",51.522264,-0.114079,7,1,6,19,12,0
2026-08-16 22:45:00+00:00,BikePoints_23,"Red Lion Square, Holborn",51.519435,-0.119123,2,1,1,16,13,1
2026-08-16 22:45:00+00:00,BikePoints_24,"British Museum, Bloomsbury",51.51908,-0.124678,1,0,1,35,34,0
2026-08-16 22:45:00+00:00,BikePoints_25,"Doric Way , Somers Town",51.528833,-0.13225,23,0,23,50,25,2
2026-08-16 22:45:00+00:00,BikePoints_26,"Ampton Street , Clerkenwell",51.52728,-0.118295,9,2,7,21,11,1
2026-08-16 22:45:00+00:00,BikePoints_28,"Bolsover Street, Fitzrovia",51.523518,-0.143613,9,3,6,19,10,0
2026-08-16 22:45:00+00:00,BikePoints_29,"Hereford Road, Bayswater",51.513735,-0.193487,17,4,13,22,5,0
2026-08-16 22:45:00+00:00,BikePoints_30,"Windsor Terrace, Hoxton",51.529154,-0.093421,17,0,17,24,5,2
2026-08-16 22:45:00+00:00,BikePoints_31,"Fanshaw Street, Hoxton",51.529537,-0.083353,28,1,27,36,7,1
2026-08-16 22:45:00+00:00,BikePoints_33,"Central House, Aldgate",51.515231,-0.07015,1,0,1,24,22,1
2026-08-16 22:45:00+00:00,BikePoints_34,"Pancras Road, King's Cross",51.534123,-0.129386,1,0,1,16,13,2
2026-08-16 22:45:00+00:00,BikePoints_36,"De Vere Gardens, Kensington",51.501737,-0.18498,2,0,2,28,25,1
2026-08-16 22:45:00+00:00,BikePoints_37,"Penywern Road, Earl's Court",51.491593,-0.192369,0,0,0,17,15,2
2026-08-16 22:45:00+00:00,BikePoints_38,"Abingdon Villas, Kensington",51.497387,-0.197245,8,1,7,17,8,1
2026-08-16 22:45:00+00:00,BikePoints_39,"Shoreditch High Street, Shoreditch",51.526377,-0.07813,24,7,17,41,16,1
2026-08-16 22:45:00+00:00,BikePoints_40,"Commercial Street, Shoreditch",51.52127,-0.075578,2,2,0,16,13,1
2026-08-16 22:45:00+00:00,BikePoints_41,"Pindar Street, Liverpool Street",51.520955,-0.083493,0,0,0,24,23,1
2026-08-16 22:45:00+00:00,BikePoints_42,"Wenlock Road , Hoxton",51.530991,-0.093903,11,1,10,28,17,0
2026-08-16 22:45:00+00:00,BikePoints_43,"Crawford Street, Marylebone",51.52026,-0.157183,1,0,1,18,17,0
2026-08-16 22:45:00+00:00,BikePoints_44,"Bruton Street, Mayfair",51.510736,-0.144165,2,0,2,21,18,1
2026-08-16 22:45:00+00:00,BikePoints_45,"Boston Place, Marylebone",51.522511,-0.162298,1,1,0,26,24,1
2026-08-16 22:45:00+00:00,BikePoints_46,"Nesham Street, Wapping",51.507131,-0.06691,9,1,8,16,6,1
2026-08-16 22:45:00+00:00,BikePoints_47,"Warwick Avenue Station, Maida Vale",51.523344,-0.183846,12,2,10,19,3,4
2026-08-16 22:45:00+00:00,BikePoints_48,"Godliman Street, St. Paul's",51.512484,-0.099141,9,2,7,25,16,0
2026-08-16 22:45:00+00:00,BikePoints_49,"Curzon Street, Mayfair",51.507069,-0.145904,0,0,0,16,16,0
2026-08-16 22:45:00+00:00,BikePoints_50,"East Road, Hoxton",51.528673,-0.087459,11,2,9,27,15,1
2026-08-16 22:45:00+00:00,BikePoints_51,"Finsbury Library , Finsbury",51.526717,-0.104298,6,2,4,29,23,0
2026-08-16 22:45:00+00:00,BikePoints_52,"Roscoe Street, St. Luke's",51.522954,-0.094934,4,2,2,18,14,0
2026-08-16 22:45:00+00:00,BikePoints_53,"Grafton Street, Mayfair",51.509992,-0.143495,0,0,0,18,18,0
2026-08-16 22:45:00+00:00,BikePoints_54,"Golden Lane, Barbican",51.521747,-0.094475,2,0,2,27,21,4
2026-08-16 22:45:00+00:00,BikePoints_55,"Finsbury Circus, Liverpool Street",51.517075,-0.086685,0,0,0,33,32,1
2026-08-16 22:45:00+00:00,BikePoints_56,"Paddington Street, Marylebone",51.520583,-0.154701,9,1,8,16,5,2
2026-08-16 22:45:00+00:00,BikePoints_57,"Guilford Street , Bloomsbury",51.523346,-0.120202,8,2,6,32,24,0
2026-08-16 22:45:00+00:00,BikePoints_58,"New Inn Yard, Shoreditch",51.524526,-0.079248,5,1,4,20,12,3
2026-08-16 22:45:00+00:00,BikePoints_60,"Lisson Grove, St. John's Wood",51.526448,-0.17219,11,1,10,18,5,2
2026-08-16 22:45:00+00:00,BikePoints_61,"Great Dover Street, The Borough",51.497382,-0.089446,23,2,21,33,9,1
2026-08-16 22:45:00+00:00,BikePoints_62,"Cotton Garden Estate, Kennington",51.490757,-0.106323,19,4,15,24,5,0
2026-08-16 22:45:00+00:00,BikePoints_63,"Murray Grove , Hoxton",51.53089,-0.089782,17,2,15,27,8,2
2026-08-16 22:45:00+00:00,BikePoints_64,"William IV Street, Strand",51.509462,-0.124749,9,0,9,26,16,1
2026-08-16 22:45:00+00:00,BikePoints_65,"Gower Place , Euston",51.525227,-0.135188,1,0,1,17,16,0
2026-08-16 22:45:00+00:00,BikePoints_66,"Holborn Circus, Holborn",51.51795,-0.108657,2,0,2,40,36,2
2026-08-16 22:45:00+00:00,BikePoints_67,"Hatton Garden, Holborn",51.518825,-0.108028,1,0,1,28,26,1
2026-08-16 22:45:00+00:00,BikePoints_68,"Theobald's Road , Holborn",51.520596,-0.116688,2,0,2,26,23,1
2026-08-16 22:45:00+00:00,BikePoints_69,"Euston Road, Euston",51.526236,-0.134407,1,0,1,24,21,2
2026-08-16 22:45:00+00:00,BikePoints_70,"Calshot Street , King's Cross",51.53136,-0.117069,15,4,11,24,7,2
2026-08-16 22:45:00+00:00,BikePoints_71,"Newgate Street , St. Paul's",51.515768,-0.099894,0,0,0,35,33,2
2026-08-16 22:45:00+00:00,BikePoints_72,"Farringdon Lane, Clerkenwell",51.52352,-0.10834,4,0,4,16,11,1
2026-08-16 22:45:00+00:00,BikePoints_73,"Old Street Station, St. Luke's",51.525615,-0.088532,3,1,2,34,26,5
2026-08-16 22:45:00+00:00,BikePoints_74,"Vauxhall Cross, Vauxhall",51.485917,-0.124469,10,0,10,17,5,2
2026-08-16 22:45:00+00:00,BikePoints_75,"Torrens Street, Angel",51.532199,-0.10548,0,0,0,19,15,4
2026-08-16 22:45:00+00:00,BikePoints_76,"Longford Street, The Regent's Park",51.525595,-0.144083,1,0,1,21,18,2
2026-08-16 22:45:00+00:00,BikePoints_77,"Russell Square Station, Bloomsbury",51.523418,-0.124121,8,0,8,26,17,1
2026-08-16 22:45:00+00:00,BikePoints_78,"Sadlers Sports Centre, Finsbury",51.524868,-0.099489,2,1,1,17,13,2
2026-08-16 22:45:00+00:00,BikePoints_79,"Arundel Street, Temple",51.511726,-0.113855,0,0,0,18,18,0
2026-08-16 22:45:00+00:00,BikePoints_80,"Webber Street , Southwark",51.500693,-0.102091,5,0,5,45,35,5
2026-08-16 22:45:00+00:00,BikePoints_81,"Great Titchfield Street, Fitzrovia",51.520253,-0.141327,3,2,1,19,16,0
2026-08-16 22:45:00+00:00,BikePoints_83,"Panton Street, West End",51.509639,-0.13151,0,0,0,21,18,3
2026-08-16 22:45:00+00:00,BikePoints_84,"Breams Buildings, Holborn",51.515937,-0.111778,0,0,0,25,24,1
2026-08-16 22:45:00+00:00,BikePoints_85,"Tanner Street, Bermondsey",51.500647,-0.0786,33,1,32,41,6,2
2026-08-16 22:45:00+00:00,BikePoints_86,"Sancroft Street, Vauxhall",51.489479,-0.115156,23,1,22,24,0,1
2026-08-16 22:45:00+00:00,BikePoints_87,"Devonshire Square, Liverpool Street",51.516468,-0.079684,0,0,0,16,16,0
2026-08-16 22:45:00+00:00,BikePoints_88,"Percy Street, Bloomsbury",51.51863,-0.132676,0,0,0,29,29,0
2026-08-16 22:45:00+00:00,BikePoints_89,"Tavistock Place, Bloomsbury",51.52625,-0.123509,3,2,1,19,13,3
2026-08-16 22:45:00+00:00,BikePoints_90,"Harrington Square 1, Camden Town",51.533019,-0.139174,5,2,3,27,20,2
2026-08-16 22:45:00+00:00,BikePoints_91,"Walnut Tree Walk, Vauxhall",51.493686,-0.111014,11,2,9,20,8,1
2026-08-16 22:45:00+00:00,BikePoints_92,"Borough Road, Elephant & Castle",51.498898,-0.10044,22,1,21,41,18,1
2026-08-16 22:45:00+00:00,BikePoints_93,"Cloudesley Road, Angel",51.534408,-0.109025,11,6,5,37,24,2
2026-08-16 22:45:00+00:00,BikePoints_94,"Bricklayers Arms, Borough",51.495061,-0.085814,28,4,24,28,0,0
2026-08-16 22:45:00+00:00,BikePoints_95,"Aldersgate Street, Barbican",51.520841,-0.09734,3,3,0,15,11,1
2026-08-16 22:45:00+00:00,BikePoints_96,"Falkirk Street, Hoxton",51.53095,-0.078505,8,4,4,26,16,2
2026-08-16 22:45:00+00:00,BikePoints_97,"Gloucester Road (North), Kensington",51.497924,-0.183834,0,0,0,18,18,0
2026-08-16 22:45:00+00:00,BikePoints_98,"Hampstead Road, Euston",51.525542,-0.138231,9,0,9,54,43,2
2026-08-16 22:45:00+00:00,BikePoints_101,"Queen Street 1, Bank",51.511553,-0.09294,0,0,0,22,21,1
2026-08-16 22:45:00+00:00,BikePoints_102,"Jewry Street, Aldgate",51.513406,-0.076793,2,1,1,17,13,2
2026-08-16 22:45:00+00:00,BikePoints_103,"Vicarage Gate, Kensington",51.504723,-0.192538,2,1,1,18,16,0
2026-08-16 22:45:00+00:00,BikePoints_104,"Crosswall, Tower",51.511594,-0.077121,5,0,5,34,27,2
2026-08-16 22:45:00+00:00,BikePoints_105,"Westbourne Grove, Bayswater",51.515529,-0.19024,7,1,6,26,19,0
2026-08-16 22:45:00+00:00,BikePoints_106,"Woodstock Street, Mayfair",51.514105,-0.147301,2,2,0,21,18,1
2026-08-16 22:45:00+00:00,BikePoints_107,"Finsbury Leisure Centre, St. Luke's",51.526008,-0.096317,4,0,4,20,12,4
2026-08-16 22:45:00+00:00,BikePoints_109,"Soho Square , Soho",51.515631,-0.132328,2,2,0,57,54,1
2026-08-16 22:45:00+00:00,BikePoints_110,"Wellington Road, St. John's Wood",51.533043,-0.172528,6,2,4,17,10,1
2026-08-16 22:45:00+00:00,BikePoints_111,"Park Lane , Hyde Park",51.510017,-0.157275,7,3,4,28,17,4
2026-08-16 22:45:00+00:00,BikePoints_112,"Stonecutter Street, Holborn",51.515809,-0.10527,1,0,1,21,20,0
2026-08-16 22:45:00+00:00,BikePoints_113,"Gloucester Road (Central), South Kensington",51.496462,-0.183289,0,0,0,19,18,1
2026-08-16 22:45:00+00:00,BikePoints_114,"Park Road (Baker Street), The Regent's Park",51.524517,-0.158963,11,1,10,22,5,6
2026-08-16 22:45:00+00:00,BikePoints_115,"Braham Street, Aldgate",51.514233,-0.073537,12,4,8,34,22,0
2026-08-16 22:45:00+00:00,BikePoints_116,"Little Argyll Street, West End",51.514499,-0.141423,1,0,1,21,14,6
2026-08-16 22:45:00+00:00,BikePoints_117,"Lollard Street, Vauxhall",51.49288,-0.114934,25,2,23,25,0,0
2026-08-16 22:45:00+00:00,BikePoints_118,"Rochester Row, Westminster",51.495827,-0.135478,11,1,10,13,1,1
2026-08-16 22:45:00+00:00,BikePoints_119,"Bath Street, St. Luke's",51.525893,-0.090847,4,1,3,18,12,2
2026-08-16 22:45:00+00:00,BikePoints_120,"The Guildhall, Guildhall",51.515735,-0.09308,0,0,0,17,16,1
2026-08-16 22:45:00+00:00,BikePoints_121,"Baker Street, Marylebone",51.518913,-0.156166,7,3,4,22,15,0
2026-08-16 22:45:00+00:00,BikePoints_123,"St. John Street, Finsbury",51.52836,-0.104724,8,2,6,18,10,0
2026-08-16 22:45:00+00:00,BikePoints_124,"Eaton Square, Belgravia",51.496544,-0.150905,8,1,7,18,10,0
2026-08-16 22:45:00+00:00,BikePoints_125,"Borough High Street, The Borough",51.500694,-0.094524,1,0,1,21,19,1
2026-08-16 22:45:00+00:00,BikePoints_126,"Museum of London, Barbican",51.517821,-0.096496,1,0,1,52,50,1
2026-08-16 22:45:00+00:00,BikePoints_127,"Wood Street, Guildhall",51.517008,-0.093885,1,0,1,17,15,1
2026-08-16 22:45:00+00:00,BikePoints_128,"Emperor's Gate, South Kensington",51.495362,-0.185296,9,2,7,22,9,4
2026-08-16 22:45:00+00:00,BikePoints_129,"Golden Square, Soho",51.511897,-0.137043,3,3,0,18,14,1
2026-08-16 22:45:00+00:00,BikePoints_130,"Tower Gardens , Tower",51.509506,-0.075459,8,4,4,24,14,2
2026-08-16 22:45:00+00:00,BikePoints_131,"Eversholt Street , Camden Town",51.533005,-0.136792,0,0,0,16,15,1
2026-08-16 22:45:00+00:00,BikePoints_132,"Bethnal Green Road, Shoreditch",51.523648,-0.074754,14,1,13,38,24,0
2026-08-16 22:45:00+00:00,BikePoints_133,"Derry Street, Kensington",51.501364,-0.191462,6,1,5,18,9,3
2026-08-16 22:45:00+00:00,BikePoints_134,"Wapping High Street, Wapping",51.504904,-0.06797,5,3,2,20,13,2
2026-08-16 22:45:00+00:00,BikePoints_135,"Clerkenwell Green, Clerkenwell",51.52326,-0.104708,15,5,10,21,4,2
2026-08-16 22:45:00+00:00,BikePoints_136,"Queen Victoria Street, St. Paul's",51.511961,-0.097441,0,0,0,32,31,1
2026-08-16 22:45:00+00:00,BikePoints_138,"Green Street, Mayfair",51.512276,-0.157436,0,0,0,19,18,1
2026-08-16 22:45:00+00:00,BikePoints_139,"Lambeth Road, Vauxhall",51.494881,-0.117974,11,1,10,18,7,0
2026-08-16 22:45:00+00:00,BikePoints_140,"Finsbury Square , Moorgate",51.520962,-0.085634,6,1,5,33,27,0
2026-08-16 22:45:00+00:00,BikePoints_141,"Chapel Place, Marylebone",51.515308,-0.147203,0,0,0,29,29,0
2026-08-16 22:45:00+00:00,BikePoints_142,"West Cromwell Road, Earl's Court",51.493724,-0.198286,8,0,8,24,15,1
2026-08-16 22:45:00+00:00,BikePoints_143,"Pont Street, Knightsbridge",51.496886,-0.161203,10,0,10,24,12,2
2026-08-16 22:45:00+00:00,BikePoints_144,"Kennington Cross, Kennington",51.48894,-0.111435,40,5,35,47,2,5
2026-08-16 22:45:00+00:00,BikePoints_145,"Ilchester Place, Kensington",51.500743,-0.202759,0,0,0,24,24,0
2026-08-16 22:45:00+00:00,BikePoints_146,"Vauxhall Bridge , Pimlico",51.488365,-0.129361,2,0,2,35,32,1
2026-08-16 22:45:00+00:00,BikePoints_147,"Portugal Street, Holborn",51.514943,-0.116146,0,0,0,16,16,0
2026-08-16 22:45:00+00:00,BikePoints_148,"Tachbrook Street, Victoria",51.492111,-0.138364,12,3,9,16,1,3
2026-08-16 22:45:00+00:00,BikePoints_149,"Kennington Road Post Office, Oval",51.484788,-0.110683,11,0,11,18,6,1
2026-08-16 22:45:00+00:00,BikePoints_150,"Holy Trinity Brompton, Knightsbridge",51.497056,-0.168917,11,0,11,28,16,1
2026-08-16 22:45:00+00:00,BikePoints_151,"Chepstow Villas, Notting Hill",51.512136,-0.201554,22,0,22,26,4,0
2026-08-16 22:45:00+00:00,BikePoints_152,"Hampton Street, Walworth",51.49217,-0.101536,18,7,11,21,2,1
2026-08-16 22:45:00+00:00,BikePoints_153,"Bayswater Road, Hyde Park",51.511933,-0.174411,6,3,3,27,18,3
2026-08-16 22:45:00+00:00,BikePoints_154,"Waterloo Station 3, Waterloo",51.503791,-0.112824,8,0,8,35,25,2
2026-08-16 22:45:00+00:00,BikePoints_155,"Lexham Gardens, Kensington",51.495866,-0.191933,6,0,6,19,12,1
2026-08-16 22:45:00+00:00,BikePoints_156,"New Kent Road, The Borough",51.494436,-0.092921,26,0,26,33,5,2
2026-08-16 22:45:00+00:00,BikePoints_157,"Wright's Lane, Kensington",51.500397,-0.193068,9,1,8,37,24,4
2026-08-16 22:45:00+00:00,BikePoints_158,"Trebovir Road, Earl's Court",51.490853,-0.19617,6,0,6,18,10,2
2026-08-16 22:45:00+00:00,BikePoints_160,"Waterloo Place, St. James's",51.506633,-0.131773,2,1,1,20,17,1
2026-08-16 22:45:00+00:00,BikePoints_162,"Southampton Place, Holborn",51.517606,-0.121328,1,1,0,20,19,0
2026-08-16 22:45:00+00:00,BikePoints_163,"Sloane Avenue, Knightsbridge",51.493184,-0.167894,4,0,4,27,22,1
2026-08-16 22:45:00+00:00,BikePoints_164,"Cleveland Gardens, Bayswater",51.515607,-0.183118,15,1,14,16,0,1
2026-08-16 22:45:00+00:00,BikePoints_165,"Orsett Terrace, Bayswater",51.517932,-0.183716,7,0,7,15,7,1
2026-08-16 22:45:00+00:00,BikePoints_166,"Seville Street, Knightsbridge",51.501855,-0.159237,0,0,0,27,26,1
2026-08-16 22:45:00+00:00,BikePoints_167,"Eccleston Place, Victoria",51.49395,-0.147624,13,0,13,19,5,1
2026-08-16 22:45:00+00:00,BikePoints_168,"Argyll Road, Kensington",51.500401,-0.195455,15,0,15,19,4,0
2026-08-16 22:45:00+00:00,BikePoints_169,"Porchester Place, Paddington",51.514746,-0.165164,17,1,16,18,0,1
2026-08-16 22:45:00+00:00,BikePoints_170,"Hardwick Street, Clerkenwell",51.527842,-0.108068,3,2,1,30,25,2
2026-08-16 22:45:00+00:00,BikePoints_171,"Collingham Gardens, Earl's Court",51.491615,-0.186753,5,1,4,14,7,2
2026-08-16 22:45:00+00:00,BikePoints_172,"Sumner Place, South Kensington",51.491211,-0.173715,3,0,3,19,14,2
2026-08-16 22:45:00+00:00,BikePoints_173,"Waterloo Road, South Bank",51.50486,-0.113001,4,1,3,15,8,3
2026-08-16 22:45:00+00:00,BikePoints_175,"Worship Street, Shoreditch",51.521668,-0.079608,3,1,2,51,47,1
2026-08-16 22:45:00+00:00,BikePoints_176,"Gloucester Terrace, Bayswater",51.517919,-0.188098,5,0,5,23,17,1
2026-08-16 22:45:00+00:00,BikePoints_177,"Ashley Place, Victoria",51.49616,-0.140947,9,0,9,25,16,0
2026-08-16 22:45:00+00:00,BikePoints_178,"Warwick Square, Pimlico",51.489856,-0.141923,15,1,14,19,3,1
2026-08-16 22:45:00+00:00,BikePoints_180,"North Audley Street, Mayfair",51.512911,-0.153645,5,2,3,17,10,2
2026-08-16 22:45:00+00:00,BikePoints_181,"Belgrave Square, Belgravia",51.499412,-0.152317,3,1,2,21,17,1
2026-08-16 22:45:00+00:00,BikePoints_182,"Bell Street , Marylebone",51.522029,-0.165842,7,5,2,18,10,1
2026-08-16 22:45:00+00:00,BikePoints_183,"Riverlight North, Nine Elms",51.482362,-0.136123,16,1,15,24,5,3
2026-08-16 22:45:00+00:00,BikePoints_184,"Portland Place, Marylebone",51.520715,-0.145211,2,2,0,34,32,0
2026-08-16 22:45:00+00:00,BikePoints_185,"Alderney Street, Pimlico",51.488057,-0.140741,14,2,12,14,0,0
2026-08-16 22:45:00+00:00,BikePoints_186,"South Wharf Road, Paddington",51.517335,-0.17581,5,4,1,16,9,2
2026-08-16 22:45:00+00:00,BikePoints_187,"Queen's Gate (South), South Kensington",51.492479,-0.178433,14,0,14,25,10,1
2026-08-16 22:45:00+00:00,BikePoints_188,"Nutford Place, Marylebone",51.516517,-0.164393,4,2,2,18,13,1
2026-08-16 22:45:00+00:00,BikePoints_189,"Claremont Square, Angel",51.531666,-0.109914,4,2,2,18,11,3
2026-08-16 22:45:00+00:00,BikePoints_190,"Rampayne Street, Pimlico",51.489975,-0.132845,9,2,7,21,11,1
2026-08-16 22:45:00+00:00,BikePoints_191,"Hyde Park Corner, Hyde Park",51.503117,-0.15352,4,0,4,36,24,8
2026-08-16 22:45:00+00:00,BikePoints_192,"Wardour Street, Soho",51.512515,-0.133201,0,0,0,16,10,6
2026-08-16 22:45:00+00:00,BikePoints_193,"Bankside Mix, Bankside",51.505817,-0.100186,10,1,9,60,49,1
2026-08-16 22:45:00+00:00,BikePoints_194,"Hop Exchange, The Borough",51.504627,-0.091773,6,6,0,55,44,5
2026-08-16 22:45:00+00:00,BikePoints_195,"Milroy Walk, South Bank",51.507244,-0.106237,1,1,0,30,29,0
2026-08-16 22:45:00+00:00,BikePoints_196,"Union Street, The Borough",51.503688,-0.098497,3,0,3,17,12,2
2026-08-16 22:45:00+00:00,BikePoints_197,"Stamford Street, South Bank",51.505569,-0.111606,0,0,0,27,26,1
2026-08-16 22:45:00+00:00,BikePoints_199,"Great Tower Street, Monument",51.510484,-0.082989,3,0,3,24,18,3
2026-08-16 22:45:00+00:00,BikePoints_200,"LMU Commercial Road, Whitechapel",51.514924,-0.066078,6,2,4,14,8,0
2026-08-16 22:45:00+00:00,BikePoints_201,"Dorset Square, Marylebone",51.522596,-0.161113,3,1,2,16,12,1
2026-08-16 22:45:00+00:00,BikePoints_202,"Leman Street, Aldgate",51.512363,-0.069542,11,4,7,37,25,1
2026-08-16 22:45:00+00:00,BikePoints_203,"West Smithfield Rotunda, Farringdon",51.518218,-0.100791,5,4,1,15,8,2
2026-08-16 22:45:00+00:00,BikePoints_204,"Margery Street, Clerkenwell",51.526599,-0.112432,9,1,8,19,10,0
2026-08-16 22:45:00+00:00,BikePoints_206,"New Road 1 , Whitechapel",51.518154,-0.062697,21,3,18,36,12,3
2026-08-16 22:45:00+00:00,BikePoints_207,"Grosvenor Crescent, Belgravia",51.501352,-0.153194,1,0,1,18,17,0
2026-08-16 22:45:00+00:00,BikePoints_208,"Mallory Street, Marylebone",51.525051,-0.166304,4,0,4,20,15,1
2026-08-16 22:45:00+00:00,BikePoints_209,"Denyer Street, Knightsbridge",51.493583,-0.165101,3,0,3,30,26,1
2026-08-16 22:45:00+00:00,BikePoints_210,"Hinde Street, Marylebone",51.516814,-0.151926,2,1,1,21,18,1
2026-08-16 22:45:00+00:00,BikePoints_211,"Cadogan Place, Knightsbridge",51.494645,-0.158105,9,0,9,34,24,1
2026-08-16 22:45:00+00:00,BikePoints_212,"Campden Hill Road, Notting Hill",51.506584,-0.199004,11,3,8,17,6,0
2026-08-16 22:45:00+00:00,BikePoints_213,"Wellington Arch, Hyde Park",51.50274,-0.149569,0,0,0,36,33,3
2026-08-16 22:45:00+00:00,BikePoints_214,"Endsleigh Gardens, Euston",51.526838,-0.130504,20,0,20,32,9,3
2026-08-16 22:45:00+00:00,BikePoints_215,"Moorfields, Moorgate",51.519069,-0.088285,1,1,0,54,51,2
2026-08-16 22:45:00+00:00,BikePoints_216,"Old Brompton Road, South Kensington",51.490945,-0.18119,13,0,13,30,15,2
2026-08-16 22:45:00+00:00,BikePoints_217,"Wormwood Street, Liverpool Street",51.516154,-0.082422,0,0,0,16,16,0
2026-08-16 22:45:00+00:00,BikePoints_218,"St. Luke's Church, Chelsea",51.489716,-0.170194,2,0,2,20,18,0
2026-08-16 22:45:00+00:00,BikePoints_219,"Bramham Gardens, Earl's Court",51.490163,-0.190393,18,2,16,29,10,1
2026-08-16 22:45:00+00:00,BikePoints_220,"Chelsea Green, Chelsea",51.490664,-0.166485,3,2,1,15,12,0
2026-08-16 22:45:00+00:00,BikePoints_221,"Horseferry Road, Westminster",51.494816,-0.130458,3,1,2,16,13,0
2026-08-16 22:45:00+00:00,BikePoints_222,"Knightsbridge, Hyde Park",51.502757,-0.155349,25,0,25,43,16,2
2026-08-16 22:45:00+00:00,BikePoints_223,"Rodney Road , Walworth",51.491484,-0.09022,17,0,17,24,5,2
2026-08-16 22:45:00+00:00,BikePoints_224,"Queensway, Kensington Gardens",51.51031,-0.187402,15,2,13,17,1,1
2026-08-16 22:45:00+00:00,BikePoints_225,"Notting Hill Gate Station, Notting Hill",51.509353,-0.196422,10,1,9,30,16,4
2026-08-16 22:45:00+00:00,BikePoints_226,"Charles II Street, West End",51.508446,-0.131961,0,0,0,24,23,1
2026-08-16 22:45:00+00:00,BikePoints_227,"Great Percy Street, Clerkenwell",51.528915,-0.11548,13,2,11,23,10,0
2026-08-16 22:45:00+00:00,BikePoints_228,"St. James's Square, St. James's",51.507424,-0.134621,1,0,1,40,36,3
2026-08-16 22:45:00+00:00,BikePoints_229,"Whitehall Place, Strand",51.506543,-0.123179,1,0,1,46,45,0
2026-08-16 22:45:00+00:00,BikePoints_230,"Poured Lines, Bankside",51.506692,-0.103137,4,3,1,31,26,1
2026-08-16 22:45:00+00:00,BikePoints_231,"Queen's Gate (Central), South Kensington",51.493967,-0.178732,3,0,3,31,28,0
2026-08-16 22:45:00+00:00,BikePoints_232,"Carey Street, Holborn",51.51501,-0.112753,0,0,0,16,16,0
2026-08-16 22:45:00+00:00,BikePoints_233,"Pall Mall East, West End",51.50777,-0.130699,0,0,0,22,17,5
2026-08-16 22:45:00+00:00,BikePoints_234,"Liverpool Road (N1 Centre), Angel",51.534504,-0.106992,3,3,0,24,19,2
2026-08-16 22:45:00+00:00,BikePoints_235,"Kennington Road, Vauxhall",51.495718,-0.110889,7,1,6,36,29,0
2026-08-16 22:45:00+00:00,BikePoints_236,"Fashion Street, Whitechapel",51.51838,-0.073438,0,0,0,30,30,0
2026-08-16 22:45:00+00:00,BikePoints_237,"Dock Street, Wapping",51.509786,-0.068161,9,2,7,30,19,2
2026-08-16 22:45:00+00:00,BikePoints_238,"Frampton Street, Paddington",51.523353,-0.175116,19,1,18,32,13,0
2026-08-16 22:45:00+00:00,BikePoints_239,"Warren Street Station, Euston",51.524438,-0.138019,3,0,3,26,21,2
2026-08-16 22:45:00+00:00,BikePoints_240,"Colombo Street, Southwark",51.505459,-0.105692,0,0,0,14,12,2
2026-08-16 22:45:00+00:00,BikePoints_242,"Beaumont Street, Marylebone",51.522008,-0.151359,2,1,1,23,21,0
2026-08-16 22:45:00+00:00,BikePoints_243,"Gloucester Street, Pimlico",51.490962,-0.139625,24,2,22,25,0,1
2026-08-16 22:45:00+00:00,BikePoints_244,"Bucknall Street, Covent Garden",51.51615,-0.128417,4,2,2,18,10,4
2026-08-16 22:45:00+00:00,BikePoints_245,"Grosvenor Road, Pimlico",51.485357,-0.142207,19,3,16,29,9,1
2026-08-16 22:45:00+00:00,BikePoints_246,"Berry Street, Clerkenwell",51.522853,-0.099994,7,2,5,41,33,1
2026-08-16 22:45:00+00:00,BikePoints_247,"St. John's Wood Church, The Regent's Park",51.530529,-0.167515,22,0,22,50,25,3
2026-08-16 22:45:00+00:00,BikePoints_248,"Triangle Car Park, Hyde Park",51.506451,-0.170279,12,2,10,27,13,2
2026-08-16 22:45:00+00:00,BikePoints_249,"Harper Road, The Borough",51.498597,-0.096191,1,0,1,42,39,2
2026-08-16 22:45:00+00:00,BikePoints_250,"Royal Avenue 1, Chelsea",51.489932,-0.162727,2,0,2,10,6,2
2026-08-16 22:45:00+00:00,BikePoints_251,"Brushfield Street, Liverpool Street",51.518908,-0.079249,1,1,0,34,32,1
2026-08-16 22:45:00+00:00,BikePoints_253,"Shoreditch Park, Hoxton",51.534042,-0.086379,8,0,8,30,18,4
2026-08-16 22:45:00+00:00,BikePoints_254,"Chadwell Street, Angel",51.530515,-0.106408,3,1,2,18,14,1
2026-08-16 22:45:00+00:00,BikePoints_255,"Clifton Road, Maida Vale",51.525575,-0.179592,14,2,12,22,5,3
2026-08-16 22:45:00+00:00,BikePoints_256,"Houghton Street, Strand",51.51362,-0.116764,0,0,0,15,14,1
2026-08-16 22:45:00+00:00,BikePoints_257,"Westminster University, Marylebone",51.522481,-0.154907,4,0,4,16,10,2
2026-08-16 22:45:00+00:00,BikePoints_258,"Kensington Gore, Knightsbridge",51.501432,-0.178656,0,0,0,23,23,0
2026-08-16 22:45:00+00:00,BikePoints_259,"Bourne Street, Belgravia",51.490959,-0.153233,5,1,4,16,11,0
2026-08-16 22:45:00+00:00,BikePoints_260,"Broadwick Street, Soho",51.513684,-0.13558,0,0,0,18,15,3
2026-08-16 22:45:00+00:00,BikePoints_261,"Princes Square, Bayswater",51.513489,-0.191351,7,3,4,16,9,0
2026-08-16 22:45:00+00:00,BikePoints_262,"LSBU (Borough Road), Elephant & Castle",51.498744,-0.103132,6,1,5,35,29,0
2026-08-16 22:45:00+00:00,BikePoints_263,"St. Mary Axe, Aldgate",51.514225,-0.08066,4,4,0,21,15,2
2026-08-16 22:45:00+00:00,BikePoints_264,"Tysoe Street, Clerkenwell",51.526443,-0.109256,3,2,1,20,16,1
2026-08-16 22:45:00+00:00,BikePoints_265,"Southwick Street, Paddington",51.515953,-0.169249,6,3,3,17,11,0
2026-08-16 22:45:00+00:00,BikePoints_266,"Queen's Gate (North), Kensington",51.501026,-0.180246,0,0,0,41,39,2
2026-08-16 22:45:00+00:00,BikePoints_268,"Belgrave Road, Victoria",51.493204,-0.144132,25,0,25,29,2,2
2026-08-16 22:45:00+00:00,BikePoints_269,"Empire Square, The Borough",51.500823,-0.08974,44,1,43,46,0,2
2026-08-16 22:45:00+00:00,BikePoints_271,"London Zoo,  The Regent's Park",51.535836,-0.156285,10,0,10,32,22,0
2026-08-16 22:45:00+00:00,BikePoints_272,"Baylis Road, Waterloo",51.501444,-0.110699,0,0,0,22,20,2
2026-08-16 22:45:00+00:00,BikePoints_273,"Belvedere Road 1, South Bank",51.506133,-0.114686,13,1,12,38,21,4
2026-08-16 22:45:00+00:00,BikePoints_274,"Warwick Road, Olympia",51.496712,-0.205284,13,5,8,36,23,0
2026-08-16 22:45:00+00:00,BikePoints_275,"Barbican Centre, Barbican",51.520044,-0.092176,0,0,0,19,18,1
2026-08-16 22:45:00+00:00,BikePoints_276,"Lower Thames Street, Monument",51.509301,-0.084985,1,0,1,24,22,1
2026-08-16 22:45:00+00:00,BikePoints_277,"Kensington Church Street, Kensington",51.503157,-0.191496,8,1,7,17,7,2
2026-08-16 22:45:00+00:00,BikePoints_278,"Tooley Street, Bermondsey",51.503493,-0.07962,10,8,2,27,13,4
2026-08-16 22:45:00+00:00,BikePoints_279,"North Wharf Road, Paddington",51.518623,-0.176603,6,3,3,23,16,1
2026-08-16 22:45:00+00:00,BikePoints_280,"Royal Avenue 2, Chelsea",51.490083,-0.162418,9,0,9,10,1,0
2026-08-16 22:45:00+00:00,BikePoints_281,"Smith Square, Westminster",51.495805,-0.127575,12,2,10,18,6,0
2026-08-16 22:45:00+00:00,BikePoints_282,"Royal London Hospital, Whitechapel",51.518675,-0.06111,31,7,24,42,5,6
2026-08-16 22:45:00+00:00,BikePoints_283,"Kingsway, Covent Garden",51.514409,-0.118478,0,0,0,16,16,0
2026-08-16 22:45:00+00:00,BikePoints_284,"Lambeth North Station, Waterloo",51.49914,-0.112031,14,2,12,20,6,0
2026-08-16 22:45:00+00:00,BikePoints_286,"St. John's Wood Road, St. John's Wood",51.527294,-0.174653,21,4,17,35,12,2
2026-08-16 22:45:00+00:00,BikePoints_287,"Bedford Way, Bloomsbury",51.523673,-0.128377,4,1,3,23,18,1
2026-08-16 22:45:00+00:00,BikePoints_288,"Elizabeth Bridge, Victoria",51.492369,-0.147478,33,0,33,34,1,0
2026-08-16 22:45:00+00:00,BikePoints_289,"South Audley Street, Mayfair",51.50923,-0.151289,1,0,1,15,14,0
2026-08-16 22:45:00+00:00,BikePoints_290,"St Mary's Hospital, Paddington",51.518268,-0.171103,3,0,3,20,14,3
2026-08-16 22:45:00+00:00,BikePoints_291,"Claverton Street, Pimlico",51.484839,-0.138089,31,1,30,32,0,1
2026-08-16 22:45:00+00:00,BikePoints_292,"Montpelier Street, Knightsbridge",51.498884,-0.165471,8,1,7,16,8,0
2026-08-16 22:45:00+00:00,BikePoints_293,"Kensington Olympia Station, Olympia",51.498157,-0.209494,11,0,11,25,14,0
2026-08-16 22:45:00+00:00,BikePoints_294,"St. George's Square, Pimlico",51.488226,-0.135635,13,1,12,16,1,2
2026-08-16 22:45:00+00:00,BikePoints_295,"Swan Street, The Borough",51.500296,-0.092762,5,0,5,27,21,1
2026-08-16 22:45:00+00:00,BikePoints_296,"Knaresborough Place, Earl's Court",51.493631,-0.190603,6,1,5,18,10,2
2026-08-16 22:45:00+00:00,BikePoints_297,"Geraldine Street, Elephant & Castle",51.496127,-0.106,13,2,11,17,3,1
2026-08-16 22:45:00+00:00,BikePoints_298,"Curlew Street, Shad Thames",51.502279,-0.074189,13,3,10,21,4,4
2026-08-16 22:45:00+00:00,BikePoints_299,"Vincent Square, Westminster",51.493985,-0.136928,16,0,16,19,3,0
2026-08-16 22:45:00+00:00,BikePoints_300,"Serpentine Car Park, Hyde Park",51.505014,-0.17306,4,0,4,18,11,3
2026-08-16 22:45:00+00:00,BikePoints_301,"Marylebone Lane, Marylebone",51.514759,-0.148105,2,1,1,24,18,4
2026-08-16 22:45:00+00:00,BikePoints_302,"Putney Pier, Wandsworth",51.466907,-0.216573,20,4,16,28,5,3
2026-08-16 22:45:00+00:00,BikePoints_303,"Albert Gate, Hyde Park",51.502953,-0.158456,1,0,1,34,28,5
2026-08-16 22:45:00+00:00,BikePoints_306,"Rathbone Street, Fitzrovia",51.518162,-0.135025,0,0,0,16,14,2
2026-08-16 22:45:00+00:00,BikePoints_307,"Black Lion Gate, Kensington Gardens",51.509908,-0.187842,20,10,10,24,0,4
2026-08-16 22:45:00+00:00,BikePoints_308,"Long Lane , Bermondsey",51.499075,-0.085666,18,3,15,20,2,0
2026-08-16 22:45:00+00:00,BikePoints_309,"Embankment (Savoy), Strand",51.509631,-0.119047,1,1,0,41,39,1
2026-08-16 22:45:00+00:00,BikePoints_310,"Black Prince Road, Vauxhall",51.490867,-0.116911,14,3,11,19,4,1
2026-08-16 22:45:00+00:00,BikePoints_311,"Foley Street, Fitzrovia",51.519181,-0.140485,4,1,3,24,20,0
2026-08-16 22:45:00+00:00,BikePoints_312,"Grove End Road, St. John's Wood",51.530889,-0.17677,15,3,12,20,3,2
2026-08-16 22:45:00+00:00,BikePoints_313,"Wells Street, Fitzrovia",51.517344,-0.138072,1,1,0,38,34,3
2026-08-16 22:45:00+00:00,BikePoints_314,"Tyers Gate, Bermondsey",51.500889,-0.083159,33,1,32,36,1,2
2026-08-16 22:45:00+00:00,BikePoints_315,"The Tennis Courts, The Regent's Park",51.525367,-0.153463,7,7,0,16,8,1
2026-08-16 22:45:00+00:00,BikePoints_316,"Warwick Row, Westminster",51.497998,-0.14296,1,0,1,21,17,3
2026-08-16 22:45:00+00:00,BikePoints_317,"Dickens Square, Borough",51.496791,-0.093913,6,0,6,32,26,0
2026-08-16 22:45:00+00:00,BikePoints_318,"Sackville Street, Mayfair",51.510048,-0.138846,2,2,0,18,15,1
2026-08-16 22:45:00+00:00,BikePoints_319,"Baldwin Street, St. Luke's",51.527025,-0.088542,6,1,5,21,13,2
2026-08-16 22:45:00+00:00,BikePoints_320,"Queen Mother Sports Centre, Victoria",51.493573,-0.139956,20,0,20,26,6,0
2026-08-16 22:45:00+00:00,BikePoints_321,"Bermondsey Street, Bermondsey",51.497855,-0.081608,16,3,13,24,7,1
2026-08-16 22:45:00+00:00,BikePoints_322,"Palissy Street, Shoreditch",51.526293,-0.073955,24,1,23,26,0,2
2026-08-16 22:45:00+00:00,BikePoints_323,"Clifton Street, Shoreditch",51.523196,-0.083067,6,1,5,24,18,0
2026-08-16 22:45:00+00:00,BikePoints_324,"Ontario Street, Elephant & Castle",51.49652,-0.101384,10,0,10,15,4,1
2026-08-16 22:45:00+00:00,BikePoints_326,"Graham Street, Angel",51.532661,-0.099981,19,1,18,26,6,1
2026-08-16 22:45:00+00:00,BikePoints_327,"Westbourne Green, Westbourne",51.522168,-0.192814,9,1,8,21,11,1
2026-08-16 22:45:00+00:00,BikePoints_328,"New North Road 2, Hoxton",51.53114,-0.086016,4,2,2,22,18,0
2026-08-16 22:45:00+00:00,BikePoints_329,"Prince Albert Road, The Regent's Park",51.535892,-0.160854,4,3,1,24,16,4
2026-08-16 22:45:00+00:00,BikePoints_330,"Eastbourne Mews, Paddington",51.516417,-0.179135,12,4,8,34,20,2
2026-08-16 22:45:00+00:00,BikePoints_331,"Bunhill Row, Moorgate",51.520858,-0.089887,0,0,0,30,26,4
2026-08-16 22:45:00+00:00,BikePoints_332,"Nevern Place, Earl's Court",51.493343,-0.194757,8,0,8,20,11,1
2026-08-16 22:45:00+00:00,BikePoints_333,"Palace Gardens Terrace, Notting Hill",51.508605,-0.193764,12,5,7,37,24,1
2026-08-16 22:45:00+00:00,BikePoints_334,"Agar Grove, Camden Town",51.542891,-0.132253,13,4,9,18,5,0
2026-08-16 22:45:00+00:00,BikePoints_335,"Tavistock Street, Covent Garden",51.511968,-0.120718,0,0,0,33,30,3
2026-08-16 22:45:00+00:00,BikePoints_336,"Concert Hall Approach, South Bank",51.504841,-0.115153,20,0,20,30,8,2
2026-08-16 22:45:00+00:00,BikePoints_337,"Pembridge Villas, Notting Hill",51.511084,-0.197524,7,2,5,16,8,1
2026-08-16 22:45:00+00:00,BikePoints_338,"Wellington Street , Strand",51.511756,-0.119643,0,0,0,24,20,4
2026-08-16 22:45:00+00:00,BikePoints_340,"Bank of England Museum, Bank",51.514441,-0.087587,0,0,0,16,14,2
2026-08-16 22:45:00+00:00,BikePoints_341,"Craven Street, Strand",51.508103,-0.126021,0,0,0,23,21,2
2026-08-16 22:45:00+00:00,BikePoints_344,"Goswell Road (City Uni), Finsbury",51.528246,-0.101026,10,1,9,16,5,1
2026-08-16 22:45:00+00:00,BikePoints_345,"Flood Street, Chelsea",51.488023,-0.166878,4,0,4,33,28,1
2026-08-16 22:45:00+00:00,BikePoints_348,"Grosvenor Square, Mayfair",51.51217,-0.150481,2,1,1,17,11,4
2026-08-16 22:45:00+00:00,BikePoints_349,"St. George Street, Mayfair",51.51196,-0.142783,0,0,0,18,16,2
2026-08-16 22:45:00+00:00,BikePoints_350,"Queen's Gate, Kensington Gardens",51.501715,-0.179854,5,3,2,21,12,4
2026-08-16 22:45:00+00:00,BikePoints_351,"Macclesfield Rd, St Lukes",51.529423,-0.097122,10,1,9,28,16,2
2026-08-16 22:45:00+00:00,BikePoints_352,"Vauxhall Street, Vauxhall",51.486965,-0.116625,16,2,14,19,3,0
2026-08-16 22:45:00+00:00,BikePoints_353,"Greycoat Street , Westminster",51.494591,-0.134234,13,0,13,17,4,0
2026-08-16 22:45:00+00:00,BikePoints_354,"Northumberland Avenue, Strand",51.506767,-0.123702,2,0,2,37,35,0
2026-08-16 22:45:00+00:00,BikePoints_355,"Clapham Common Station, Clapham Common",51.461388,-0.139221,17,0,17,21,2,2
2026-08-16 22:45:00+00:00,BikePoints_356,"South Kensington Station, South Kensington",51.494412,-0.173881,2,0,2,15,12,1
2026-08-16 22:45:00+00:00,BikePoints_357,"Howland Street, Fitzrovia",51.520994,-0.139016,9,1,8,30,21,0
2026-08-16 22:45:00+00:00,BikePoints_358,"High Holborn , Covent Garden",51.516398,-0.124257,0,0,0,20,20,0
2026-08-16 22:45:00+00:00,BikePoints_359,"Butler Place, Westminster",51.497829,-0.13544,0,0,0,18,17,1
2026-08-16 22:45:00+00:00,BikePoints_360,"Howick Place, Westminster",51.496753,-0.138733,0,0,0,27,26,1
2026-08-16 22:45:00+00:00,BikePoints_361,"Waterloo Station 2, Waterloo",51.503919,-0.113426,15,1,14,55,40,0
2026-08-16 22:45:00+00:00,BikePoints_362,"Royal College Street, Camden Town",51.536264,-0.133952,46,3,43,57,8,3
2026-08-16 22:45:00+00:00,BikePoints_363,"Lord's, St. John's Wood",51.529121,-0.171185,10,0,10,24,13,1
2026-08-16 22:45:00+00:00,BikePoints_364,"Store Street, Bloomsbury",51.519572,-0.13214,5,4,1,32,26,1
2026-08-16 22:45:00+00:00,BikePoints_365,"City Road, Angel",51.530344,-0.100168,26,6,20,47,18,3
2026-08-16 22:45:00+00:00,BikePoints_367,"Harrowby Street, Marylebone",51.517372,-0.164207,1,0,1,16,13,2
2026-08-16 22:45:00+00:00,BikePoints_368,"Lowndes Square, Knightsbridge",51.50058,-0.158837,0,0,0,23,22,1
2026-08-16 22:45:00+00:00,BikePoints_370,"Paddington Green, Paddington",51.520205,-0.174593,9,3,6,20,11,0
2026-08-16 22:45:00+00:00,BikePoints_371,"Brockwell Lido, Brixton",51.453118,-0.104955,26,0,26,30,3,1
2026-08-16 22:45:00+00:00,BikePoints_372,"Sardinia Street, Holborn",51.515208,-0.117863,0,0,0,24,24,0
2026-08-16 22:45:00+00:00,BikePoints_373,"Prince Consort Road, Knightsbridge",51.499806,-0.176415,0,0,0,18,17,1
2026-08-16 22:45:00+00:00,BikePoints_374,"Waterloo Station 1, Waterloo",51.504027,-0.113864,10,0,10,36,21,5
2026-08-16 22:45:00+00:00,BikePoints_375,"Kensington Town Hall, Kensington",51.501945,-0.194392,3,0,3,18,14,1
2026-08-16 22:45:00+00:00,BikePoints_376,"Millbank Tower, Pimlico",51.491884,-0.125674,3,1,2,24,19,2
2026-08-16 22:45:00+00:00,BikePoints_377,"Waterloo Bridge, South Bank",51.505354,-0.113656,9,2,7,15,5,1
2026-08-16 22:45:00+00:00,BikePoints_378,"Natural History Museum, South Kensington",51.495592,-0.179077,2,0,2,42,39,1
2026-08-16 22:45:00+00:00,BikePoints_379,"Turquoise Island, Notting Hill",51.514311,-0.200838,6,0,6,21,15,0
2026-08-16 22:45:00+00:00,BikePoints_380,"Stanhope Gate, Mayfair",51.506864,-0.150666,3,0,3,21,18,0
2026-08-16 22:45:00+00:00,BikePoints_381,"Charlotte Street, Fitzrovia",51.51953,-0.135777,0,0,0,14,14,0
2026-08-16 22:45:00+00:00,BikePoints_382,"Farm Street, Mayfair",51.509351,-0.147449,0,0,0,15,15,0
2026-08-16 22:45:00+00:00,BikePoints_383,"Frith Street, Soho",51.513103,-0.131213,0,0,0,18,16,2
2026-08-16 22:45:00+00:00,BikePoints_384,"Marloes Road, Kensington",51.496481,-0.192404,3,0,3,15,12,0
2026-08-16 22:45:00+00:00,BikePoints_386,"Moor Street, Soho",51.513527,-0.13011,1,1,0,16,11,4
2026-08-16 22:45:00+00:00,BikePoints_387,"Fire Brigade Pier, Vauxhall",51.493699,-0.121394,1,0,1,30,26,3
2026-08-16 22:45:00+00:00,BikePoints_388,"Southampton Street, Strand",51.510701,-0.121723,2,0,2,14,11,1
2026-08-16 22:45:00+00:00,BikePoints_389,"Upper Grosvenor Street, Mayfair",51.51013,-0.155757,2,0,2,18,16,0
2026-08-16 22:45:00+00:00,BikePoints_390,"Buxton Street 1, Shoreditch",51.521776,-0.068856,10,0,10,41,30,1
2026-08-16 22:45:00+00:00,BikePoints_391,"Clifford Street, Mayfair",51.510662,-0.142345,2,1,1,17,14,1
2026-08-16 22:45:00+00:00,BikePoints_392,"Imperial College, Knightsbridge",51.499428,-0.179702,0,0,0,33,32,1
2026-08-16 22:45:00+00:00,BikePoints_393,"Snow Hill, Farringdon",51.517334,-0.103604,2,0,2,15,13,0
2026-08-16 22:45:00+00:00,BikePoints_394,"Aberdeen Place, St. John's Wood",51.524826,-0.176268,17,5,12,18,0,1
2026-08-16 22:45:00+00:00,BikePoints_395,"Cadogan Gardens, Chelsea",51.492462,-0.159919,3,1,2,15,11,1
2026-08-16 22:45:00+00:00,BikePoints_396,"Shouldham Street, Marylebone",51.51809,-0.163609,2,0,2,16,13,1
2026-08-16 22:45:00+00:00,BikePoints_397,"Devonshire Terrace, Bayswater",51.51348,-0.17977,9,4,5,16,3,4
2026-08-16 22:45:00+00:00,BikePoints_398,"Holland Park, Kensington",51.502319,-0.200742,18,0,18,30,12,0
2026-08-16 22:45:00+00:00,BikePoints_399,"Brick Lane Market, Shoreditch",51.522617,-0.071653,10,1,9,24,13,1
2026-08-16 22:45:00+00:00,BikePoints_400,"George Street, Marylebone",51.517703,-0.154106,14,0,14,27,13,0
2026-08-16 22:45:00+00:00,BikePoints_401,"Columbia Road, Shoreditch",51.528187,-0.075375,12,0,12,24,11,1
2026-08-16 22:45:00+00:00,BikePoints_402,"Penfold Street, Marylebone",51.522892,-0.171681,0,0,0,15,14,1
2026-08-16 22:45:00+00:00,BikePoints_403,"George Place Mews, Marylebone",51.516892,-0.158249,3,1,2,16,11,2
2026-08-16 22:45:00+00:00,BikePoints_404,"Palace Gate, Kensington Gardens",51.502042,-0.1844,8,0,8,13,0,5
2026-08-16 22:45:00+00:00,BikePoints_405,"Gloucester Road Station, South Kensington",51.494185,-0.18267,2,1,1,15,12,1
2026-08-16 22:45:00+00:00,BikePoints_408,"Sun Street, Liverpool Street",51.520009,-0.083935,3,1,2,24,21,0
2026-08-16 22:45:00+00:00,BikePoints_409,"Strata, Elephant & Castle",51.493146,-0.099828,13,6,7,41,20,8
2026-08-16 22:45:00+00:00,BikePoints_410,"Orchard Place, Blackwall Tunnel",51.510212,0.004979,15,3,12,24,8,1
2026-08-16 22:45:00+00:00,BikePoints_411,"Rotherhithe Roundabout, Rotherhithe",51.499169,-0.055846,17,1,16,19,1,1
2026-08-16 22:45:00+00:00,BikePoints_412,"Cleaver Street, Kennington",51.488105,-0.110121,9,0,9,17,8,0
2026-08-16 22:45:00+00:00,BikePoints_419,"Chelsea Bridge, Pimlico",51.485821,-0.149004,1,0,1,15,14,0
2026-08-16 22:45:00+00:00,BikePoints_423,"Eaton Square (South), Belgravia",51.494561,-0.153933,8,0,8,31,23,0
2026-08-16 22:45:00+00:00,BikePoints_424,"Ebury Bridge, Pimlico",51.490491,-0.149186,17,1,16,29,10,2
2026-08-16 22:45:00+00:00,BikePoints_426,"Vincent Street, Pimlico",51.493072,-0.129925,12,5,7,17,5,0
2026-08-16 22:45:00+00:00,BikePoints_427,"Cheapside, Bank",51.51397,-0.09294,0,0,0,43,43,0
2026-08-16 22:45:00+00:00,BikePoints_428,"Exhibition Road, Knightsbridge",51.499917,-0.174554,0,0,0,20,20,0
2026-08-16 22:45:00+00:00,BikePoints_430,"South Parade, Chelsea",51.48902,-0.17524,5,1,4,18,11,2
2026-08-16 22:45:00+00:00,BikePoints_431,"Crinan Street, King's Cross",51.534474,-0.122203,4,2,2,20,15,1
2026-08-16 22:45:00+00:00,BikePoints_432,"Exhibition Road Museums 1, South Kensington",51.496468,-0.173796,0,0,0,13,13,0
2026-08-16 22:45:00+00:00,BikePoints_433,"Wren Street, Holborn",51.524564,-0.116279,3,0,3,33,27,3
2026-08-16 22:45:00+00:00,BikePoints_435,"Kennington Station, Kennington",51.488852,-0.105593,5,1,4,23,18,0
2026-08-16 22:45:00+00:00,BikePoints_436,"Red Lion Street, Holborn",51.51824,-0.11655,1,1,0,36,35,0
2026-08-16 22:45:00+00:00,BikePoints_437,"Vauxhall Walk, Vauxhall",51.488124,-0.120903,19,1,18,27,8,0
2026-08-16 22:45:00+00:00,BikePoints_439,"Killick Street, King's Cross",51.5338,-0.118677,16,3,13,22,4,2
2026-08-16 22:45:00+00:00,BikePoints_440,"Kennington Oval, Oval",51.483145,-0.113134,30,0,30,33,0,3
2026-08-16 22:45:00+00:00,BikePoints_441,"Sail Street, Vauxhall",51.495656,-0.114605,13,0,13,24,10,1
2026-08-16 22:45:00+00:00,BikePoints_442,"Walmer Road, Avondale",51.510101,-0.211358,8,1,7,24,16,0
2026-08-16 22:45:00+00:00,BikePoints_443,"Philpot Street, Whitechapel",51.515256,-0.058641,6,0,6,30,21,3
2026-08-16 22:45:00+00:00,BikePoints_444,"Bethnal Green Garden, Bethnal Green",51.52568,-0.055312,1,0,1,24,22,1
2026-08-16 22:45:00+00:00,BikePoints_445,"Cheshire Street, Bethnal Green",51.52388,-0.065076,4,0,4,28,24,0
2026-08-16 22:45:00+00:00,BikePoints_446,"York Hall, Bethnal Green",51.528936,-0.055894,13,0,13,27,12,2
2026-08-16 22:45:00+00:00,BikePoints_447,"Jubilee Crescent, Cubitt Town",51.493381,-0.007542,6,1,5,54,46,2
2026-08-16 22:45:00+00:00,BikePoints_448,"Fisherman's Walk West, Canary Wharf",51.50623,-0.02296,17,1,16,36,18,1
2026-08-16 22:45:00+00:00,BikePoints_449,"Shadwell Station, Shadwell",51.511088,-0.057159,25,1,24,35,7,3
2026-08-16 22:45:00+00:00,BikePoints_450,"Jubilee Street, Stepney",51.515975,-0.053177,6,1,5,28,22,0
2026-08-16 22:45:00+00:00,BikePoints_451,"Hermitage Court, Wapping",51.504719,-0.063531,10,4,6,16,5,1
2026-08-16 22:45:00+00:00,BikePoints_452,"St. Katharine's Way, Tower",51.505697,-0.070542,1,1,0,24,21,2
2026-08-16 22:45:00+00:00,BikePoints_453,"Garnet Street, Shadwell",51.508447,-0.055167,9,0,9,24,14,1
2026-08-16 22:45:00+00:00,BikePoints_454,"Napier Avenue, Millwall",51.487679,-0.021582,15,6,9,20,3,2
2026-08-16 22:45:00+00:00,BikePoints_455,"East Ferry Road, Cubitt Town",51.49447,-0.014409,16,2,14,17,0,1
2026-08-16 22:45:00+00:00,BikePoints_456,"Albert Street, Camden Town",51.537706,-0.144801,10,4,6,26,11,5
2026-08-16 22:45:00+00:00,BikePoints_457,"Castlehaven Road, Camden Town",51.542138,-0.145393,7,3,4,29,21,1
2026-08-16 22:45:00+00:00,BikePoints_458,"Wapping Lane, Wapping",51.504749,-0.057544,10,1,9,28,15,3
2026-08-16 22:45:00+00:00,BikePoints_459,"Gunmakers Lane, Old Ford",51.535179,-0.03338,14,1,13,17,2,1
2026-08-16 22:45:00+00:00,BikePoints_461,"Aston Street, Stepney",51.516,-0.038775,9,1,8,26,17,0
2026-08-16 22:45:00+00:00,BikePoints_462,"Bonny Street, Camden Town",51.541603,-0.138853,31,10,21,45,10,4
2026-08-16 22:45:00+00:00,BikePoints_463,"Thurtle Road, Haggerston",51.534776,-0.071881,3,1,2,22,17,2
2026-08-16 22:45:00+00:00,BikePoints_464,"St. Mary & St. Michael Church, Stepney",51.51417,-0.052099,5,0,5,25,20,0
2026-08-16 22:45:00+00:00,BikePoints_465,"Pitfield Street North,Hoxton",51.53558,-0.08249,21,4,17,28,5,2
2026-08-16 22:45:00+00:00,BikePoints_466,"Whiston Road, Haggerston",51.534464,-0.076341,8,4,4,21,11,2
2026-08-16 22:45:00+00:00,BikePoints_467,"Southern Grove, Bow",51.523538,-0.030556,3,0,3,17,14,0
2026-08-16 22:45:00+00:00,BikePoints_468,"Cantrell Road, Bow",51.521564,-0.022694,20,0,20,24,2,2
2026-08-16 22:45:00+00:00,BikePoints_469,"Lindfield Street, Poplar",51.513757,-0.020467,20,2,18,44,22,2
2026-08-16 22:45:00+00:00,BikePoints_470,"Mostyn Grove, Bow",51.530535,-0.025492,17,4,13,46,28,1
2026-08-16 22:45:00+00:00,BikePoints_471,"Hewison Street, Old Ford",51.533283,-0.028155,14,4,10,19,5,0
2026-08-16 22:45:00+00:00,BikePoints_472,"Malmesbury Road, Bow",51.529452,-0.027616,8,4,4,21,12,1
2026-08-16 22:45:00+00:00,BikePoints_473,"Millharbour, Millwall",51.496137,-0.019355,8,1,7,19,7,4
2026-08-16 22:45:00+00:00,BikePoints_474,"Gascoyne Road, Victoria Park",51.541515,-0.038557,12,8,4,20,5,3
2026-08-16 22:45:00+00:00,BikePoints_475,"Lightermans Road, Millwall",51.499041,-0.020157,8,3,5,31,21,2
2026-08-16 22:45:00+00:00,BikePoints_476,"Stebondale Street, Cubitt Town",51.489096,-0.009205,5,0,5,29,20,4
2026-08-16 22:45:00+00:00,BikePoints_477,"Spindrift Avenue, Millwall",51.49109,-0.018716,16,2,14,36,18,2
2026-08-16 22:45:00+00:00,BikePoints_478,"Stepney Green Station, Stepney",51.521889,-0.04667,17,1,16,21,0,4
2026-08-16 22:45:00+00:00,BikePoints_479,"Pott Street, Bethnal Green",51.527152,-0.058005,14,1,13,20,2,4
2026-08-16 22:45:00+00:00,BikePoints_480,"Flamborough Street, Limehouse",51.512871,-0.038986,24,4,20,25,0,1
2026-08-16 22:45:00+00:00,BikePoints_481,"Saunders Ness Road, Cubitt Town",51.487129,-0.009001,11,1,10,35,21,3
2026-08-16 22:45:00+00:00,BikePoints_482,"Exhibition Road Museums 2, South Kensington",51.495947,-0.173689,0,0,0,14,14,0
2026-08-16 22:45:00+00:00,BikePoints_483,"Albert Gardens, Stepney",51.51328,-0.047784,25,2,23,33,5,3
2026-08-16 22:45:00+00:00,BikePoints_484,"Bromley High Street, Bow",51.528828,-0.013258,11,2,9,24,9,4
2026-08-16 22:45:00+00:00,BikePoints_485,"Old Ford Road, Bethnal Green",51.531127,-0.048017,14,2,12,24,4,6
2026-08-16 22:45:00+00:00,BikePoints_486,"Granby Street, Shoreditch",51.525645,-0.069543,5,0,5,37,31,1
2026-08-16 22:45:00+00:00,BikePoints_487,"Canton Street, Poplar",51.511811,-0.025626,8,1,7,23,14,1
2026-08-16 22:45:00+00:00,BikePoints_488,"Reardon Street, Wapping",51.506946,-0.058681,4,1,3,22,13,5
2026-08-16 22:45:00+00:00,BikePoints_489,"Christian Street, Whitechapel",51.513074,-0.064094,18,5,13,34,16,0
2026-08-16 22:45:00+00:00,BikePoints_490,"Pennington Street, Wapping",51.508622,-0.065006,7,3,4,45,36,2
2026-08-16 22:45:00+00:00,BikePoints_491,"Queen Mary's, Mile End",51.522507,-0.041378,8,0,8,45,32,5
2026-08-16 22:45:00+00:00,BikePoints_494,"South Quay East, Canary Wharf",51.50196,-0.016251,14,2,12,36,22,0
2026-08-16 22:45:00+00:00,BikePoints_495,"Bow Church Station, Bow",51.528169,-0.018703,26,6,20,39,12,1
2026-08-16 22:45:00+00:00,BikePoints_496,"Devons Road, Bow",51.52512,-0.015578,29,4,25,39,5,5
2026-08-16 22:45:00+00:00,BikePoints_497,"Merchant Street, Bow",51.526578,-0.027581,25,5,20,27,1,1
2026-08-16 22:45:00+00:00,BikePoints_498,"Bow Road Station, Bow",51.527058,-0.025296,8,3,5,42,33,1
2026-08-16 22:45:00+00:00,BikePoints_499,"Furze Green, Bow",51.519265,-0.021345,20,3,17,36,13,3
2026-08-16 22:45:00+00:00,BikePoints_500,"Ansell House, Stepney",51.520019,-0.05438,1,0,1,41,38,2
2026-08-16 22:45:00+00:00,BikePoints_501,"Cephas Street, Bethnal Green",51.522561,-0.054883,10,1,9,24,11,3
2026-08-16 22:45:00+00:00,BikePoints_502,"Bonner Gate, Victoria Park",51.53341,-0.049591,2,0,2,21,15,4
2026-08-16 22:45:00+00:00,BikePoints_503,"Cleveland Way, Stepney",51.520893,-0.051394,2,1,1,36,33,1
2026-08-16 22:45:00+00:00,BikePoints_504,"St. John's Park, Cubitt Town",51.496454,-0.009506,8,1,7,30,21,1
2026-08-16 22:45:00+00:00,BikePoints_505,"Ackroyd Drive, Bow",51.520398,-0.026768,22,6,16,29,2,5
2026-08-16 22:45:00+00:00,BikePoints_506,"Bell Lane, Liverpool Street",51.517475,-0.075855,0,0,0,23,22,1
2026-08-16 22:45:00+00:00,BikePoints_507,"Clarkson Street, Bethnal Green",51.528692,-0.059091,14,3,11,31,16,1
2026-08-16 22:45:00+00:00,BikePoints_508,"Fournier Street, Whitechapel",51.519362,-0.074431,2,1,1,18,14,2
2026-08-16 22:45:00+00:00,BikePoints_509,"Fore Street Avenue, Guildhall",51.517842,-0.090075,0,0,0,19,17,2
2026-08-16 22:45:00+00:00,BikePoints_510,"Westferry DLR, Limehouse",51.509303,-0.025996,16,1,15,41,23,2
2026-08-16 22:45:00+00:00,BikePoints_511,"Sutton Street, Shadwell",51.511066,-0.053558,29,4,25,33,1,3
2026-08-16 22:45:00+00:00,BikePoints_513,"Watney Market, Stepney",51.514222,-0.055656,10,2,8,51,40,1
2026-08-16 22:45:00+00:00,BikePoints_514,"Portman Square, Marylebone",51.516204,-0.155525,1,1,0,17,15,1
2026-08-16 22:45:00+00:00,BikePoints_515,"Russell Gardens, Olympia",51.500088,-0.211316,5,0,5,24,19,0
2026-08-16 22:45:00+00:00,BikePoints_516,"Chrisp Street Market, Poplar",51.5112,-0.014438,14,3,11,18,3,1
2026-08-16 22:45:00+00:00,BikePoints_517,"Ford Road, Old Ford",51.532513,-0.033085,8,0,8,18,7,3
2026-08-16 22:45:00+00:00,BikePoints_518,"Antill Road, Mile End",51.528224,-0.037471,9,1,8,30,20,1
2026-08-16 22:45:00+00:00,BikePoints_519,"Teviot Street, Poplar",51.518811,-0.011662,33,2,31,33,0,0
2026-08-16 22:45:00+00:00,BikePoints_520,"Bancroft Road, Bethnal Green",51.526041,-0.047218,18,4,14,21,1,2
2026-08-16 22:45:00+00:00,BikePoints_521,"Driffield Road, Old Ford",51.534137,-0.037366,18,0,18,19,0,1
2026-08-16 22:45:00+00:00,BikePoints_522,"Clinton Road, Mile End",51.525941,-0.036017,18,4,14,36,18,0
2026-08-16 22:45:00+00:00,BikePoints_523,"Langdon Park, Poplar",51.51549,-0.013475,16,1,15,24,7,1
2026-08-16 22:45:00+00:00,BikePoints_524,"Lancaster Gate , Bayswater",51.511654,-0.179668,24,0,24,38,13,1
2026-08-16 22:45:00+00:00,BikePoints_525,"Blythe Road, Olympia",51.496927,-0.2135,6,1,5,24,17,1
2026-08-16 22:45:00+00:00,BikePoints_526,"Lancaster Drive, Blackwall",51.503143,-0.008428,13,2,11,27,13,1
2026-08-16 22:45:00+00:00,BikePoints_527,"Hansard Mews, Holland Park",51.503802,-0.215808,12,5,7,20,8,0
2026-08-16 22:45:00+00:00,BikePoints_528,"Clarges Street, Mayfair",51.507326,-0.145827,0,0,0,16,16,0
2026-08-16 22:45:00+00:00,BikePoints_529,"Manresa Road, Chelsea",51.486892,-0.170983,3,0,3,18,13,2
2026-08-16 22:45:00+00:00,BikePoints_530,"Newby Place, Poplar",51.508896,-0.012413,17,2,15,18,0,1
2026-08-16 22:45:00+00:00,BikePoints_531,"Twig Folly Bridge, Mile End",51.530326,-0.042744,6,1,5,21,15,0
2026-08-16 22:45:00+00:00,BikePoints_532,"Jubilee Plaza, Canary Wharf",51.5034,-0.020242,0,0,0,63,59,4
2026-08-16 22:45:00+00:00,BikePoints_533,"Wellington Row, Bethnal Green",51.528222,-0.069743,23,4,19,33,8,2
2026-08-16 22:45:00+00:00,BikePoints_534,"Goldsmith's Row, Haggerston",51.531864,-0.066035,24,3,21,27,0,3
2026-08-16 22:45:00+00:00,BikePoints_536,"Queensbridge Road, Haggerston",51.53385,-0.06992,11,0,11,35,21,3
2026-08-16 22:45:00+00:00,BikePoints_537,"Old Montague Street, Whitechapel",51.51793,-0.067937,12,4,8,18,6,0
2026-08-16 22:45:00+00:00,BikePoints_538,"Naval Row, Blackwall",51.508981,-0.00699,18,3,15,21,2,1
2026-08-16 22:45:00+00:00,BikePoints_539,"Hoxton Station, Hoxton",51.531091,-0.075901,5,1,4,22,17,0
2026-08-16 22:45:00+00:00,BikePoints_541,"Green Park Station, Mayfair",51.506613,-0.142844,1,0,1,28,23,4
2026-08-16 22:45:00+00:00,BikePoints_542,"Salmon Lane, Limehouse",51.514115,-0.033828,8,3,5,33,24,1
2026-08-16 22:45:00+00:00,BikePoints_543,"Lansdowne Walk, Ladbroke Grove",51.509591,-0.204666,12,2,10,21,8,1
2026-08-16 22:45:00+00:00,BikePoints_544,"Percival Street, Finsbury",51.526153,-0.102208,2,0,2,22,18,2
2026-08-16 22:45:00+00:00,BikePoints_545,"Arlington Road, Camden Town",51.539957,-0.145246,14,0,14,24,9,1
2026-08-16 22:45:00+00:00,BikePoints_546,"New Fetter Lane, Holborn",51.517428,-0.107987,0,0,0,21,20,1
2026-08-16 22:45:00+00:00,BikePoints_547,"East India DLR, Blackwall",51.509474,-0.002275,24,7,17,51,22,5
2026-08-16 22:45:00+00:00,BikePoints_548,"Westminster Bridge Road, Elephant & Castle",51.498386,-0.107913,14,0,14,26,11,1
2026-08-16 22:45:00+00:00,BikePoints_549,"Gaywood  Street, Elephant & Castle",51.49605,-0.104193,5,1,4,45,38,2
2026-08-16 22:45:00+00:00,BikePoints_550,"Harford Street, Mile End",51.521564,-0.039264,23,0,23,23,0,0
2026-08-16 22:45:00+00:00,BikePoints_551,"Import Dock, Canary Wharf",51.505772,-0.01646,13,0,13,39,21,5
2026-08-16 22:45:00+00:00,BikePoints_552,"Watney Street, Shadwell",51.511542,-0.056667,6,0,6,27,21,0
2026-08-16 22:45:00+00:00,BikePoints_553,"Regent's Row , Haggerston",51.535678,-0.062546,6,2,4,24,16,2
2026-08-16 22:45:00+00:00,BikePoints_554,"Aberfeldy Street, Poplar",51.513548,-0.005659,11,2,9,16,0,5
2026-08-16 22:45:00+00:00,BikePoints_556,"Heron Quays DLR, Canary Wharf",51.502661,-0.021596,0,0,0,27,25,2
2026-08-16 22:45:00+00:00,BikePoints_557,"King Edward Street, St Pauls",51.51601,-0.0985,1,0,1,20,19,0
2026-08-16 22:45:00+00:00,BikePoints_558,"Page Street, Westminster",51.493978,-0.127554,8,5,3,24,14,2
2026-08-16 22:45:00+00:00,BikePoints_559,"Abbotsbury Road, Holland Park",51.501391,-0.205991,7,0,7,24,17,0
2026-08-16 22:45:00+00:00,BikePoints_560,"Ladbroke Grove Central, Ladbroke Grove",51.511624,-0.205921,6,1,5,21,14,1
2026-08-16 22:45:00+00:00,BikePoints_561,"Rectory Square, Stepney",51.518369,-0.043371,6,1,5,22,15,1
2026-08-16 22:45:00+00:00,BikePoints_562,"Bury Place, Holborn",51.51742,-0.123189,1,1,0,21,20,0
2026-08-16 22:45:00+00:00,BikePoints_563,"Preston's Road, Cubitt Town",51.499286,-0.009152,13,0,13,26,9,4
2026-08-16 22:45:00+00:00,BikePoints_564,"Somerset House, Strand",51.509943,-0.117619,1,1,0,41,39,1
2026-08-16 22:45:00+00:00,BikePoints_565,"Selby Street, Whitechapel",51.521905,-0.063386,6,2,4,17,9,2
2026-08-16 22:45:00+00:00,BikePoints_568,"Bishop's Bridge Road West, Bayswater",51.51616,-0.18697,4,0,4,18,10,4
2026-08-16 22:45:00+00:00,BikePoints_569,"Pitfield Street Central, Hoxton",51.53213,-0.08299,3,0,3,30,23,4
2026-08-16 22:45:00+00:00,BikePoints_570,"Upper Bank Street, Canary Wharf",51.503083,-0.017676,9,1,8,36,22,5
2026-08-16 22:45:00+00:00,BikePoints_571,"Westfield Southern Terrace ,Shepherd's Bush",51.506256,-0.218337,8,0,8,29,19,2
2026-08-16 22:45:00+00:00,BikePoints_572,"Greenland Road, Camden Town",51.539099,-0.141728,34,4,30,36,1,1
2026-08-16 22:45:00+00:00,BikePoints_573,"Limerston Street, West Chelsea",51.485587,-0.18119,2,2,0,18,15,1
2026-08-16 22:45:00+00:00,BikePoints_574,"Eagle Wharf Road, Hoxton",51.53356,-0.09315,17,4,13,45,23,5
2026-08-16 22:45:00+00:00,BikePoints_576,"Alpha Grove, Millwall",51.497304,-0.022793,18,7,11,23,0,5
2026-08-16 22:45:00+00:00,BikePoints_577,"Globe Town Market, Bethnal Green",51.528869,-0.047548,19,3,16,20,0,1
2026-08-16 22:45:00+00:00,BikePoints_578,"Hollybush Gardens, Bethnal Green",51.527607,-0.057133,25,1,24,32,7,0
2026-08-16 22:45:00+00:00,BikePoints_579,"Queen Street 2, Bank",51.511246,-0.093051,3,0,3,36,32,1
2026-08-16 22:45:00+00:00,BikePoints_580,"Doddington Grove, Kennington",51.486929,-0.102996,27,8,19,36,8,1
2026-08-16 22:45:00+00:00,BikePoints_581,"New Cavendish Street, Marylebone",51.519167,-0.147983,4,1,3,18,12,2
2026-08-16 22:45:00+00:00,BikePoints_583,"Abingdon Green, Westminster",51.49764,-0.125972,0,0,0,20,20,0
2026-08-16 22:45:00+00:00,BikePoints_584,"Ilchester Gardens, Bayswater",51.51244,-0.19096,11,4,7,21,10,0
2026-08-16 22:45:00+00:00,BikePoints_586,"Mudchute DLR, Cubitt Town",51.490645,-0.014582,15,2,13,31,15,1
2026-08-16 22:45:00+00:00,BikePoints_587,"Monument Street, Monument",51.50964,-0.08497,4,0,4,22,17,1
2026-08-16 22:45:00+00:00,BikePoints_589,"Drayton Gardens, West Chelsea",51.487196,-0.179369,4,0,4,18,14,0
2026-08-16 22:45:00+00:00,BikePoints_590,"Greenberry Street, St.John's Wood",51.53256,-0.16862,20,2,18,26,6,0
2026-08-16 22:45:00+00:00,BikePoints_591,"Westfield Library Corner, Shepherd's Bush",51.506093,-0.224223,19,4,15,27,8,0
2026-08-16 22:45:00+00:00,BikePoints_592,"Bishop's Bridge Road East, Bayswater",51.5171,-0.18377,2,1,1,20,18,0
2026-08-16 22:45:00+00:00,BikePoints_593,"Northdown Street, King's Cross",51.531066,-0.11934,9,1,8,21,8,4
2026-08-16 22:45:00+00:00,BikePoints_594,"Kingsway Southbound, Strand",51.513875,-0.117774,0,0,0,33,32,1
2026-08-16 22:45:00+00:00,BikePoints_595,"Hammersmith Road, Hammersmith",51.493267,-0.21985,2,0,2,22,19,1
2026-08-16 22:45:00+00:00,BikePoints_596,"Parson's Green , Parson's Green",51.472817,-0.199783,9,1,8,21,12,0
2026-08-16 22:45:00+00:00,BikePoints_597,"Fulham Park Road, Fulham",51.473471,-0.20782,5,1,4,27,22,0
2026-08-16 22:45:00+00:00,BikePoints_598,"Southerton Road, Hammersmith",51.494499,-0.228188,22,2,20,38,14,2
2026-08-16 22:45:00+00:00,BikePoints_599,"Manbre Road, Hammersmith",51.485743,-0.223616,10,0,10,28,18,0
2026-08-16 22:45:00+00:00,BikePoints_600,"South Lambeth Road, Vauxhall",51.481747,-0.124642,16,4,12,21,0,5
2026-08-16 22:45:00+00:00,BikePoints_602,"Union Grove, Wandsworth Road",51.472993,-0.133972,31,1,30,45,13,1
2026-08-16 22:45:00+00:00,BikePoints_603,"Caldwell Street, Stockwell",51.477839,-0.116493,25,0,25,44,19,0
2026-08-16 22:45:00+00:00,BikePoints_604,"St Martins Close, Camden Town",51.538792,-0.138535,17,8,9,18,0,1
2026-08-16 22:45:00+00:00,BikePoints_605,"Seymour Place, Marylebone",51.520331,-0.163667,2,0,2,29,25,2
2026-08-16 22:45:00+00:00,BikePoints_606,"Addison Road, Holland Park",51.504199,-0.210941,4,0,4,26,21,1
2026-08-16 22:45:00+00:00,BikePoints_607,"Putney Bridge Station, Fulham",51.468814,-0.210279,9,1,8,21,12,0
2026-08-16 22:45:00+00:00,BikePoints_608,"Colet Gardens, Hammersmith",51.491093,-0.216493,4,1,3,30,26,0
2026-08-16 22:45:00+00:00,BikePoints_609,"Sugden Road, Clapham",51.465123,-0.157788,15,7,8,19,1,3
2026-08-16 22:45:00+00:00,BikePoints_610,"Danvers Street, West Chelsea",51.482567,-0.172078,5,1,4,21,14,2
2026-08-16 22:45:00+00:00,BikePoints_611,"Princedale Road , Holland Park",51.506465,-0.208486,11,2,9,20,5,4
2026-08-16 22:45:00+00:00,BikePoints_612,"Wandsworth Rd, Isley Court, Wandsworth Road",51.469259,-0.141812,24,3,21,30,6,0
2026-08-16 22:45:00+00:00,BikePoints_613,"Woodstock Grove, Shepherd's Bush",51.504038,-0.2174,1,1,0,24,21,2
2026-08-16 22:45:00+00:00,BikePoints_615,"Finlay Street, Fulham",51.476885,-0.215895,17,1,16,24,7,0
2026-08-16 22:45:00+00:00,BikePoints_616,"Aintree Street, Fulham",51.481021,-0.209973,14,6,8,24,8,2
2026-08-16 22:45:00+00:00,BikePoints_617,"Elysium Place, Fulham",51.471079,-0.207842,15,3,12,21,6,0
2026-08-16 22:45:00+00:00,BikePoints_618,"Eel Brook Common, Walham Green",51.476259,-0.193254,23,1,22,24,1,0
2026-08-16 22:45:00+00:00,BikePoints_619,"Irene Road, Parsons Green",51.473763,-0.19701,17,0,17,23,6,0
2026-08-16 22:45:00+00:00,BikePoints_620,"Surrey Lane, Battersea",51.47518,-0.16716,25,4,21,26,0,1
2026-08-16 22:45:00+00:00,BikePoints_621,"Wandsworth Town Station, Wandsworth",51.460864,-0.187427,30,1,29,33,0,3
2026-08-16 22:45:00+00:00,BikePoints_622,"Lansdowne Road, Ladbroke Grove",51.507481,-0.205535,19,3,16,29,10,0
2026-08-16 22:45:00+00:00,BikePoints_623,"Nantes Close, Wandsworth",51.46193,-0.180791,17,0,17,22,4,1
2026-08-16 22:45:00+00:00,BikePoints_624,"Courland Grove, Wandsworth Road",51.472918,-0.132102,37,1,36,40,0,3
2026-08-16 22:45:00+00:00,BikePoints_625,"Queen's Circus, Battersea Park",51.477619,-0.149551,23,3,20,28,5,0
2026-08-16 22:45:00+00:00,BikePoints_626,"Normand Park, West Kensington",51.484386,-0.204815,19,1,18,24,5,0
2026-08-16 22:45:00+00:00,BikePoints_627,"Holden Street, Battersea",51.46879,-0.15823,18,1,17,20,1,1
2026-08-16 22:45:00+00:00,BikePoints_628,"William Morris Way, Sands End",51.468819,-0.184318,24,1,23,26,2,0
2026-08-16 22:45:00+00:00,BikePoints_629,"Morie Street, Wandsworth",51.459953,-0.190184,25,2,23,28,1,2
2026-08-16 22:45:00+00:00,BikePoints_630,"Clarence Walk, Stockwell",51.470732,-0.126994,27,1,26,28,1,0
2026-08-16 22:45:00+00:00,BikePoints_631,"Battersea Park Road, Nine Elms",51.479501,-0.14177,1,1,0,27,21,5
2026-08-16 22:45:00+00:00,BikePoints_632,"Sheepcote Lane, Battersea",51.470538,-0.163041,26,0,26,28,1,1
2026-08-16 22:45:00+00:00,BikePoints_633,"Vereker Road, West Kensington",51.489591,-0.209378,7,1,6,32,24,1
2026-08-16 22:45:00+00:00,BikePoints_634,"Brook Green South, Brook Green",51.494347,-0.215804,2,0,2,33,30,1
2026-08-16 22:45:00+00:00,BikePoints_635,"Greyhound Road, Hammersmith",51.486062,-0.214428,23,5,18,37,13,1
2026-08-16 22:45:00+00:00,BikePoints_636,"South Park, Sands End",51.467064,-0.193502,23,2,21,28,4,1
2026-08-16 22:45:00+00:00,BikePoints_638,"Falcon Road, Clapham Junction",51.466633,-0.169821,19,2,17,28,7,2
2026-08-16 22:45:00+00:00,BikePoints_640,"Silverthorne Road, Battersea",51.472865,-0.148059,16,0,16,28,10,2
2026-08-16 22:45:00+00:00,BikePoints_641,"Archbishop's Park, Waterloo",51.498241,-0.117495,9,0,9,23,14,0
2026-08-16 22:45:00+00:00,BikePoints_642,"Fawcett Close, Battersea",51.469161,-0.174485,16,2,14,30,11,3
2026-08-16 22:45:00+00:00,BikePoints_643,"All Saints' Road, Portobello",51.519042,-0.204764,4,4,0,22,18,0
2026-08-16 22:45:00+00:00,BikePoints_644,"Rainville Road, Hammersmith",51.483732,-0.223852,3,0,3,36,31,2
2026-08-16 22:45:00+00:00,BikePoints_645,"Great Suffolk Street, The Borough",51.501732,-0.100292,4,2,2,21,14,3
2026-08-16 22:45:00+00:00,BikePoints_646,"Buckingham Gate, Westminster",51.498865,-0.137424,2,2,0,16,10,4
2026-08-16 22:45:00+00:00,BikePoints_647,"Richmond Way, Shepherd's Bush",51.500353,-0.217515,8,0,8,27,19,0
2026-08-16 22:45:00+00:00,BikePoints_648,"Peterborough Road, Sands End",51.46904,-0.196274,12,1,11,20,8,0
2026-08-16 22:45:00+00:00,BikePoints_649,"World's End Place, West Chelsea",51.481805,-0.180274,5,0,5,22,16,1
2026-08-16 22:45:00+00:00,BikePoints_650,"St. Mark's Road, North Kensington",51.51687,-0.213872,12,6,6,21,9,0
2026-08-16 22:45:00+00:00,BikePoints_651,"Thorndike Close, West Chelsea",51.480898,-0.183853,7,3,4,25,18,0
2026-08-16 22:45:00+00:00,BikePoints_652,"Evesham Street, Avondale",51.511486,-0.21819,7,1,6,20,13,0
2026-08-16 22:45:00+00:00,BikePoints_653,"Simpson Street, Clapham Junction",51.470847,-0.170703,24,3,21,25,1,0
2026-08-16 22:45:00+00:00,BikePoints_654,"Ashmole Estate, Oval",51.482678,-0.117661,19,1,18,34,14,1
2026-08-16 22:45:00+00:00,BikePoints_655,"Crabtree Lane, Fulham",51.482944,-0.219346,22,2,20,27,4,1
2026-08-16 22:45:00+00:00,BikePoints_656,"Broomhouse Lane, Parsons Green",51.468418,-0.199135,21,1,20,29,8,0
2026-08-16 22:45:00+00:00,BikePoints_657,"Blythe Road West, Shepherd's Bush",51.49968,-0.221791,3,0,3,21,18,0
2026-08-16 22:45:00+00:00,BikePoints_658,"Ethelburga Estate, Battersea Park",51.477292,-0.164786,19,5,14,30,9,2
2026-08-16 22:45:00+00:00,BikePoints_659,"Blackfriars Station, St. Paul's",51.511934,-0.103078,5,0,5,35,28,2
2026-08-16 22:45:00+00:00,BikePoints_660,"West Kensington Station, West Kensington",51.49087,-0.206029,14,3,11,22,7,1
2026-08-16 22:45:00+00:00,BikePoints_661,"All Saints Church, Portobello",51.51632,-0.202608,8,2,6,37,28,1
2026-08-16 22:45:00+00:00,BikePoints_662,"Phene Street, Chelsea",51.484984,-0.167919,3,1,2,24,20,1
2026-08-16 22:45:00+00:00,BikePoints_663,"Clarendon Road, Avondale",51.51323,-0.211593,5,2,3,24,17,2
2026-08-16 22:45:00+00:00,BikePoints_664,"Austin Road, Battersea Park",51.474376,-0.155442,19,0,19,24,4,1
2026-08-16 22:45:00+00:00,BikePoints_665,"Smugglers Way, Wandsworth",51.461083,-0.191722,25,2,23,27,2,0
2026-08-16 22:45:00+00:00,BikePoints_666,"Harris Academy, Bermondsey",51.492668,-0.07235,14,3,11,18,2,2
2026-08-16 22:45:00+00:00,BikePoints_667,"Shepherd's Bush Road North, Shepherd's Bush",51.501594,-0.222293,29,0,29,34,1,4
2026-08-16 22:45:00+00:00,BikePoints_668,"Ravenscourt Park Station, Hammersmith",51.494223,-0.236769,13,3,10,26,10,3
2026-08-16 22:45:00+00:00,BikePoints_669,"Teversham Lane, Stockwell",51.476149,-0.123258,26,5,21,39,12,1
2026-08-16 22:45:00+00:00,BikePoints_670,"Ashley Crescent, Battersea",51.467185,-0.152248,22,6,16,28,3,3
2026-08-16 22:45:00+00:00,BikePoints_671,"Parsons Green Station, Parsons Green",51.475089,-0.201968,33,3,30,56,21,2
2026-08-16 22:45:00+00:00,BikePoints_672,"Chicheley Street, South Bank",51.502698,-0.116747,13,5,8,24,10,1
2026-08-16 22:45:00+00:00,BikePoints_673,"Hibbert Street, Battersea",51.46517,-0.180389,32,1,31,36,4,0
2026-08-16 22:45:00+00:00,BikePoints_674,"Carnegie Street, King's Cross",51.535467,-0.116191,14,2,12,40,24,2
2026-08-16 22:45:00+00:00,BikePoints_675,"Usk Road, Clapham Junction",51.463489,-0.182126,22,0,22,30,6,2
2026-08-16 22:45:00+00:00,BikePoints_676,"Hartington Road, Stockwell",51.47787,-0.126874,30,2,28,35,5,0
2026-08-16 22:45:00+00:00,BikePoints_677,"Heath Road, Battersea",51.468669,-0.146544,23,2,21,27,4,0
2026-08-16 22:45:00+00:00,BikePoints_678,"Esmond Street, Putney",51.462312,-0.211468,29,7,22,30,1,0
2026-08-16 22:45:00+00:00,BikePoints_679,"Orbel Street, Battersea",51.474535,-0.17021,20,2,18,26,6,0
2026-08-16 22:45:00+00:00,BikePoints_680,"Westbridge Road, Battersea",51.477684,-0.170329,24,3,21,28,1,3
2026-08-16 22:45:00+00:00,BikePoints_681,"Bishop's Avenue, Fulham",51.473036,-0.214749,23,1,22,46,21,2
2026-08-16 22:45:00+00:00,BikePoints_682,"Crisp Road, Hammersmith",51.488108,-0.226606,24,0,24,46,21,1
2026-08-16 22:45:00+00:00,BikePoints_683,"Dorothy Road, Clapham Junction",51.465064,-0.16375,14,1,13,28,13,1
2026-08-16 22:45:00+00:00,BikePoints_684,"Neville Gill Close, Wandsworth",51.454752,-0.195197,30,1,29,32,0,2
2026-08-16 22:45:00+00:00,BikePoints_685,"Osiers Road, Wandsworth",51.46067,-0.198735,14,3,11,30,14,2
2026-08-16 22:45:00+00:00,BikePoints_686,"Beryl Road, Hammersmith",51.488144,-0.222456,7,0,7,26,19,0
2026-08-16 22:45:00+00:00,BikePoints_687,"Clements Road, Bermondsey",51.4954,-0.061698,9,1,8,23,11,3
2026-08-16 22:45:00+00:00,BikePoints_688,"Northfields, Wandsworth",51.460951,-0.200667,22,1,21,28,6,0
2026-08-16 22:45:00+00:00,BikePoints_689,"Spanish Road, Clapham Junction",51.459225,-0.180884,17,3,14,30,13,0
2026-08-16 22:45:00+00:00,BikePoints_690,"Stanley Grove, Battersea",51.470475,-0.15213,21,2,19,24,2,1
2026-08-16 22:45:00+00:00,BikePoints_691,"Erin Close, Walham Green",51.479463,-0.195777,16,1,15,24,8,0
2026-08-16 22:45:00+00:00,BikePoints_692,"Cadogan Close, Victoria Park",51.542118,-0.028941,13,3,10,22,6,3
2026-08-16 22:45:00+00:00,BikePoints_693,"Felsham Road, Putney",51.464786,-0.215618,16,1,15,18,1,1
2026-08-16 22:45:00+00:00,BikePoints_694,"Putney Rail Station, Putney",51.460717,-0.216526,18,7,11,20,1,1
2026-08-16 22:45:00+00:00,BikePoints_695,"Islington Green, Angel",51.536384,-0.102757,10,2,8,21,8,3
2026-08-16 22:45:00+00:00,BikePoints_696,"Charing Cross Hospital, Hammersmith",51.487285,-0.217995,18,2,16,21,3,0
2026-08-16 22:45:00+00:00,BikePoints_697,"Charlotte Terrace, Angel",51.536392,-0.112721,15,7,8,25,8,2
2026-08-16 22:45:00+00:00,BikePoints_698,"Shoreditch Court, Haggerston",51.539083,-0.070329,22,9,13,35,13,0
2026-08-16 22:45:00+00:00,BikePoints_699,"Belford House, Haggerston",51.536654,-0.07023,14,1,13,39,25,0
2026-08-16 22:45:00+00:00,BikePoints_700,"Battersea Church Road, Battersea",51.476964,-0.174347,19,8,11,25,4,2
2026-08-16 22:45:00+00:00,BikePoints_701,"Vicarage Crescent, Battersea",51.472876,-0.176267,20,3,17,30,10,0
2026-08-16 22:45:00+00:00,BikePoints_702,"Durant Street, Bethnal Green",51.528681,-0.06555,14,2,12,24,10,0
2026-08-16 22:45:00+00:00,BikePoints_703,"St. Bride Street, Holborn",51.514665,-0.104583,2,1,1,24,19,3
2026-08-16 22:45:00+00:00,BikePoints_704,"Mexfield Road, East Putney",51.45682,-0.202802,5,5,0,18,11,2
2026-08-16 22:45:00+00:00,BikePoints_705,"Upper Richmond Road, Putney",51.459715,-0.212145,23,6,17,25,0,2
2026-08-16 22:45:00+00:00,BikePoints_706,"Snowsfields, London Bridge",51.502153,-0.083632,1,0,1,31,28,2
2026-08-16 22:45:00+00:00,BikePoints_707,"Barons Court Station, West Kensington",51.490217,-0.215087,26,0,26,32,5,1
2026-08-16 22:45:00+00:00,BikePoints_708,"Disraeli Road, Putney",51.46161,-0.216145,29,0,29,33,3,1
2026-08-16 22:45:00+00:00,BikePoints_709,"Montserrat Road , Putney",51.463211,-0.21555,23,0,23,23,0,0
2026-08-16 22:45:00+00:00,BikePoints_710,"Albert Bridge Road, Battersea Park",51.474392,-0.163347,18,1,17,20,0,2
2026-08-16 22:45:00+00:00,BikePoints_711,"Everington Street, Fulham",51.483356,-0.216305,8,4,4,31,22,1
2026-08-16 22:45:00+00:00,BikePoints_712,"Mile End Stadium, Mile End",51.518541,-0.034903,17,0,17,22,5,0
2026-08-16 22:45:00+00:00,BikePoints_713,"Hawley Crescent, Camden Town",51.541007,-0.14326,19,4,15,22,2,1
2026-08-16 22:45:00+00:00,BikePoints_714,"Stewart's Road, Wandsworth Road",51.473116,-0.137235,23,0,23,28,5,0
2026-08-16 22:45:00+00:00,BikePoints_715,"Aylward Street, Stepney",51.51563,-0.049067,9,2,7,22,12,1
2026-08-16 22:45:00+00:00,BikePoints_716,"Stainsby Road , Poplar",51.515427,-0.023565,11,2,9,24,12,1
2026-08-16 22:45:00+00:00,BikePoints_717,"Dunston Road , Haggerston",51.536585,-0.075885,32,7,25,43,11,0
2026-08-16 22:45:00+00:00,BikePoints_718,"Ada Street, Hackney Central",51.535716,-0.060291,31,5,26,45,14,0
2026-08-16 22:45:00+00:00,BikePoints_719,"Victoria Park Road, Hackney Central",51.536424,-0.054162,9,3,6,34,25,0
2026-08-16 22:45:00+00:00,BikePoints_720,"Star Road, West Kensington",51.487244,-0.205279,16,3,13,23,5,2
2026-08-16 22:45:00+00:00,BikePoints_721,"Wendon Street, Old Ford",51.536039,-0.026262,10,2,8,18,6,2
2026-08-16 22:45:00+00:00,BikePoints_722,"Finnis Street, Bethnal Green",51.524583,-0.058631,4,2,2,19,15,0
2026-08-16 22:45:00+00:00,BikePoints_723,"Stephendale Road, Sands End",51.46822,-0.190346,46,1,45,48,0,2
2026-08-16 22:45:00+00:00,BikePoints_724,"Alma Road, Wandsworth",51.457991,-0.184806,21,6,15,28,6,1
2026-08-16 22:45:00+00:00,BikePoints_725,"Walworth Square, Walworth",51.491327,-0.096518,23,2,21,24,0,1
2026-08-16 22:45:00+00:00,BikePoints_726,"Alfreda Street, Battersea Park",51.47505,-0.150908,19,2,17,22,2,1
2026-08-16 22:45:00+00:00,BikePoints_727,"Chesilton Road, Fulham",51.475698,-0.205876,14,5,9,23,8,1
2026-08-16 22:45:00+00:00,BikePoints_728,"Putney Bridge Road, East Putney",51.461999,-0.20624,28,6,22,29,0,1
2026-08-16 22:45:00+00:00,BikePoints_729,"St. Peter's Terrace, Fulham",51.478939,-0.208485,18,2,16,24,5,1
2026-08-16 22:45:00+00:00,BikePoints_730,"Bridge Avenue, Hammersmith",51.492084,-0.229116,12,1,11,18,6,0
2026-08-16 22:45:00+00:00,BikePoints_731,"Michael Road, Walham Green",51.477276,-0.18921,13,0,13,37,22,2
2026-08-16 22:45:00+00:00,BikePoints_732,"Duke Street Hill, London Bridge",51.506304,-0.087262,2,0,2,21,13,6
2026-08-16 22:45:00+00:00,BikePoints_733,"Park Lane, Mayfair",51.505426,-0.150817,0,0,0,18,17,1
2026-08-16 22:45:00+00:00,BikePoints_734,"Plough Terrace, Clapham Junction",51.462305,-0.175407,26,1,25,31,4,1
2026-08-16 22:45:00+00:00,BikePoints_735,"Grant Road East, Clapham Junction",51.464894,-0.173029,15,0,15,28,10,3
2026-08-16 22:45:00+00:00,BikePoints_736,"Queensdale Road, Shepherd's Bush",51.50659,-0.216104,7,1,6,28,21,0
2026-08-16 22:45:00+00:00,BikePoints_737,"Fulham Broadway, Walham Green",51.479932,-0.194116,11,3,8,26,14,1
2026-08-16 22:45:00+00:00,BikePoints_738,"Imperial Road, Sands End",51.475142,-0.187278,16,1,15,37,21,0
2026-08-16 22:45:00+00:00,BikePoints_739,"Hortensia Road, West Brompton",51.481765,-0.185273,11,2,9,28,17,0
2026-08-16 22:45:00+00:00,BikePoints_740,"Sirdar Road, Avondale",51.510928,-0.214594,8,1,7,20,12,0
2026-08-16 22:45:00+00:00,BikePoints_741,"Freston Road, Avondale",51.512981,-0.219486,15,0,15,23,5,3
2026-08-16 22:45:00+00:00,BikePoints_742,"Blenheim Crescent, Ladbroke Grove",51.515108,-0.208565,5,2,3,22,16,1
2026-08-16 22:45:00+00:00,BikePoints_743,"Oxford Road, Putney",51.460792,-0.212607,18,6,12,20,0,2
2026-08-16 22:45:00+00:00,BikePoints_744,"Ingrave Street, Clapham Junction",51.467454,-0.172293,29,2,27,30,1,0
2026-08-16 22:45:00+00:00,BikePoints_745,"Upcerne Road, West Chelsea",51.478169,-0.182435,7,3,4,29,20,2
2026-08-16 22:45:00+00:00,BikePoints_746,"Lots Road, West Chelsea",51.479573,-0.179038,11,1,10,24,13,0
2026-08-16 22:45:00+00:00,BikePoints_747,"Ormonde Gate, Chelsea",51.487964,-0.161765,18,4,14,24,5,1
2026-08-16 22:45:00+00:00,BikePoints_748,"Hertford Road, De Beauvoir Town",51.537277,-0.079201,23,0,23,25,0,2
2026-08-16 22:45:00+00:00,BikePoints_749,"Haggerston Road, Haggerston",51.539328,-0.074284,25,4,21,37,10,2
2026-08-16 22:45:00+00:00,BikePoints_750,"Culvert Road, Battersea",51.471095,-0.15785,18,2,16,27,9,0
2026-08-16 22:45:00+00:00,BikePoints_751,"Newton Street, Covent Garden",51.516128,-0.120909,0,0,0,24,24,0
2026-08-16 22:45:00+00:00,BikePoints_752,"London Street, Paddington",51.515117,-0.173712,3,0,3,19,16,0
2026-08-16 22:45:00+00:00,BikePoints_753,"Clapham South, Clapham South",51.452997,-0.148651,19,4,15,28,9,0
2026-08-16 22:45:00+00:00,BikePoints_754,"Grenfell Road, Avondale",51.5129,-0.214762,7,2,5,24,16,1
2026-08-16 22:45:00+00:00,BikePoints_755,"The Vale, Chelsea",51.485121,-0.174971,3,2,1,24,21,0
2026-08-16 22:45:00+00:00,BikePoints_756,"Prince of Wales Drive, Battersea Park",51.475153,-0.159169,19,3,16,21,0,2
2026-08-16 22:45:00+00:00,BikePoints_757,"Harcourt Terrace, West Brompton",51.487958,-0.187404,22,3,19,24,0,2
2026-08-16 22:45:00+00:00,BikePoints_758,"Westbourne Park Road, Portobello",51.51787,-0.201005,13,2,11,23,10,0
2026-08-16 22:45:00+00:00,BikePoints_759,"Broadley Terrace, Marylebone",51.524561,-0.165668,3,2,1,18,15,0
2026-08-16 22:45:00+00:00,BikePoints_760,"Elgin Avenue, Maida Hill",51.524309,-0.201234,13,6,7,18,4,1
2026-08-16 22:45:00+00:00,BikePoints_761,"Humbolt Road, Fulham",51.483217,-0.21186,26,1,25,26,0,0
2026-08-16 22:45:00+00:00,BikePoints_762,"Storey's Gate, Westminster",51.500703,-0.129698,2,1,1,21,17,2
2026-08-16 22:45:00+00:00,BikePoints_763,"Mile End Park Leisure Centre, Mile End",51.520597,-0.032566,27,6,21,47,17,3
2026-08-16 22:45:00+00:00,BikePoints_764,"St. John's Road, Clapham Junction",51.462392,-0.168292,30,1,29,33,3,0
2026-08-16 22:45:00+00:00,BikePoints_765,"Ranelagh Gardens, Fulham",51.467601,-0.206827,24,4,20,29,2,3
2026-08-16 22:45:00+00:00,BikePoints_766,"Ram Street, Wandsworth",51.457529,-0.192165,17,1,16,25,6,2
2026-08-16 22:45:00+00:00,BikePoints_767,"Santos Road, Wandsworth",51.457059,-0.200806,25,0,25,30,5,0
2026-08-16 22:45:00+00:00,BikePoints_768,"Clapham Common North Side, Clapham Common",51.461343,-0.159322,23,3,20,37,14,0
2026-08-16 22:45:00+00:00,BikePoints_769,"Sandilands Road, Walham Green",51.473611,-0.191803,12,1,11,21,9,0
2026-08-16 22:45:00+00:00,BikePoints_770,"Gwendwr Road, West Kensington",51.491026,-0.209121,28,1,27,30,2,0
2026-08-16 22:45:00+00:00,BikePoints_771,"Rifle Place, Avondale",51.509224,-0.216016,15,1,14,21,6,0
2026-08-16 22:45:00+00:00,BikePoints_772,"Binfield Road, Stockwell",51.472509,-0.122831,33,4,29,35,1,1
2026-08-16 22:45:00+00:00,BikePoints_773,"Tallis Street, Temple",51.511891,-0.107349,0,0,0,24,22,2
2026-08-16 22:45:00+00:00,BikePoints_774,"Hurlingham Park, Parsons Green",51.470131,-0.20464,15,0,15,20,5,0
2026-08-16 22:45:00+00:00,BikePoints_775,"Little Brook Green, Brook Green",51.496664,-0.223868,16,0,16,33,16,1
2026-08-16 22:45:00+00:00,BikePoints_776,"Adeline Place, Bloomsbury",51.517632,-0.129985,1,1,0,22,21,0
2026-08-16 22:45:00+00:00,BikePoints_779,"Houndsditch, Aldgate",51.514449,-0.077178,2,2,0,28,25,1
2026-08-16 22:45:00+00:00,BikePoints_780,"Imperial Wharf Station, Sands End",51.474665,-0.183165,23,1,22,25,0,2
2026-08-16 22:45:00+00:00,BikePoints_782,"Halford Road, West Kensington",51.483911,-0.197609,19,1,18,24,5,0
2026-08-16 22:45:00+00:00,BikePoints_783,"Monier Road, Hackney Wick",51.540311,-0.02163,25,7,18,27,0,2
2026-08-16 22:45:00+00:00,BikePoints_784,"East Village, Queen Elizabeth Olympic Park",51.546326,-0.009935,11,4,7,34,23,0
2026-08-16 22:45:00+00:00,BikePoints_785,"Aquatic Centre, Queen Elizabeth Olympic Park",51.541482,-0.010437,8,0,8,30,16,6
2026-08-16 22:45:00+00:00,BikePoints_786,"Lee Valley VeloPark, Queen Elizabeth Olympic Park",51.549369,-0.015717,30,8,22,44,12,2
2026-08-16 22:45:00+00:00,BikePoints_787,"Timber Lodge, Queen Elizabeth Olympic Park",51.546805,-0.014691,16,1,15,35,15,4
2026-08-16 22:45:00+00:00,BikePoints_788,"Copper Box Arena, Queen Elizabeth Olympic Park",51.544909,-0.020542,12,3,9,31,14,5
2026-08-16 22:45:00+00:00,BikePoints_789,"Podium, Queen Elizabeth Olympic Park",51.538718,-0.011889,22,10,12,40,8,10
2026-08-16 22:45:00+00:00,BikePoints_790,"Stratford Station, Stratford",51.541793,-0.00481,16,0,16,28,7,5
2026-08-16 22:45:00+00:00,BikePoints_792,"Blackfriars Road, Southwark",51.505461,-0.10454,3,0,3,42,38,1
2026-08-16 22:45:00+00:00,BikePoints_793,"Cromer Street, Bloomsbury",51.528279,-0.119558,19,1,18,28,8,1
2026-08-16 22:45:00+00:00,BikePoints_795,"Euston Square Gardens, Euston",51.527068,-0.131861,0,0,0,30,29,1
2026-08-16 22:45:00+00:00,BikePoints_796,"Coram Street, Bloomsbury",51.524,-0.126409,10,1,9,29,18,1
2026-08-16 22:45:00+00:00,BikePoints_797,"Ossulston Street, Somers Town",51.5293,-0.128279,15,0,15,30,11,4
2026-08-16 22:45:00+00:00,BikePoints_798,"Birkenhead Street, King's Cross",51.530199,-0.122299,13,4,9,27,10,4
2026-08-16 22:45:00+00:00,BikePoints_799,"Kings Gate House, Westminster",51.497698,-0.137598,0,0,0,24,23,1
2026-08-16 22:45:00+00:00,BikePoints_800,"Sopwith Way, Battersea Park",51.481121,-0.149035,14,2,12,30,14,2
2026-08-16 22:45:00+00:00,BikePoints_801,"Lavington Street, Bankside",51.505224,-0.098031,4,0,4,29,22,3
2026-08-16 22:45:00+00:00,BikePoints_802,"Albert Square, Stockwell",51.47659,-0.118256,30,5,25,32,2,0
2026-08-16 22:45:00+00:00,BikePoints_803,"Southwark Street, Bankside",51.505409,-0.098341,5,0,5,23,18,0
2026-08-16 22:45:00+00:00,BikePoints_804,"Good's Way, King's Cross",51.534667,-0.125078,2,1,1,27,22,3
2026-08-16 22:45:00+00:00,BikePoints_805,"The Metropolitan, Portobello",51.520509,-0.200804,2,0,2,18,15,1
2026-08-16 22:45:00+00:00,BikePoints_807,"Bevington Road West, North Kensington",51.5212,-0.208888,10,2,8,24,11,3
2026-08-16 22:45:00+00:00,BikePoints_808,"Gauden Road, Clapham",51.464995,-0.130908,26,1,25,28,0,2
2026-08-16 22:45:00+00:00,BikePoints_809,"Lincoln's Inn Fields, Holborn",51.516277,-0.118272,0,0,0,28,28,0
2026-08-16 22:45:00+00:00,BikePoints_810,"Tate Modern, Bankside",51.506725,-0.098807,12,0,12,30,15,3
2026-08-16 22:45:00+00:00,BikePoints_811,"Westferry Circus, Canary Wharf",51.505703,-0.027772,18,7,11,36,12,6
2026-08-16 22:45:00+00:00,BikePoints_812,"Here East North, Queen Elizabeth Olympic Park",51.548731,-0.022606,15,0,15,28,12,1
2026-08-16 22:45:00+00:00,BikePoints_813,"New Spring Gardens Walk, Vauxhall",51.487807,-0.122759,6,0,6,33,26,1
2026-08-16 22:45:00+00:00,BikePoints_814,"Clapham Road, Lingham Street, Stockwell",51.471433,-0.12367,29,2,27,30,0,1
2026-08-16 22:45:00+00:00,BikePoints_815,"Lambeth Palace Road, Waterloo",51.500089,-0.116628,15,4,11,35,18,2
2026-08-16 22:45:00+00:00,BikePoints_816,"Here East South, Queen Elizabeth Olympic Park",51.546532,-0.020597,9,1,8,20,11,0
2026-08-16 22:45:00+00:00,BikePoints_818,"Westminster Pier, Westminster",51.501513,-0.123823,17,0,17,27,10,0
2026-08-16 22:45:00+00:00,BikePoints_819,"Belvedere Road 2, South Bank",51.50621,-0.114842,6,1,5,38,31,1
2026-08-16 22:45:00+00:00,BikePoints_820,"Victory Place, Walworth",51.492807,-0.091938,16,3,13,24,8,0
2026-08-16 22:45:00+00:00,BikePoints_821,"Battersea Power Station, Battersea Park",51.483507,-0.147714,6,0,6,27,15,6
2026-08-16 22:45:00+00:00,BikePoints_826,"Allington Street, Victoria",51.496863,-0.142943,0,0,0,28,26,2
2026-08-16 22:45:00+00:00,BikePoints_827,"Cranmer Road, Stockwell",51.479601,-0.111471,24,4,20,24,0,0
2026-08-16 22:45:00+00:00,BikePoints_828,"Normandy Road, Stockwell",51.473874,-0.11258,17,1,16,32,14,1
2026-08-16 22:45:00+00:00,BikePoints_829,"Wynne Road, Stockwell",51.469217,-0.112686,17,1,16,25,7,1
2026-08-16 22:45:00+00:00,BikePoints_830,"Sidney Road, Stockwell",51.469202,-0.119022,16,3,13,27,10,1
2026-08-16 22:45:00+00:00,BikePoints_831,"St John's Crescent, Brixton",51.466232,-0.113179,17,2,15,25,8,0
2026-08-16 22:45:00+00:00,BikePoints_832,"Ferndale Road, Brixton",51.464019,-0.115781,22,4,18,30,6,2
2026-08-16 22:45:00+00:00,BikePoints_833,"Saltoun Road, Brixton",51.460232,-0.115375,31,2,29,42,9,2
2026-08-16 22:45:00+00:00,BikePoints_834,"Gas Holders, Battersea Park",51.477966,-0.147857,16,3,13,26,7,3
2026-08-16 22:45:00+00:00,BikePoints_835,"Farringdon Street, Holborn",51.516785,-0.104947,0,0,0,25,25,0
2026-08-16 22:45:00+00:00,BikePoints_836,"York Way, Kings Cross",51.541596,-0.125441,9,3,6,24,13,2
2026-08-16 22:45:00+00:00,BikePoints_838,"Fore Street, Guildhall",51.518093,-0.091401,1,0,1,25,23,1
2026-08-16 22:45:00+00:00,BikePoints_839,"Sea Containers, South Bank",51.508033,-0.106823,1,0,1,30,28,1
2026-08-16 22:45:00+00:00,BikePoints_840,"George Row, Bermondsey",51.498585,-0.068981,15,1,14,22,4,3
2026-08-16 22:45:00+00:00,BikePoints_841,"Tower Wharf, Bermondsey",51.500845,-0.074704,11,0,11,20,6,3
2026-08-16 22:45:00+00:00,BikePoints_842,"Temple Gardens, Temple",51.510981,-0.108322,0,0,0,24,23,1
2026-08-16 22:45:00+00:00,BikePoints_844,"Canada Water Station, Rotherhithe",51.498439,-0.04915,31,4,27,35,0,4
2026-08-16 22:45:00+00:00,BikePoints_845,"Bermondsey Station, Bermondsey",51.497995,-0.063471,24,5,19,30,1,5
2026-08-16 22:45:00+00:00,BikePoints_846,"Burgess Park Albany Road, Walworth",51.48224,-0.094284,26,4,22,30,0,4
2026-08-16 22:45:00+00:00,BikePoints_847,"South Bermondsey Station, Bermondsey",51.488067,-0.057774,23,5,18,24,1,0
2026-08-16 22:45:00+00:00,BikePoints_849,"Crimscott Street, Bermondsey",51.495598,-0.078893,15,3,12,19,3,1
2026-08-16 22:45:00+00:00,BikePoints_850,"Brandon Street, Walworth",51.489102,-0.091548,22,0,22,22,0,0
2026-08-16 22:45:00+00:00,BikePoints_851,"The Blue, Bermondsey",51.492221,-0.062513,21,4,17,22,0,1
2026-08-16 22:45:00+00:00,BikePoints_852,"Coomer Place, West Kensington",51.48357,-0.202038,23,1,22,27,3,1
2026-08-16 22:45:00+00:00,BikePoints_857,"Strand, Strand",51.512582,-0.115057,0,0,0,35,35,0
2026-08-16 22:45:00+00:00,BikePoints_864,"Abbey Orchard Street, Westminster",51.498125,-0.132102,3,1,2,29,25,1
2026-08-16 22:45:00+00:00,BikePoints_865,"Leonard Circus , Shoreditch",51.524696,-0.084439,2,1,1,43,39,2
2026-08-16 22:45:00+00:00,BikePoints_866,"Limburg Road, Clapham Junction",51.461923,-0.165297,19,3,16,21,1,1
2026-08-16 22:45:00+00:00,BikePoints_867,"Pritchard's Road, Bethnal Green",51.532091,-0.061419,14,5,9,30,13,3
2026-08-16 22:45:00+00:00,BikePoints_868,"Kennington Lane Rail Bridge, Vauxhall",51.486343,-0.122492,15,2,13,31,15,1
2026-08-16 22:45:00+00:00,BikePoints_869,"Albert Embankment, Vauxhall",51.490435,-0.122806,7,0,7,24,17,0
2026-08-16 22:45:00+00:00,BikePoints_870,"Lower Marsh, Waterloo",51.500139,-0.113935,0,0,0,17,17,0
2026-08-16 22:45:00+00:00,BikePoints_872,"Risinghill Street, Angel",51.533319,-0.111781,4,4,0,25,17,4
2026-08-16 22:45:00+00:00,BikePoints_873,"St. Pancras Way, Camden Town",51.537071,-0.13285,6,2,4,20,12,2
2026-08-16 22:45:00+00:00,BikePoints_874,"Handyside Street, King's Cross",51.53724,-0.124807,14,3,11,27,9,4
2026-08-16 22:45:00+00:00,BikePoints_875,"Victoria Rise, Clapham Common",51.461376,-0.147804,18,1,17,23,1,4
2026-08-16 22:45:00+00:00,BikePoints_876,"Old Quebec Street, Marylebone",51.514577,-0.158264,3,2,1,16,12,1
2026-08-16 22:45:00+00:00,BikePoints_877,"Spencer Park, Wandsworth Common",51.45787,-0.174691,15,1,14,25,10,0
2026-08-16 22:45:00+00:00,BikePoints_878,"Victoria & Albert Museum, South Kensington",51.495898,-0.173009,2,0,2,30,28,0
2026-08-16 22:45:00+00:00,BikePoints_879,"BBC White City, White City",51.514767,-0.225786,8,2,6,36,27,1
2026-08-16 22:45:00+00:00,BikePoints_881,"Albany Street, The Regent's Park",51.528302,-0.144465,5,0,5,27,20,2
2026-08-16 22:45:00+00:00,BikePoints_882,"Maplin Street, Mile End",51.525501,-0.032267,22,0,22,39,15,2
2026-08-16 22:45:00+00:00,BikePoints_883,"London Fields, Hackney Central",51.54119,-0.058826,9,1,8,21,5,7
2026-08-16 22:45:00+00:00,BikePoints_884,"Westfield Ariel Way, White City",51.509158,-0.224103,31,0,31,42,6,5
2026-08-16 22:45:00+00:00,BikePoints_885,"Gloucester Avenue, Camden Town",51.537349,-0.147154,8,5,3,24,14,2
2026-08-16 22:45:00+00:00,BikePoints_887,"London Zoo Car Park, The Regent's Park",51.536922,-0.150181,6,1,5,36,30,0
2026-08-16 22:45:00+00:00,BikePoints_888,"Norton Folgate, Liverpool Street",51.521113,-0.078869,1,0,1,23,19,3
2026-08-16 22:45:00+00:00,BikePoints_889,"Horse Guards Avenue, Westminster",51.505031,-0.123,5,0,5,29,22,2
2026-08-16 22:45:00+00:00,BikePoints_890,"Burdett Road, Mile End",51.516196,-0.029137,20,2,18,33,6,7
2026-08-16 23:00:00+00:00,BikePoints_1,"River Street , Clerkenwell",51.529163,-0.10997,3,3,0,19,14,2
2026-08-16 23:00:00+00:00,BikePoints_2,"Phillimore Gardens, Kensington",51.499606,-0.197574,10,0,10,37,26,1
2026-08-16 23:00:00+00:00,BikePoints_3,"Christopher Street, Liverpool Street",51.521283,-0.084605,0,0,0,32,32,0
2026-08-16 23:00:00+00:00,BikePoints_4,"St. Chad's Street, King's Cross",51.530059,-0.120973,22,1,21,23,0,1
2026-08-16 23:00:00+00:00,BikePoints_5,"Sedding Street, Sloane Square",51.49313,-0.156876,0,0,0,27,25,2
2026-08-16 23:00:00+00:00,BikePoints_6,"Broadcasting House, Marylebone",51.518117,-0.144228,1,1,0,18,11,6
2026-08-16 23:00:00+00:00,BikePoints_7,"Charlbert Street, St. John's Wood",51.5343,-0.168074,5,0,5,16,5,6
2026-08-16 23:00:00+00:00,BikePoints_8,"Maida Vale, Maida Vale",51.529857,-0.183486,31,8,23,39,3,5
2026-08-16 23:00:00+00:00,BikePoints_9,"New Globe Walk, Bankside",51.507385,-0.09644,8,0,8,19,11,0
2026-08-16 23:00:00+00:00,BikePoints_10,"Park Street, Bankside",51.505974,-0.092754,6,2,4,18,12,0
2026-08-16 23:00:00+00:00,BikePoints_11,"Brunswick Square, Bloomsbury",51.523951,-0.122502,6,4,2,24,17,1
2026-08-16 23:00:00+00:00,BikePoints_12,"Malet Street, Bloomsbury",51.52168,-0.130431,14,3,11,49,35,0
2026-08-16 23:00:00+00:00,BikePoints_13,"Scala Street, Fitzrovia",51.519914,-0.136039,1,0,1,21,20,0
2026-08-16 23:00:00+00:00,BikePoints_14,"Argyle Street, Kings Cross",51.529416,-0.123944,19,1,18,45,23,3
2026-08-16 23:00:00+00:00,BikePoints_15,"Great Russell Street, Bloomsbury",51.517727,-0.127854,1,1,0,26,25,0
2026-08-16 23:00:00+00:00,BikePoints_16,"Cartwright Gardens , Bloomsbury",51.526357,-0.125979,2,1,1,21,19,0
2026-08-16 23:00:00+00:00,BikePoints_17,"Hatton Wall, Holborn",51.521661,-0.109006,4,2,2,26,20,2
2026-08-16 23:00:00+00:00,BikePoints_18,"Drury Lane, Covent Garden",51.51477,-0.122219,0,0,0,27,24,3
2026-08-16 23:00:00+00:00,BikePoints_19,"Taviton Street, Bloomsbury",51.52505,-0.131161,8,0,8,30,22,0
2026-08-16 23:00:00+00:00,BikePoints_20,"Drummond Street , Euston",51.527326,-0.136052,26,0,26,28,0,2
2026-08-16 23:00:00+00:00,BikePoints_21,"Lansdowne Drive, Hackney Central",51.539834,-0.062806,14,7,7,26,11,1
2026-08-16 23:00:00+00:00,BikePoints_22,"Northington Street , Holborn",51.522264,-0.114079,7,1,6,19,12,0
2026-08-16 23:00:00+00:00,BikePoints_23,"Red Lion Square, Holborn",51.519435,-0.119123,2,1,1,16,13,1
2026-08-16 23:00:00+00:00,BikePoints_24,"British Museum, Bloomsbury",51.51908,-0.124678,1,0,1,35,34,0
2026-08-16 23:00:00+00:00,BikePoints_25,"Doric Way , Somers Town",51.528833,-0.13225,23,0,23,50,25,2
2026-08-16 23:00:00+00:00,BikePoints_26,"Ampton Street , Clerkenwell",51.52728,-0.118295,11,2,9,21,9,1
2026-08-16 23:00:00+00:00,BikePoints_28,"Bolsover Street, Fitzrovia",51.523518,-0.143613,9,3,6,19,10,0
2026-08-16 23:00:00+00:00,BikePoints_29,"Hereford Road, Bayswater",51.513735,-0.193487,17,4,13,22,5,0
2026-08-16 23:00:00+00:00,BikePoints_30,"Windsor Terrace, Hoxton",51.529154,-0.093421,17,0,17,24,5,2
2026-08-16 23:00:00+00:00,BikePoints_31,"Fanshaw Street, Hoxton",51.529537,-0.083353,28,1,27,36,7,1
2026-08-16 23:00:00+00:00,BikePoints_33,"Central House, Aldgate",51.515231,-0.07015,0,0,0,24,23,1
2026-08-16 23:00:00+00:00,BikePoints_34,"Pancras Road, King's Cross",51.534123,-0.129386,1,0,1,16,13,2
2026-08-16 23:00:00+00:00,BikePoints_36,"De Vere Gardens, Kensington",51.501737,-0.18498,2,0,2,28,25,1
2026-08-16 23:00:00+00:00,BikePoints_37,"Penywern Road, Earl's Court",51.491593,-0.192369,0,0,0,17,15,2
2026-08-16 23:00:00+00:00,BikePoints_38,"Abingdon Villas, Kensington",51.497387,-0.197245,8,1,7,17,8,1
2026-08-16 23:00:00+00:00,BikePoints_39,"Shoreditch High Street, Shoreditch",51.526377,-0.07813,24,7,17,41,16,1
2026-08-16 23:00:00+00:00,BikePoints_40,"Commercial Street, Shoreditch",51.52127,-0.075578,2,2,0,16,13,1
2026-08-16 23:00:00+00:00,BikePoints_41,"Pindar Street, Liverpool Street",51.520955,-0.083493,0,0,0,24,23,1
2026-08-16 23:00:00+00:00,BikePoints_42,"Wenlock Road , Hoxton",51.530991,-0.093903,11,1,10,28,17,0
2026-08-16 23:00:00+00:00,BikePoints_43,"Crawford Street, Marylebone",51.52026,-0.157183,1,0,1,18,17,0
2026-08-16 23:00:00+00:00,BikePoints_44,"Bruton Street, Mayfair",51.510736,-0.144165,2,0,2,21,18,1
2026-08-16 23:00:00+00:00,BikePoints_45,"Boston Place, Marylebone",51.522511,-0.162298,1,1,0,26,24,1
2026-08-16 23:00:00+00:00,BikePoints_46,"Nesham Street, Wapping",51.507131,-0.06691,9,1,8,16,6,1
2026-08-16 23:00:00+00:00,BikePoints_47,"Warwick Avenue Station, Maida Vale",51.523344,-0.183846,13,2,11,19,2,4
2026-08-16 23:00:00+00:00,BikePoints_48,"Godliman Street, St. Paul's",51.512484,-0.099141,9,2,7,25,16,0
2026-08-16 23:00:00+00:00,BikePoints_49,"Curzon Street, Mayfair",51.507069,-0.145904,0,0,0,16,16,0
2026-08-16 23:00:00+00:00,BikePoints_50,"East Road, Hoxton",51.528673,-0.087459,11,2,9,27,15,1
2026-08-16 23:00:00+00:00,BikePoints_51,"Finsbury Library , Finsbury",51.526717,-0.104298,6,2,4,29,23,0
2026-08-16 23:00:00+00:00,BikePoints_52,"Roscoe Street, St. Luke's",51.522954,-0.094934,4,2,2,18,14,0
2026-08-16 23:00:00+00:00,BikePoints_53,"Grafton Street, Mayfair",51.509992,-0.143495,0,0,0,18,18,0
2026-08-16 23:00:00+00:00,BikePoints_54,"Golden Lane, Barbican",51.521747,-0.094475,2,0,2,27,21,4
2026-08-16 23:00:00+00:00,BikePoints_55,"Finsbury Circus, Liverpool Street",51.517075,-0.086685,0,0,0,33,32,1
2026-08-16 23:00:00+00:00,BikePoints_56,"Paddington Street, Marylebone",51.520583,-0.154701,10,2,8,16,4,2
2026-08-16 23:00:00+00:00,BikePoints_57,"Guilford Street , Bloomsbury",51.523346,-0.120202,8,2,6,32,24,0
2026-08-16 23:00:00+00:00,BikePoints_58,"New Inn Yard, Shoreditch",51.524526,-0.079248,5,1,4,20,12,3
2026-08-16 23:00:00+00:00,BikePoints_60,"Lisson Grove, St. John's Wood",51.526448,-0.17219,11,1,10,18,5,2
2026-08-16 23:00:00+00:00,BikePoints_61,"Great Dover Street, The Borough",51.497382,-0.089446,23,2,21,33,9,1
2026-08-16 23:00:00+00:00,BikePoints_62,"Cotton Garden Estate, Kennington",51.490757,-0.106323,19,4,15,24,5,0
2026-08-16 23:00:00+00:00,BikePoints_63,"Murray Grove , Hoxton",51.53089,-0.089782,17,2,15,27,8,2
2026-08-16 23:00:00+00:00,BikePoints_64,"William IV Street, Strand",51.509462,-0.124749,9,0,9,26,16,1
2026-08-16 23:00:00+00:00,BikePoints_65,"Gower Place , Euston",51.525227,-0.135188,1,0,1,17,16,0
2026-08-16 23:00:00+00:00,BikePoints_66,"Holborn Circus, Holborn",51.51795,-0.108657,1,0,1,40,37,2
2026-08-16 23:00:00+00:00,BikePoints_67,"Hatton Garden, Holborn",51.518825,-0.108028,1,0,1,28,26,1
2026-08-16 23:00:00+00:00,BikePoints_68,"Theobald's Road , Holborn",51.520596,-0.116688,2,0,2,26,23,1
2026-08-16 23:00:00+00:00,BikePoints_69,"Euston Road, Euston",51.526236,-0.134407,1,0,1,24,21,2
2026-08-16 23:00:00+00:00,BikePoints_70,"Calshot Street , King's Cross",51.53136,-0.117069,15,4,11,24,7,2
2026-08-16 23:00:00+00:00,BikePoints_71,"Newgate Street , St. Paul's",51.515768,-0.099894,0,0,0,35,33,2
2026-08-16 23:00:00+00:00,BikePoints_72,"Farringdon Lane, Clerkenwell",51.52352,-0.10834,4,0,4,16,11,1
2026-08-16 23:00:00+00:00,BikePoints_73,"Old Street Station, St. Luke's",51.525615,-0.088532,4,1,3,34,25,5
2026-08-16 23:00:00+00:00,BikePoints_74,"Vauxhall Cross, Vauxhall",51.485917,-0.124469,9,0,9,17,6,2
2026-08-16 23:00:00+00:00,BikePoints_75,"Torrens Street, Angel",51.532199,-0.10548,0,0,0,19,15,4
2026-08-16 23:00:00+00:00,BikePoints_76,"Longford Street, The Regent's Park",51.525595,-0.144083,1,0,1,21,18,2
2026-08-16 23:00:00+00:00,BikePoints_77,"Russell Square Station, Bloomsbury",51.523418,-0.124121,8,0,8,26,17,1
2026-08-16 23:00:00+00:00,BikePoints_78,"Sadlers Sports Centre, Finsbury",51.524868,-0.099489,3,1,2,17,12,2
2026-08-16 23:00:00+00:00,BikePoints_79,"Arundel Street, Temple",51.511726,-0.113855,0,0,0,18,18,0
2026-08-16 23:00:00+00:00,BikePoints_80,"Webber Street , Southwark",51.500693,-0.102091,5,0,5,45,35,5
2026-08-16 23:00:00+00:00,BikePoints_81,"Great Titchfield Street, Fitzrovia",51.520253,-0.141327,3,2,1,19,16,0
2026-08-16 23:00:00+00:00,BikePoints_83,"Panton Street, West End",51.509639,-0.13151,0,0,0,21,18,3
2026-08-16 23:00:00+00:00,BikePoints_84,"Breams Buildings, Holborn",51.515937,-0.111778,0,0,0,25,24,1
2026-08-16 23:00:00+00:00,BikePoints_85,"Tanner Street, Bermondsey",51.500647,-0.0786,33,1,32,41,6,2
2026-08-16 23:00:00+00:00,BikePoints_86,"Sancroft Street, Vauxhall",51.489479,-0.115156,22,1,21,24,1,1
2026-08-16 23:00:00+00:00,BikePoints_87,"Devonshire Square, Liverpool Street",51.516468,-0.079684,0,0,0,16,16,0
2026-08-16 23:00:00+00:00,BikePoints_88,"Percy Street, Bloomsbury",51.51863,-0.132676,0,0,0,29,29,0
2026-08-16 23:00:00+00:00,BikePoints_89,"Tavistock Place, Bloomsbury",51.52625,-0.123509,3,2,1,19,13,3
2026-08-16 23:00:00+00:00,BikePoints_90,"Harrington Square 1, Camden Town",51.533019,-0.139174,5,2,3,27,20,2
2026-08-16 23:00:00+00:00,BikePoints_91,"Walnut Tree Walk, Vauxhall",51.493686,-0.111014,12,2,10,20,7,1
2026-08-16 23:00:00+00:00,BikePoints_92,"Borough Road, Elephant & Castle",51.498898,-0.10044,21,0,21,41,18,2
2026-08-16 23:00:00+00:00,BikePoints_93,"Cloudesley Road, Angel",51.534408,-0.109025,11,6,5,37,24,2
2026-08-16 23:00:00+00:00,BikePoints_94,"Bricklayers Arms, Borough",51.495061,-0.085814,27,4,23,28,1,0
2026-08-16 23:00:00+00:00,BikePoints_95,"Aldersgate Street, Barbican",51.520841,-0.09734,2,2,0,15,12,1
2026-08-16 23:00:00+00:00,BikePoints_96,"Falkirk Street, Hoxton",51.53095,-0.078505,8,4,4,26,16,2
2026-08-16 23:00:00+00:00,BikePoints_97,"Gloucester Road (North), Kensington",51.497924,-0.183834,0,0,0,18,18,0
2026-08-16 23:00:00+00:00,BikePoints_98,"Hampstead Road, Euston",51.525542,-0.138231,9,0,9,54,43,2
2026-08-16 23:00:00+00:00,BikePoints_101,"Queen Street 1, Bank",51.511553,-0.09294,0,0,0,22,21,1
2026-08-16 23:00:00+00:00,BikePoints_102,"Jewry Street, Aldgate",51.513406,-0.076793,2,1,1,17,13,2
2026-08-16 23:00:00+00:00,BikePoints_103,"Vicarage Gate, Kensington",51.504723,-0.192538,2,1,1,18,16,0
2026-08-16 23:00:00+00:00,BikePoints_104,"Crosswall, Tower",51.511594,-0.077121,5,0,5,34,27,2
2026-08-16 23:00:00+00:00,BikePoints_105,"Westbourne Grove, Bayswater",51.515529,-0.19024,7,1,6,26,19,0
2026-08-16 23:00:00+00:00,BikePoints_106,"Woodstock Street, Mayfair",51.514105,-0.147301,2,2,0,21,18,1
2026-08-16 23:00:00+00:00,BikePoints_107,"Finsbury Leisure Centre, St. Luke's",51.526008,-0.096317,4,0,4,20,12,4
2026-08-16 23:00:00+00:00,BikePoints_109,"Soho Square , Soho",51.515631,-0.132328,0,0,0,57,56,1
2026-08-16 23:00:00+00:00,BikePoints_110,"Wellington Road, St. John's Wood",51.533043,-0.172528,6,2,4,17,10,1
2026-08-16 23:00:00+00:00,BikePoints_111,"Park Lane , Hyde Park",51.510017,-0.157275,7,3,4,28,17,4
2026-08-16 23:00:00+00:00,BikePoints_112,"Stonecutter Street, Holborn",51.515809,-0.10527,1,0,1,21,20,0
2026-08-16 23:00:00+00:00,BikePoints_113,"Gloucester Road (Central), South Kensington",51.496462,-0.183289,0,0,0,19,18,1
2026-08-16 23:00:00+00:00,BikePoints_114,"Park Road (Baker Street), The Regent's Park",51.524517,-0.158963,12,2,10,22,4,6
2026-08-16 23:00:00+00:00,BikePoints_115,"Braham Street, Aldgate",51.514233,-0.073537,12,4,8,34,22,0
2026-08-16 23:00:00+00:00,BikePoints_116,"Little Argyll Street, West End",51.514499,-0.141423,1,0,1,21,14,6
2026-08-16 23:00:00+00:00,BikePoints_117,"Lollard Street, Vauxhall",51.49288,-0.114934,25,2,23,25,0,0
2026-08-16 23:00:00+00:00,BikePoints_118,"Rochester Row, Westminster",51.495827,-0.135478,12,2,10,13,0,1
2026-08-16 23:00:00+00:00,BikePoints_119,"Bath Street, St. Luke's",51.525893,-0.090847,4,1,3,18,12,2
2026-08-16 23:00:00+00:00,BikePoints_120,"The Guildhall, Guildhall",51.515735,-0.09308,0,0,0,17,16,1
2026-08-16 23:00:00+00:00,BikePoints_121,"Baker Street, Marylebone",51.518913,-0.156166,7,3,4,22,15,0
2026-08-16 23:00:00+00:00,BikePoints_123,"St. John Street, Finsbury",51.52836,-0.104724,8,2,6,18,10,0
2026-08-16 23:00:00+00:00,BikePoints_124,"Eaton Square, Belgravia",51.496544,-0.150905,8,1,7,18,10,0
2026-08-16 23:00:00+00:00,BikePoints_125,"Borough High Street, The Borough",51.500694,-0.094524,1,0,1,21,19,1
2026-08-16 23:00:00+00:00,BikePoints_126,"Museum of London, Barbican",51.517821,-0.096496,1,0,1,52,50,1
2026-08-16 23:00:00+00:00,BikePoints_127,"Wood Street, Guildhall",51.517008,-0.093885,1,0,1,17,15,1
2026-08-16 23:00:00+00:00,BikePoints_128,"Emperor's Gate, South Kensington",51.495362,-0.185296,10,2,8,22,8,4
2026-08-16 23:00:00+00:00,BikePoints_129,"Golden Square, Soho",51.511897,-0.137043,2,2,0,18,15,1
2026-08-16 23:00:00+00:00,BikePoints_130,"Tower Gardens , Tower",51.509506,-0.075459,8,4,4,24,14,2
2026-08-16 23:00:00+00:00,BikePoints_131,"Eversholt Street , Camden Town",51.533005,-0.136792,0,0,0,16,15,1
2026-08-16 23:00:00+00:00,BikePoints_132,"Bethnal Green Road, Shoreditch",51.523648,-0.074754,14,1,13,38,24,0
2026-08-16 23:00:00+00:00,BikePoints_133,"Derry Street, Kensington",51.501364,-0.191462,6,1,5,18,9,3
2026-08-16 23:00:00+00:00,BikePoints_134,"Wapping High Street, Wapping",51.504904,-0.06797,5,3,2,20,13,2
2026-08-16 23:00:00+00:00,BikePoints_135,"Clerkenwell Green, Clerkenwell",51.52326,-0.104708,14,5,9,21,4,3
2026-08-16 23:00:00+00:00,BikePoints_136,"Queen Victoria Street, St. Paul's",51.511961,-0.097441,0,0,0,32,31,1
2026-08-16 23:00:00+00:00,BikePoints_138,"Green Street, Mayfair",51.512276,-0.157436,0,0,0,19,18,1
2026-08-16 23:00:00+00:00,BikePoints_139,"Lambeth Road, Vauxhall",51.494881,-0.117974,11,1,10,18,7,0
2026-08-16 23:00:00+00:00,BikePoints_140,"Finsbury Square , Moorgate",51.520962,-0.085634,6,1,5,33,27,0
2026-08-16 23:00:00+00:00,BikePoints_141,"Chapel Place, Marylebone",51.515308,-0.147203,0,0,0,29,29,0
2026-08-16 23:00:00+00:00,BikePoints_142,"West Cromwell Road, Earl's Court",51.493724,-0.198286,8,0,8,24,15,1
2026-08-16 23:00:00+00:00,BikePoints_143,"Pont Street, Knightsbridge",51.496886,-0.161203,10,0,10,24,12,2
2026-08-16 23:00:00+00:00,BikePoints_144,"Kennington Cross, Kennington",51.48894,-0.111435,40,5,35,47,2,5
2026-08-16 23:00:00+00:00,BikePoints_145,"Ilchester Place, Kensington",51.500743,-0.202759,0,0,0,24,24,0
2026-08-16 23:00:00+00:00,BikePoints_146,"Vauxhall Bridge , Pimlico",51.488365,-0.129361,2,0,2,35,32,1
2026-08-16 23:00:00+00:00,BikePoints_147,"Portugal Street, Holborn",51.514943,-0.116146,0,0,0,16,16,0
2026-08-16 23:00:00+00:00,BikePoints_148,"Tachbrook Street, Victoria",51.492111,-0.138364,12,3,9,16,1,3
2026-08-16 23:00:00+00:00,BikePoints_149,"Kennington Road Post Office, Oval",51.484788,-0.110683,11,0,11,18,6,1
2026-08-16 23:00:00+00:00,BikePoints_150,"Holy Trinity Brompton, Knightsbridge",51.497056,-0.168917,11,0,11,28,16,1
2026-08-16 23:00:00+00:00,BikePoints_151,"Chepstow Villas, Notting Hill",51.512136,-0.201554,21,0,21,26,5,0
2026-08-16 23:00:00+00:00,BikePoints_152,"Hampton Street, Walworth",51.49217,-0.101536,19,7,12,21,1,1
2026-08-16 23:00:00+00:00,BikePoints_153,"Bayswater Road, Hyde Park",51.511933,-0.174411,6,3,3,27,18,3
2026-08-16 23:00:00+00:00,BikePoints_154,"Waterloo Station 3, Waterloo",51.503791,-0.112824,8,0,8,35,25,2
2026-08-16 23:00:00+00:00,BikePoints_155,"Lexham Gardens, Kensington",51.495866,-0.191933,6,0,6,19,12,1
2026-08-16 23:00:00+00:00,BikePoints_156,"New Kent Road, The Borough",51.494436,-0.092921,26,0,26,33,5,2
2026-08-16 23:00:00+00:00,BikePoints_157,"Wright's Lane, Kensington",51.500397,-0.193068,9,1,8,37,24,4
2026-08-16 23:00:00+00:00,BikePoints_158,"Trebovir Road, Earl's Court",51.490853,-0.19617,6,0,6,18,10,2
2026-08-16 23:00:00+00:00,BikePoints_160,"Waterloo Place, St. James's",51.506633,-0.131773,1,1,0,20,18,1
2026-08-16 23:00:00+00:00,BikePoints_162,"Southampton Place, Holborn",51.517606,-0.121328,1,1,0,20,19,0
2026-08-16 23:00:00+00:00,BikePoints_163,"Sloane Avenue, Knightsbridge",51.493184,-0.167894,4,0,4,27,22,1
2026-08-16 23:00:00+00:00,BikePoints_164,"Cleveland Gardens, Bayswater",51.515607,-0.183118,15,1,14,16,0,1
2026-08-16 23:00:00+00:00,BikePoints_165,"Orsett Terrace, Bayswater",51.517932,-0.183716,7,0,7,15,7,1
2026-08-16 23:00:00+00:00,BikePoints_166,"Seville Street, Knightsbridge",51.501855,-0.159237,0,0,0,27,26,1
2026-08-16 23:00:00+00:00,BikePoints_167,"Eccleston Place, Victoria",51.49395,-0.147624,13,0,13,19,5,1
2026-08-16 23:00:00+00:00,BikePoints_168,"Argyll Road, Kensington",51.500401,-0.195455,15,0,15,19,4,0
2026-08-16 23:00:00+00:00,BikePoints_169,"Porchester Place, Paddington",51.514746,-0.165164,17,1,16,18,0,1
2026-08-16 23:00:00+00:00,BikePoints_170,"Hardwick Street, Clerkenwell",51.527842,-0.108068,3,2,1,30,25,2
2026-08-16 23:00:00+00:00,BikePoints_171,"Collingham Gardens, Earl's Court",51.491615,-0.186753,5,1,4,14,7,2
2026-08-16 23:00:00+00:00,BikePoints_172,"Sumner Place, South Kensington",51.491211,-0.173715,3,0,3,19,14,2
2026-08-16 23:00:00+00:00,BikePoints_173,"Waterloo Road, South Bank",51.50486,-0.113001,3,1,2,15,9,3
2026-08-16 23:00:00+00:00,BikePoints_175,"Worship Street, Shoreditch",51.521668,-0.079608,3,1,2,51,47,1
2026-08-16 23:00:00+00:00,BikePoints_176,"Gloucester Terrace, Bayswater",51.517919,-0.188098,5,0,5,23,17,1
2026-08-16 23:00:00+00:00,BikePoints_177,"Ashley Place, Victoria",51.49616,-0.140947,9,0,9,25,16,0
2026-08-16 23:00:00+00:00,BikePoints_178,"Warwick Square, Pimlico",51.489856,-0.141923,15,1,14,19,3,1
2026-08-16 23:00:00+00:00,BikePoints_180,"North Audley Street, Mayfair",51.512911,-0.153645,5,2,3,17,10,2
2026-08-16 23:00:00+00:00,BikePoints_181,"Belgrave Square, Belgravia",51.499412,-0.152317,2,0,2,21,18,1
2026-08-16 23:00:00+00:00,BikePoints_182,"Bell Street , Marylebone",51.522029,-0.165842,7,5,2,18,10,1
2026-08-16 23:00:00+00:00,BikePoints_183,"Riverlight North, Nine Elms",51.482362,-0.136123,16,1,15,24,5,3
2026-08-16 23:00:00+00:00,BikePoints_184,"Portland Place, Marylebone",51.520715,-0.145211,2,2,0,34,32,0
2026-08-16 23:00:00+00:00,BikePoints_185,"Alderney Street, Pimlico",51.488057,-0.140741,14,2,12,14,0,0
2026-08-16 23:00:00+00:00,BikePoints_186,"South Wharf Road, Paddington",51.517335,-0.17581,4,3,1,16,9,3
2026-08-16 23:00:00+00:00,BikePoints_187,"Queen's Gate (South), South Kensington",51.492479,-0.178433,14,0,14,25,10,1
2026-08-16 23:00:00+00:00,BikePoints_188,"Nutford Place, Marylebone",51.516517,-0.164393,5,2,3,18,12,1
2026-08-16 23:00:00+00:00,BikePoints_189,"Claremont Square, Angel",51.531666,-0.109914,4,2,2,18,11,3
2026-08-16 23:00:00+00:00,BikePoints_190,"Rampayne Street, Pimlico",51.489975,-0.132845,9,2,7,21,11,1
2026-08-16 23:00:00+00:00,BikePoints_191,"Hyde Park Corner, Hyde Park",51.503117,-0.15352,4,0,4,36,24,8
2026-08-16 23:00:00+00:00,BikePoints_192,"Wardour Street, Soho",51.512515,-0.133201,0,0,0,16,10,6
2026-08-16 23:00:00+00:00,BikePoints_193,"Bankside Mix, Bankside",51.505817,-0.100186,8,1,7,60,51,1
2026-08-16 23:00:00+00:00,BikePoints_194,"Hop Exchange, The Borough",51.504627,-0.091773,6,6,0,55,44,5
2026-08-16 23:00:00+00:00,BikePoints_195,"Milroy Walk, South Bank",51.507244,-0.106237,0,0,0,30,30,0
2026-08-16 23:00:00+00:00,BikePoints_196,"Union Street, The Borough",51.503688,-0.098497,3,0,3,17,12,2
2026-08-16 23:00:00+00:00,BikePoints_197,"Stamford Street, South Bank",51.505569,-0.111606,0,0,0,27,26,1
2026-08-16 23:00:00+00:00,BikePoints_199,"Great Tower Street, Monument",51.510484,-0.082989,3,0,3,24,18,3
2026-08-16 23:00:00+00:00,BikePoints_200,"LMU Commercial Road, Whitechapel",51.514924,-0.066078,6,2,4,14,8,0
2026-08-16 23:00:00+00:00,BikePoints_201,"Dorset Square, Marylebone",51.522596,-0.161113,3,1,2,16,12,1
2026-08-16 23:00:00+00:00,BikePoints_202,"Leman Street, Aldgate",51.512363,-0.069542,11,4,7,37,25,1
2026-08-16 23:00:00+00:00,BikePoints_203,"West Smithfield Rotunda, Farringdon",51.518218,-0.100791,5,4,1,15,8,2
2026-08-16 23:00:00+00:00,BikePoints_204,"Margery Street, Clerkenwell",51.526599,-0.112432,9,1,8,19,10,0
2026-08-16 23:00:00+00:00,BikePoints_206,"New Road 1 , Whitechapel",51.518154,-0.062697,21,3,18,36,12,3
2026-08-16 23:00:00+00:00,BikePoints_207,"Grosvenor Crescent, Belgravia",51.501352,-0.153194,0,0,0,18,18,0
2026-08-16 23:00:00+00:00,BikePoints_208,"Mallory Street, Marylebone",51.525051,-0.166304,4,0,4,20,15,1
2026-08-16 23:00:00+00:00,BikePoints_209,"Denyer Street, Knightsbridge",51.493583,-0.165101,3,0,3,30,26,1
2026-08-16 23:00:00+00:00,BikePoints_210,"Hinde Street, Marylebone",51.516814,-0.151926,2,1,1,21,18,1
2026-08-16 23:00:00+00:00,BikePoints_211,"Cadogan Place, Knightsbridge",51.494645,-0.158105,9,0,9,34,24,1
2026-08-16 23:00:00+00:00,BikePoints_212,"Campden Hill Road, Notting Hill",51.506584,-0.199004,11,3,8,17,6,0
2026-08-16 23:00:00+00:00,BikePoints_213,"Wellington Arch, Hyde Park",51.50274,-0.149569,0,0,0,36,33,3
2026-08-16 23:00:00+00:00,BikePoints_214,"Endsleigh Gardens, Euston",51.526838,-0.130504,19,0,19,32,10,3
2026-08-16 23:00:00+00:00,BikePoints_215,"Moorfields, Moorgate",51.519069,-0.088285,1,1,0,54,51,2
2026-08-16 23:00:00+00:00,BikePoints_216,"Old Brompton Road, South Kensington",51.490945,-0.18119,13,0,13,30,15,2
2026-08-16 23:00:00+00:00,BikePoints_217,"Wormwood Street, Liverpool Street",51.516154,-0.082422,0,0,0,16,16,0
2026-08-16 23:00:00+00:00,BikePoints_218,"St. Luke's Church, Chelsea",51.489716,-0.170194,2,0,2,20,18,0
2026-08-16 23:00:00+00:00,BikePoints_219,"Bramham Gardens, Earl's Court",51.490163,-0.190393,19,3,16,29,9,1
2026-08-16 23:00:00+00:00,BikePoints_220,"Chelsea Green, Chelsea",51.490664,-0.166485,3,2,1,15,12,0
2026-08-16 23:00:00+00:00,BikePoints_221,"Horseferry Road, Westminster",51.494816,-0.130458,3,1,2,16,13,0
2026-08-16 23:00:00+00:00,BikePoints_222,"Knightsbridge, Hyde Park",51.502757,-0.155349,25,0,25,43,16,2
2026-08-16 23:00:00+00:00,BikePoints_223,"Rodney Road , Walworth",51.491484,-0.09022,17,0,17,24,5,2
2026-08-16 23:00:00+00:00,BikePoints_224,"Queensway, Kensington Gardens",51.51031,-0.187402,16,2,14,17,0,1
2026-08-16 23:00:00+00:00,BikePoints_225,"Notting Hill Gate Station, Notting Hill",51.509353,-0.196422,10,1,9,30,16,4
2026-08-16 23:00:00+00:00,BikePoints_226,"Charles II Street, West End",51.508446,-0.131961,0,0,0,24,23,1
2026-08-16 23:00:00+00:00,BikePoints_227,"Great Percy Street, Clerkenwell",51.528915,-0.11548,13,2,11,23,10,0
2026-08-16 23:00:00+00:00,BikePoints_228,"St. James's Square, St. James's",51.507424,-0.134621,1,0,1,40,36,3
2026-08-16 23:00:00+00:00,BikePoints_229,"Whitehall Place, Strand",51.506543,-0.123179,1,0,1,46,45,0
2026-08-16 23:00:00+00:00,BikePoints_230,"Poured Lines, Bankside",51.506692,-0.103137,4,3,1,31,26,1
2026-08-16 23:00:00+00:00,BikePoints_231,"Queen's Gate (Central), South Kensington",51.493967,-0.178732,3,0,3,31,28,0
2026-08-16 23:00:00+00:00,BikePoints_232,"Carey Street, Holborn",51.51501,-0.112753,0,0,0,16,16,0
2026-08-16 23:00:00+00:00,BikePoints_233,"Pall Mall East, West End",51.50777,-0.130699,0,0,0,22,17,5
2026-08-16 23:00:00+00:00,BikePoints_234,"Liverpool Road (N1 Centre), Angel",51.534504,-0.106992,3,3,0,24,19,2
2026-08-16 23:00:00+00:00,BikePoints_235,"Kennington Road, Vauxhall",51.495718,-0.110889,7,1,6,36,29,0
2026-08-16 23:00:00+00:00,BikePoints_236,"Fashion Street, Whitechapel",51.51838,-0.073438,0,0,0,30,30,0
2026-08-16 23:00:00+00:00,BikePoints_237,"Dock Street, Wapping",51.509786,-0.068161,10,2,8,30,18,2
2026-08-16 23:00:00+00:00,BikePoints_238,"Frampton Street, Paddington",51.523353,-0.175116,20,1,19,32,12,0
2026-08-16 23:00:00+00:00,BikePoints_239,"Warren Street Station, Euston",51.524438,-0.138019,3,0,3,26,21,2
2026-08-16 23:00:00+00:00,BikePoints_240,"Colombo Street, Southwark",51.505459,-0.105692,0,0,0,14,12,2
2026-08-16 23:00:00+00:00,BikePoints_242,"Beaumont Street, Marylebone",51.522008,-0.151359,2,1,1,23,21,0
2026-08-16 23:00:00+00:00,BikePoints_243,"Gloucester Street, Pimlico",51.490962,-0.139625,24,2,22,25,0,1
2026-08-16 23:00:00+00:00,BikePoints_244,"Bucknall Street, Covent Garden",51.51615,-0.128417,4,2,2,18,10,4
2026-08-16 23:00:00+00:00,BikePoints_245,"Grosvenor Road, Pimlico",51.485357,-0.142207,19,3,16,29,9,1
2026-08-16 23:00:00+00:00,BikePoints_246,"Berry Street, Clerkenwell",51.522853,-0.099994,7,2,5,41,33,1
2026-08-16 23:00:00+00:00,BikePoints_247,"St. John's Wood Church, The Regent's Park",51.530529,-0.167515,22,0,22,50,25,3
2026-08-16 23:00:00+00:00,BikePoints_248,"Triangle Car Park, Hyde Park",51.506451,-0.170279,12,2,10,27,13,2
2026-08-16 23:00:00+00:00,BikePoints_249,"Harper Road, The Borough",51.498597,-0.096191,1,0,1,42,39,2
2026-08-16 23:00:00+00:00,BikePoints_250,"Royal Avenue 1, Chelsea",51.489932,-0.162727,2,0,2,10,6,2
2026-08-16 23:00:00+00:00,BikePoints_251,"Brushfield Street, Liverpool Street",51.518908,-0.079249,2,1,1,34,31,1
2026-08-16 23:00:00+00:00,BikePoints_253,"Shoreditch Park, Hoxton",51.534042,-0.086379,7,0,7,30,19,4
2026-08-16 23:00:00+00:00,BikePoints_254,"Chadwell Street, Angel",51.530515,-0.106408,3,1,2,18,14,1
2026-08-16 23:00:00+00:00,BikePoints_255,"Clifton Road, Maida Vale",51.525575,-0.179592,14,2,12,22,5,3
2026-08-16 23:00:00+00:00,BikePoints_256,"Houghton Street, Strand",51.51362,-0.116764,0,0,0,15,14,1
2026-08-16 23:00:00+00:00,BikePoints_257,"Westminster University, Marylebone",51.522481,-0.154907,4,0,4,16,10,2
2026-08-16 23:00:00+00:00,BikePoints_258,"Kensington Gore, Knightsbridge",51.501432,-0.178656,0,0,0,23,23,0
2026-08-16 23:00:00+00:00,BikePoints_259,"Bourne Street, Belgravia",51.490959,-0.153233,5,1,4,16,11,0
2026-08-16 23:00:00+00:00,BikePoints_260,"Broadwick Street, Soho",51.513684,-0.13558,0,0,0,18,15,3
2026-08-16 23:00:00+00:00,BikePoints_261,"Princes Square, Bayswater",51.513489,-0.191351,9,3,6,16,7,0
2026-08-16 23:00:00+00:00,BikePoints_262,"LSBU (Borough Road), Elephant & Castle",51.498744,-0.103132,6,1,5,35,29,0
2026-08-16 23:00:00+00:00,BikePoints_263,"St. Mary Axe, Aldgate",51.514225,-0.08066,4,4,0,21,15,2
2026-08-16 23:00:00+00:00,BikePoints_264,"Tysoe Street, Clerkenwell",51.526443,-0.109256,3,2,1,20,16,1
2026-08-16 23:00:00+00:00,BikePoints_265,"Southwick Street, Paddington",51.515953,-0.169249,6,3,3,17,11,0
2026-08-16 23:00:00+00:00,BikePoints_266,"Queen's Gate (North), Kensington",51.501026,-0.180246,0,0,0,41,39,2
2026-08-16 23:00:00+00:00,BikePoints_268,"Belgrave Road, Victoria",51.493204,-0.144132,25,0,25,29,2,2
2026-08-16 23:00:00+00:00,BikePoints_269,"Empire Square, The Borough",51.500823,-0.08974,44,1,43,46,0,2
2026-08-16 23:00:00+00:00,BikePoints_271,"London Zoo,  The Regent's Park",51.535836,-0.156285,10,0,10,32,22,0
2026-08-16 23:00:00+00:00,BikePoints_272,"Baylis Road, Waterloo",51.501444,-0.110699,0,0,0,22,20,2
2026-08-16 23:00:00+00:00,BikePoints_273,"Belvedere Road 1, South Bank",51.506133,-0.114686,13,1,12,38,21,4
2026-08-16 23:00:00+00:00,BikePoints_274,"Warwick Road, Olympia",51.496712,-0.205284,13,5,8,36,23,0
2026-08-16 23:00:00+00:00,BikePoints_275,"Barbican Centre, Barbican",51.520044,-0.092176,0,0,0,19,18,1
2026-08-16 23:00:00+00:00,BikePoints_276,"Lower Thames Street, Monument",51.509301,-0.084985,0,0,0,24,23,1
2026-08-16 23:00:00+00:00,BikePoints_277,"Kensington Church Street, Kensington",51.503157,-0.191496,8,1,7,17,7,2
2026-08-16 23:00:00+00:00,BikePoints_278,"Tooley Street, Bermondsey",51.503493,-0.07962,20,8,12,27,3,4
2026-08-16 23:00:00+00:00,BikePoints_279,"North Wharf Road, Paddington",51.518623,-0.176603,5,3,2,23,17,1
2026-08-16 23:00:00+00:00,BikePoints_280,"Royal Avenue 2, Chelsea",51.490083,-0.162418,9,0,9,10,1,0
2026-08-16 23:00:00+00:00,BikePoints_281,"Smith Square, Westminster",51.495805,-0.127575,12,2,10,18,6,0
2026-08-16 23:00:00+00:00,BikePoints_282,"Royal London Hospital, Whitechapel",51.518675,-0.06111,29,5,24,42,7,6
2026-08-16 23:00:00+00:00,BikePoints_283,"Kingsway, Covent Garden",51.514409,-0.118478,0,0,0,16,16,0
2026-08-16 23:00:00+00:00,BikePoints_284,"Lambeth North Station, Waterloo",51.49914,-0.112031,12,1,11,20,8,0
2026-08-16 23:00:00+00:00,BikePoints_286,"St. John's Wood Road, St. John's Wood",51.527294,-0.174653,21,4,17,35,12,2
2026-08-16 23:00:00+00:00,BikePoints_287,"Bedford Way, Bloomsbury",51.523673,-0.128377,4,1,3,23,18,1
2026-08-16 23:00:00+00:00,BikePoints_288,"Elizabeth Bridge, Victoria",51.492369,-0.147478,33,0,33,34,1,0
2026-08-16 23:00:00+00:00,BikePoints_289,"South Audley Street, Mayfair",51.50923,-0.151289,1,0,1,15,14,0
2026-08-16 23:00:00+00:00,BikePoints_290,"St Mary's Hospital, Paddington",51.518268,-0.171103,4,0,4,20,13,3
2026-08-16 23:00:00+00:00,BikePoints_291,"Claverton Street, Pimlico",51.484839,-0.138089,31,1,30,32,0,1
2026-08-16 23:00:00+00:00,BikePoints_292,"Montpelier Street, Knightsbridge",51.498884,-0.165471,8,1,7,16,8,0
2026-08-16 23:00:00+00:00,BikePoints_293,"Kensington Olympia Station, Olympia",51.498157,-0.209494,11,0,11,25,14,0
2026-08-16 23:00:00+00:00,BikePoints_294,"St. George's Square, Pimlico",51.488226,-0.135635,11,1,10,16,3,2
2026-08-16 23:00:00+00:00,BikePoints_295,"Swan Street, The Borough",51.500296,-0.092762,4,0,4,27,22,1
2026-08-16 23:00:00+00:00,BikePoints_296,"Knaresborough Place, Earl's Court",51.493631,-0.190603,6,1,5,18,10,2
2026-08-16 23:00:00+00:00,BikePoints_297,"Geraldine Street, Elephant & Castle",51.496127,-0.106,13,2,11,17,3,1
2026-08-16 23:00:00+00:00,BikePoints_298,"Curlew Street, Shad Thames",51.502279,-0.074189,12,2,10,21,5,4
2026-08-16 23:00:00+00:00,BikePoints_299,"Vincent Square, Westminster",51.493985,-0.136928,16,0,16,19,3,0
2026-08-16 23:00:00+00:00,BikePoints_300,"Serpentine Car Park, Hyde Park",51.505014,-0.17306,4,0,4,18,11,3
2026-08-16 23:00:00+00:00,BikePoints_301,"Marylebone Lane, Marylebone",51.514759,-0.148105,2,1,1,24,18,4
2026-08-16 23:00:00+00:00,BikePoints_302,"Putney Pier, Wandsworth",51.466907,-0.216573,20,4,16,28,5,3
2026-08-16 23:00:00+00:00,BikePoints_303,"Albert Gate, Hyde Park",51.502953,-0.158456,2,1,1,34,27,5
2026-08-16 23:00:00+00:00,BikePoints_306,"Rathbone Street, Fitzrovia",51.518162,-0.135025,0,0,0,16,14,2
2026-08-16 23:00:00+00:00,BikePoints_307,"Black Lion Gate, Kensington Gardens",51.509908,-0.187842,19,9,10,24,0,5
2026-08-16 23:00:00+00:00,BikePoints_308,"Long Lane , Bermondsey",51.499075,-0.085666,18,3,15,20,2,0
2026-08-16 23:00:00+00:00,BikePoints_309,"Embankment (Savoy), Strand",51.509631,-0.119047,1,1,0,41,39,1
2026-08-16 23:00:00+00:00,BikePoints_310,"Black Prince Road, Vauxhall",51.490867,-0.116911,14,3,11,19,4,1
2026-08-16 23:00:00+00:00,BikePoints_311,"Foley Street, Fitzrovia",51.519181,-0.140485,4,1,3,24,20,0
2026-08-16 23:00:00+00:00,BikePoints_312,"Grove End Road, St. John's Wood",51.530889,-0.17677,15,3,12,20,3,2
2026-08-16 23:00:00+00:00,BikePoints_313,"Wells Street, Fitzrovia",51.517344,-0.138072,1,1,0,38,34,3
2026-08-16 23:00:00+00:00,BikePoints_314,"Tyers Gate, Bermondsey",51.500889,-0.083159,33,1,32,36,1,2
2026-08-16 23:00:00+00:00,BikePoints_315,"The Tennis Courts, The Regent's Park",51.525367,-0.153463,7,7,0,16,8,1
2026-08-16 23:00:00+00:00,BikePoints_316,"Warwick Row, Westminster",51.497998,-0.14296,1,0,1,21,17,3
2026-08-16 23:00:00+00:00,BikePoints_317,"Dickens Square, Borough",51.496791,-0.093913,6,0,6,32,26,0
2026-08-16 23:00:00+00:00,BikePoints_318,"Sackville Street, Mayfair",51.510048,-0.138846,2,2,0,18,15,1
2026-08-16 23:00:00+00:00,BikePoints_319,"Baldwin Street, St. Luke's",51.527025,-0.088542,6,1,5,21,13,2
2026-08-16 23:00:00+00:00,BikePoints_320,"Queen Mother Sports Centre, Victoria",51.493573,-0.139956,20,0,20,26,6,0
2026-08-16 23:00:00+00:00,BikePoints_321,"Bermondsey Street, Bermondsey",51.497855,-0.081608,16,3,13,24,7,1
2026-08-16 23:00:00+00:00,BikePoints_322,"Palissy Street, Shoreditch",51.526293,-0.073955,24,1,23,26,0,2
2026-08-16 23:00:00+00:00,BikePoints_323,"Clifton Street, Shoreditch",51.523196,-0.083067,6,1,5,24,18,0
2026-08-16 23:00:00+00:00,BikePoints_324,"Ontario Street, Elephant & Castle",51.49652,-0.101384,10,0,10,15,4,1
2026-08-16 23:00:00+00:00,BikePoints_326,"Graham Street, Angel",51.532661,-0.099981,19,1,18,26,6,1
2026-08-16 23:00:00+00:00,BikePoints_327,"Westbourne Green, Westbourne",51.522168,-0.192814,9,1,8,21,11,1
2026-08-16 23:00:00+00:00,BikePoints_328,"New North Road 2, Hoxton",51.53114,-0.086016,4,2,2,22,18,0
2026-08-16 23:00:00+00:00,BikePoints_329,"Prince Albert Road, The Regent's Park",51.535892,-0.160854,4,3,1,24,16,4
2026-08-16 23:00:00+00:00,BikePoints_330,"Eastbourne Mews, Paddington",51.516417,-0.179135,12,4,8,34,20,2
2026-08-16 23:00:00+00:00,BikePoints_331,"Bunhill Row, Moorgate",51.520858,-0.089887,0,0,0,30,26,4
2026-08-16 23:00:00+00:00,BikePoints_332,"Nevern Place, Earl's Court",51.493343,-0.194757,8,0,8,20,11,1
2026-08-16 23:00:00+00:00,BikePoints_333,"Palace Gardens Terrace, Notting Hill",51.508605,-0.193764,17,4,13,37,18,2
2026-08-16 23:00:00+00:00,BikePoints_334,"Agar Grove, Camden Town",51.542891,-0.132253,13,4,9,18,4,1
2026-08-16 23:00:00+00:00,BikePoints_335,"Tavistock Street, Covent Garden",51.511968,-0.120718,0,0,0,33,30,3
2026-08-16 23:00:00+00:00,BikePoints_336,"Concert Hall Approach, South Bank",51.504841,-0.115153,23,0,23,30,5,2
2026-08-16 23:00:00+00:00,BikePoints_337,"Pembridge Villas, Notting Hill",51.511084,-0.197524,7,2,5,16,8,1
2026-08-16 23:00:00+00:00,BikePoints_338,"Wellington Street , Strand",51.511756,-0.119643,0,0,0,24,20,4
2026-08-16 23:00:00+00:00,BikePoints_340,"Bank of England Museum, Bank",51.514441,-0.087587,0,0,0,16,14,2
2026-08-16 23:00:00+00:00,BikePoints_341,"Craven Street, Strand",51.508103,-0.126021,0,0,0,23,21,2
2026-08-16 23:00:00+00:00,BikePoints_344,"Goswell Road (City Uni), Finsbury",51.528246,-0.101026,10,1,9,16,5,1
2026-08-16 23:00:00+00:00,BikePoints_345,"Flood Street, Chelsea",51.488023,-0.166878,4,0,4,33,28,1
2026-08-16 23:00:00+00:00,BikePoints_348,"Grosvenor Square, Mayfair",51.51217,-0.150481,2,1,1,17,11,4
2026-08-16 23:00:00+00:00,BikePoints_349,"St. George Street, Mayfair",51.51196,-0.142783,0,0,0,18,16,2
2026-08-16 23:00:00+00:00,BikePoints_350,"Queen's Gate, Kensington Gardens",51.501715,-0.179854,4,2,2,21,12,5
2026-08-16 23:00:00+00:00,BikePoints_351,"Macclesfield Rd, St Lukes",51.529423,-0.097122,10,1,9,28,16,2
2026-08-16 23:00:00+00:00,BikePoints_352,"Vauxhall Street, Vauxhall",51.486965,-0.116625,16,2,14,19,3,0
2026-08-16 23:00:00+00:00,BikePoints_353,"Greycoat Street , Westminster",51.494591,-0.134234,13,0,13,17,4,0
2026-08-16 23:00:00+00:00,BikePoints_354,"Northumberland Avenue, Strand",51.506767,-0.123702,2,0,2,37,35,0
2026-08-16 23:00:00+00:00,BikePoints_355,"Clapham Common Station, Clapham Common",51.461388,-0.139221,17,0,17,21,2,2
2026-08-16 23:00:00+00:00,BikePoints_356,"South Kensington Station, South Kensington",51.494412,-0.173881,2,0,2,15,12,1
2026-08-16 23:00:00+00:00,BikePoints_357,"Howland Street, Fitzrovia",51.520994,-0.139016,9,1,8,30,21,0
2026-08-16 23:00:00+00:00,BikePoints_358,"High Holborn , Covent Garden",51.516398,-0.124257,0,0,0,20,20,0
2026-08-16 23:00:00+00:00,BikePoints_359,"Butler Place, Westminster",51.497829,-0.13544,0,0,0,18,17,1
2026-08-16 23:00:00+00:00,BikePoints_360,"Howick Place, Westminster",51.496753,-0.138733,0,0,0,27,26,1
2026-08-16 23:00:00+00:00,BikePoints_361,"Waterloo Station 2, Waterloo",51.503919,-0.113426,15,1,14,55,40,0
2026-08-16 23:00:00+00:00,BikePoints_362,"Royal College Street, Camden Town",51.536264,-0.133952,46,3,43,57,8,3
2026-08-16 23:00:00+00:00,BikePoints_363,"Lord's, St. John's Wood",51.529121,-0.171185,10,0,10,24,13,1
2026-08-16 23:00:00+00:00,BikePoints_364,"Store Street, Bloomsbury",51.519572,-0.13214,5,4,1,32,26,1
2026-08-16 23:00:00+00:00,BikePoints_365,"City Road, Angel",51.530344,-0.100168,26,6,20,47,18,3
2026-08-16 23:00:00+00:00,BikePoints_367,"Harrowby Street, Marylebone",51.517372,-0.164207,1,0,1,16,13,2
2026-08-16 23:00:00+00:00,BikePoints_368,"Lowndes Square, Knightsbridge",51.50058,-0.158837,0,0,0,23,22,1
2026-08-16 23:00:00+00:00,BikePoints_370,"Paddington Green, Paddington",51.520205,-0.174593,9,3,6,20,11,0
2026-08-16 23:00:00+00:00,BikePoints_371,"Brockwell Lido, Brixton",51.453118,-0.104955,26,0,26,30,3,1
2026-08-16 23:00:00+00:00,BikePoints_372,"Sardinia Street, Holborn",51.515208,-0.117863,0,0,0,24,24,0
2026-08-16 23:00:00+00:00,BikePoints_373,"Prince Consort Road, Knightsbridge",51.499806,-0.176415,0,0,0,18,17,1
2026-08-16 23:00:00+00:00,BikePoints_374,"Waterloo Station 1, Waterloo",51.504027,-0.113864,10,0,10,36,21,5
2026-08-16 23:00:00+00:00,BikePoints_375,"Kensington Town Hall, Kensington",51.501945,-0.194392,3,0,3,18,14,1
2026-08-16 23:00:00+00:00,BikePoints_376,"Millbank Tower, Pimlico",51.491884,-0.125674,4,1,3,24,18,2
2026-08-16 23:00:00+00:00,BikePoints_377,"Waterloo Bridge, South Bank",51.505354,-0.113656,9,2,7,15,5,1
2026-08-16 23:00:00+00:00,BikePoints_378,"Natural History Museum, South Kensington",51.495592,-0.179077,1,0,1,42,40,1
2026-08-16 23:00:00+00:00,BikePoints_379,"Turquoise Island, Notting Hill",51.514311,-0.200838,6,0,6,21,15,0
2026-08-16 23:00:00+00:00,BikePoints_380,"Stanhope Gate, Mayfair",51.506864,-0.150666,3,0,3,21,18,0
2026-08-16 23:00:00+00:00,BikePoints_381,"Charlotte Street, Fitzrovia",51.51953,-0.135777,0,0,0,14,14,0
2026-08-16 23:00:00+00:00,BikePoints_382,"Farm Street, Mayfair",51.509351,-0.147449,0,0,0,15,15,0
2026-08-16 23:00:00+00:00,BikePoints_383,"Frith Street, Soho",51.513103,-0.131213,1,0,1,18,15,2
2026-08-16 23:00:00+00:00,BikePoints_384,"Marloes Road, Kensington",51.496481,-0.192404,3,0,3,15,12,0
2026-08-16 23:00:00+00:00,BikePoints_386,"Moor Street, Soho",51.513527,-0.13011,0,0,0,16,12,4
2026-08-16 23:00:00+00:00,BikePoints_387,"Fire Brigade Pier, Vauxhall",51.493699,-0.121394,0,0,0,30,27,3
2026-08-16 23:00:00+00:00,BikePoints_388,"Southampton Street, Strand",51.510701,-0.121723,2,0,2,14,11,1
2026-08-16 23:00:00+00:00,BikePoints_389,"Upper Grosvenor Street, Mayfair",51.51013,-0.155757,2,0,2,18,16,0
2026-08-16 23:00:00+00:00,BikePoints_390,"Buxton Street 1, Shoreditch",51.521776,-0.068856,10,0,10,41,30,1
2026-08-16 23:00:00+00:00,BikePoints_391,"Clifford Street, Mayfair",51.510662,-0.142345,2,1,1,17,14,1
2026-08-16 23:00:00+00:00,BikePoints_392,"Imperial College, Knightsbridge",51.499428,-0.179702,0,0,0,33,32,1
2026-08-16 23:00:00+00:00,BikePoints_393,"Snow Hill, Farringdon",51.517334,-0.103604,2,0,2,15,13,0
2026-08-16 23:00:00+00:00,BikePoints_394,"Aberdeen Place, St. John's Wood",51.524826,-0.176268,17,5,12,18,0,1
2026-08-16 23:00:00+00:00,BikePoints_395,"Cadogan Gardens, Chelsea",51.492462,-0.159919,3,1,2,15,11,1
2026-08-16 23:00:00+00:00,BikePoints_396,"Shouldham Street, Marylebone",51.51809,-0.163609,2,0,2,16,13,1
2026-08-16 23:00:00+00:00,BikePoints_397,"Devonshire Terrace, Bayswater",51.51348,-0.17977,9,4,5,16,3,4
2026-08-16 23:00:00+00:00,BikePoints_398,"Holland Park, Kensington",51.502319,-0.200742,18,0,18,30,12,0
2026-08-16 23:00:00+00:00,BikePoints_399,"Brick Lane Market, Shoreditch",51.522617,-0.071653,10,1,9,24,13,1
2026-08-16 23:00:00+00:00,BikePoints_400,"George Street, Marylebone",51.517703,-0.154106,14,0,14,27,13,0
2026-08-16 23:00:00+00:00,BikePoints_401,"Columbia Road, Shoreditch",51.528187,-0.075375,13,1,12,24,10,1
2026-08-16 23:00:00+00:00,BikePoints_402,"Penfold Street, Marylebone",51.522892,-0.171681,0,0,0,15,14,1
2026-08-16 23:00:00+00:00,BikePoints_403,"George Place Mews, Marylebone",51.516892,-0.158249,3,1,2,16,11,2
2026-08-16 23:00:00+00:00,BikePoints_404,"Palace Gate, Kensington Gardens",51.502042,-0.1844,8,0,8,13,0,5
2026-08-16 23:00:00+00:00,BikePoints_405,"Gloucester Road Station, South Kensington",51.494185,-0.18267,1,0,1,15,13,1
2026-08-16 23:00:00+00:00,BikePoints_408,"Sun Street, Liverpool Street",51.520009,-0.083935,3,1,2,24,21,0
2026-08-16 23:00:00+00:00,BikePoints_409,"Strata, Elephant & Castle",51.493146,-0.099828,13,6,7,41,20,8
2026-08-16 23:00:00+00:00,BikePoints_410,"Orchard Place, Blackwall Tunnel",51.510212,0.004979,15,3,12,24,8,1
2026-08-16 23:00:00+00:00,BikePoints_411,"Rotherhithe Roundabout, Rotherhithe",51.499169,-0.055846,17,1,16,19,1,1
2026-08-16 23:00:00+00:00,BikePoints_412,"Cleaver Street, Kennington",51.488105,-0.110121,9,0,9,17,8,0
2026-08-16 23:00:00+00:00,BikePoints_419,"Chelsea Bridge, Pimlico",51.485821,-0.149004,1,0,1,15,14,0
2026-08-16 23:00:00+00:00,BikePoints_423,"Eaton Square (South), Belgravia",51.494561,-0.153933,8,0,8,31,23,0
2026-08-16 23:00:00+00:00,BikePoints_424,"Ebury Bridge, Pimlico",51.490491,-0.149186,17,1,16,29,10,2
2026-08-16 23:00:00+00:00,BikePoints_426,"Vincent Street, Pimlico",51.493072,-0.129925,12,5,7,17,5,0
2026-08-16 23:00:00+00:00,BikePoints_427,"Cheapside, Bank",51.51397,-0.09294,0,0,0,43,43,0
2026-08-16 23:00:00+00:00,BikePoints_428,"Exhibition Road, Knightsbridge",51.499917,-0.174554,0,0,0,20,20,0
2026-08-16 23:00:00+00:00,BikePoints_430,"South Parade, Chelsea",51.48902,-0.17524,5,1,4,18,11,2
2026-08-16 23:00:00+00:00,BikePoints_431,"Crinan Street, King's Cross",51.534474,-0.122203,5,3,2,20,14,1
2026-08-16 23:00:00+00:00,BikePoints_432,"Exhibition Road Museums 1, South Kensington",51.496468,-0.173796,0,0,0,13,13,0
2026-08-16 23:00:00+00:00,BikePoints_433,"Wren Street, Holborn",51.524564,-0.116279,3,0,3,33,27,3
2026-08-16 23:00:00+00:00,BikePoints_435,"Kennington Station, Kennington",51.488852,-0.105593,5,1,4,23,18,0
2026-08-16 23:00:00+00:00,BikePoints_436,"Red Lion Street, Holborn",51.51824,-0.11655,1,1,0,36,35,0
2026-08-16 23:00:00+00:00,BikePoints_437,"Vauxhall Walk, Vauxhall",51.488124,-0.120903,19,1,18,27,8,0
2026-08-16 23:00:00+00:00,BikePoints_439,"Killick Street, King's Cross",51.5338,-0.118677,16,3,13,22,4,2
2026-08-16 23:00:00+00:00,BikePoints_440,"Kennington Oval, Oval",51.483145,-0.113134,30,0,30,33,0,3
2026-08-16 23:00:00+00:00,BikePoints_441,"Sail Street, Vauxhall",51.495656,-0.114605,13,0,13,24,10,1
2026-08-16 23:00:00+00:00,BikePoints_442,"Walmer Road, Avondale",51.510101,-0.211358,8,1,7,24,16,0
2026-08-16 23:00:00+00:00,BikePoints_443,"Philpot Street, Whitechapel",51.515256,-0.058641,6,0,6,30,21,3
2026-08-16 23:00:00+00:00,BikePoints_444,"Bethnal Green Garden, Bethnal Green",51.52568,-0.055312,1,0,1,24,22,1
2026-08-16 23:00:00+00:00,BikePoints_445,"Cheshire Street, Bethnal Green",51.52388,-0.065076,4,0,4,28,24,0
2026-08-16 23:00:00+00:00,BikePoints_446,"York Hall, Bethnal Green",51.528936,-0.055894,13,0,13,27,12,2
2026-08-16 23:00:00+00:00,BikePoints_447,"Jubilee Crescent, Cubitt Town",51.493381,-0.007542,6,1,5,54,46,2
2026-08-16 23:00:00+00:00,BikePoints_448,"Fisherman's Walk West, Canary Wharf",51.50623,-0.02296,15,0,15,36,20,1
2026-08-16 23:00:00+00:00,BikePoints_449,"Shadwell Station, Shadwell",51.511088,-0.057159,26,2,24,35,6,3
2026-08-16 23:00:00+00:00,BikePoints_450,"Jubilee Street, Stepney",51.515975,-0.053177,6,1,5,28,22,0
2026-08-16 23:00:00+00:00,BikePoints_451,"Hermitage Court, Wapping",51.504719,-0.063531,10,4,6,16,5,1
2026-08-16 23:00:00+00:00,BikePoints_452,"St. Katharine's Way, Tower",51.505697,-0.070542,1,1,0,24,21,2
2026-08-16 23:00:00+00:00,BikePoints_453,"Garnet Street, Shadwell",51.508447,-0.055167,10,0,10,24,13,1
2026-08-16 23:00:00+00:00,BikePoints_454,"Napier Avenue, Millwall",51.487679,-0.021582,15,6,9,20,3,2
2026-08-16 23:00:00+00:00,BikePoints_455,"East Ferry Road, Cubitt Town",51.49447,-0.014409,16,2,14,17,0,1
2026-08-16 23:00:00+00:00,BikePoints_456,"Albert Street, Camden Town",51.537706,-0.144801,10,4,6,26,11,5
2026-08-16 23:00:00+00:00,BikePoints_457,"Castlehaven Road, Camden Town",51.542138,-0.145393,9,3,6,29,19,1
2026-08-16 23:00:00+00:00,BikePoints_458,"Wapping Lane, Wapping",51.504749,-0.057544,10,1,9,28,15,3
2026-08-16 23:00:00+00:00,BikePoints_459,"Gunmakers Lane, Old Ford",51.535179,-0.03338,14,1,13,17,2,1
2026-08-16 23:00:00+00:00,BikePoints_461,"Aston Street, Stepney",51.516,-0.038775,9,1,8,26,17,0
2026-08-16 23:00:00+00:00,BikePoints_462,"Bonny Street, Camden Town",51.541603,-0.138853,33,11,22,45,8,4
2026-08-16 23:00:00+00:00,BikePoints_463,"Thurtle Road, Haggerston",51.534776,-0.071881,3,1,2,22,17,2
2026-08-16 23:00:00+00:00,BikePoints_464,"St. Mary & St. Michael Church, Stepney",51.51417,-0.052099,5,0,5,25,20,0
2026-08-16 23:00:00+00:00,BikePoints_465,"Pitfield Street North,Hoxton",51.53558,-0.08249,21,4,17,28,5,2
2026-08-16 23:00:00+00:00,BikePoints_466,"Whiston Road, Haggerston",51.534464,-0.076341,8,4,4,21,11,2
2026-08-16 23:00:00+00:00,BikePoints_467,"Southern Grove, Bow",51.523538,-0.030556,3,0,3,17,14,0
2026-08-16 23:00:00+00:00,BikePoints_468,"Cantrell Road, Bow",51.521564,-0.022694,20,0,20,24,2,2
2026-08-16 23:00:00+00:00,BikePoints_469,"Lindfield Street, Poplar",51.513757,-0.020467,20,2,18,44,22,2
2026-08-16 23:00:00+00:00,BikePoints_470,"Mostyn Grove, Bow",51.530535,-0.025492,18,4,14,46,27,1
2026-08-16 23:00:00+00:00,BikePoints_471,"Hewison Street, Old Ford",51.533283,-0.028155,14,4,10,19,5,0
2026-08-16 23:00:00+00:00,BikePoints_472,"Malmesbury Road, Bow",51.529452,-0.027616,8,4,4,21,12,1
2026-08-16 23:00:00+00:00,BikePoints_473,"Millharbour, Millwall",51.496137,-0.019355,8,1,7,19,7,4
2026-08-16 23:00:00+00:00,BikePoints_474,"Gascoyne Road, Victoria Park",51.541515,-0.038557,12,8,4,20,5,3
2026-08-16 23:00:00+00:00,BikePoints_475,"Lightermans Road, Millwall",51.499041,-0.020157,8,3,5,31,21,2
2026-08-16 23:00:00+00:00,BikePoints_476,"Stebondale Street, Cubitt Town",51.489096,-0.009205,5,0,5,29,20,4
2026-08-16 23:00:00+00:00,BikePoints_477,"Spindrift Avenue, Millwall",51.49109,-0.018716,16,2,14,36,18,2
2026-08-16 23:00:00+00:00,BikePoints_478,"Stepney Green Station, Stepney",51.521889,-0.04667,17,1,16,21,0,4
2026-08-16 23:00:00+00:00,BikePoints_479,"Pott Street, Bethnal Green",51.527152,-0.058005,14,1,13,20,2,4
2026-08-16 23:00:00+00:00,BikePoints_480,"Flamborough Street, Limehouse",51.512871,-0.038986,24,4,20,25,0,1
2026-08-16 23:00:00+00:00,BikePoints_481,"Saunders Ness Road, Cubitt Town",51.487129,-0.009001,11,1,10,35,21,3
2026-08-16 23:00:00+00:00,BikePoints_482,"Exhibition Road Museums 2, South Kensington",51.495947,-0.173689,0,0,0,14,14,0
2026-08-16 23:00:00+00:00,BikePoints_483,"Albert Gardens, Stepney",51.51328,-0.047784,25,2,23,33,5,3
2026-08-16 23:00:00+00:00,BikePoints_484,"Bromley High Street, Bow",51.528828,-0.013258,11,2,9,24,9,4
2026-08-16 23:00:00+00:00,BikePoints_485,"Old Ford Road, Bethnal Green",51.531127,-0.048017,14,2,12,24,4,6
2026-08-16 23:00:00+00:00,BikePoints_486,"Granby Street, Shoreditch",51.525645,-0.069543,4,0,4,37,32,1
2026-08-16 23:00:00+00:00,BikePoints_487,"Canton Street, Poplar",51.511811,-0.025626,8,1,7,23,14,1
2026-08-16 23:00:00+00:00,BikePoints_488,"Reardon Street, Wapping",51.506946,-0.058681,4,1,3,22,13,5
2026-08-16 23:00:00+00:00,BikePoints_489,"Christian Street, Whitechapel",51.513074,-0.064094,20,7,13,34,14,0
2026-08-16 23:00:00+00:00,BikePoints_490,"Pennington Street, Wapping",51.508622,-0.065006,7,3,4,45,36,2
2026-08-16 23:00:00+00:00,BikePoints_491,"Queen Mary's, Mile End",51.522507,-0.041378,8,0,8,45,32,5
2026-08-16 23:00:00+00:00,BikePoints_494,"South Quay East, Canary Wharf",51.50196,-0.016251,14,2,12,36,22,0
2026-08-16 23:00:00+00:00,BikePoints_495,"Bow Church Station, Bow",51.528169,-0.018703,25,6,19,39,13,1
2026-08-16 23:00:00+00:00,BikePoints_496,"Devons Road, Bow",51.52512,-0.015578,30,4,26,39,4,5
2026-08-16 23:00:00+00:00,BikePoints_497,"Merchant Street, Bow",51.526578,-0.027581,25,5,20,27,1,1
2026-08-16 23:00:00+00:00,BikePoints_498,"Bow Road Station, Bow",51.527058,-0.025296,8,3,5,42,33,1
2026-08-16 23:00:00+00:00,BikePoints_499,"Furze Green, Bow",51.519265,-0.021345,20,3,17,36,13,3
2026-08-16 23:00:00+00:00,BikePoints_500,"Ansell House, Stepney",51.520019,-0.05438,1,0,1,41,38,2
2026-08-16 23:00:00+00:00,BikePoints_501,"Cephas Street, Bethnal Green",51.522561,-0.054883,10,1,9,24,11,3
2026-08-16 23:00:00+00:00,BikePoints_502,"Bonner Gate, Victoria Park",51.53341,-0.049591,2,0,2,21,15,4
2026-08-16 23:00:00+00:00,BikePoints_503,"Cleveland Way, Stepney",51.520893,-0.051394,2,1,1,36,33,1
2026-08-16 23:00:00+00:00,BikePoints_504,"St. John's Park, Cubitt Town",51.496454,-0.009506,7,0,7,30,21,2
2026-08-16 23:00:00+00:00,BikePoints_505,"Ackroyd Drive, Bow",51.520398,-0.026768,24,6,18,29,0,5
2026-08-16 23:00:00+00:00,BikePoints_506,"Bell Lane, Liverpool Street",51.517475,-0.075855,0,0,0,23,22,1
2026-08-16 23:00:00+00:00,BikePoints_507,"Clarkson Street, Bethnal Green",51.528692,-0.059091,14,3,11,31,16,1
2026-08-16 23:00:00+00:00,BikePoints_508,"Fournier Street, Whitechapel",51.519362,-0.074431,1,1,0,18,15,2
2026-08-16 23:00:00+00:00,BikePoints_509,"Fore Street Avenue, Guildhall",51.517842,-0.090075,0,0,0,19,17,2
2026-08-16 23:00:00+00:00,BikePoints_510,"Westferry DLR, Limehouse",51.509303,-0.025996,17,1,16,41,22,2
2026-08-16 23:00:00+00:00,BikePoints_511,"Sutton Street, Shadwell",51.511066,-0.053558,28,4,24,33,2,3
2026-08-16 23:00:00+00:00,BikePoints_513,"Watney Market, Stepney",51.514222,-0.055656,10,2,8,51,40,1
2026-08-16 23:00:00+00:00,BikePoints_514,"Portman Square, Marylebone",51.516204,-0.155525,1,1,0,17,15,1
2026-08-16 23:00:00+00:00,BikePoints_515,"Russell Gardens, Olympia",51.500088,-0.211316,5,0,5,24,19,0
2026-08-16 23:00:00+00:00,BikePoints_516,"Chrisp Street Market, Poplar",51.5112,-0.014438,14,3,11,18,3,1
2026-08-16 23:00:00+00:00,BikePoints_517,"Ford Road, Old Ford",51.532513,-0.033085,8,0,8,18,7,3
2026-08-16 23:00:00+00:00,BikePoints_518,"Antill Road, Mile End",51.528224,-0.037471,9,1,8,30,20,1
2026-08-16 23:00:00+00:00,BikePoints_519,"Teviot Street, Poplar",51.518811,-0.011662,33,2,31,33,0,0
2026-08-16 23:00:00+00:00,BikePoints_520,"Bancroft Road, Bethnal Green",51.526041,-0.047218,19,5,14,21,0,2
2026-08-16 23:00:00+00:00,BikePoints_521,"Driffield Road, Old Ford",51.534137,-0.037366,18,0,18,19,0,1
2026-08-16 23:00:00+00:00,BikePoints_522,"Clinton Road, Mile End",51.525941,-0.036017,17,3,14,36,18,1
2026-08-16 23:00:00+00:00,BikePoints_523,"Langdon Park, Poplar",51.51549,-0.013475,16,1,15,24,7,1
2026-08-16 23:00:00+00:00,BikePoints_524,"Lancaster Gate , Bayswater",51.511654,-0.179668,24,0,24,38,13,1
2026-08-16 23:00:00+00:00,BikePoints_525,"Blythe Road, Olympia",51.496927,-0.2135,6,1,5,24,17,1
2026-08-16 23:00:00+00:00,BikePoints_526,"Lancaster Drive, Blackwall",51.503143,-0.008428,13,2,11,27,13,1
2026-08-16 23:00:00+00:00,BikePoints_527,"Hansard Mews, Holland Park",51.503802,-0.215808,12,5,7,20,8,0
2026-08-16 23:00:00+00:00,BikePoints_528,"Clarges Street, Mayfair",51.507326,-0.145827,0,0,0,16,16,0
2026-08-16 23:00:00+00:00,BikePoints_529,"Manresa Road, Chelsea",51.486892,-0.170983,3,0,3,18,13,2
2026-08-16 23:00:00+00:00,BikePoints_530,"Newby Place, Poplar",51.508896,-0.012413,17,2,15,18,0,1
2026-08-16 23:00:00+00:00,BikePoints_531,"Twig Folly Bridge, Mile End",51.530326,-0.042744,6,1,5,21,15,0
2026-08-16 23:00:00+00:00,BikePoints_532,"Jubilee Plaza, Canary Wharf",51.5034,-0.020242,0,0,0,63,59,4
2026-08-16 23:00:00+00:00,BikePoints_533,"Wellington Row, Bethnal Green",51.528222,-0.069743,23,4,19,33,8,2
2026-08-16 23:00:00+00:00,BikePoints_534,"Goldsmith's Row, Haggerston",51.531864,-0.066035,24,3,21,27,0,3
2026-08-16 23:00:00+00:00,BikePoints_536,"Queensbridge Road, Haggerston",51.53385,-0.06992,11,0,11,35,21,3
2026-08-16 23:00:00+00:00,BikePoints_537,"Old Montague Street, Whitechapel",51.51793,-0.067937,12,4,8,18,6,0
2026-08-16 23:00:00+00:00,BikePoints_538,"Naval Row, Blackwall",51.508981,-0.00699,19,4,15,21,1,1
2026-08-16 23:00:00+00:00,BikePoints_539,"Hoxton Station, Hoxton",51.531091,-0.075901,5,1,4,22,17,0
2026-08-16 23:00:00+00:00,BikePoints_541,"Green Park Station, Mayfair",51.506613,-0.142844,0,0,0,28,24,4
2026-08-16 23:00:00+00:00,BikePoints_542,"Salmon Lane, Limehouse",51.514115,-0.033828,10,5,5,33,22,1
2026-08-16 23:00:00+00:00,BikePoints_543,"Lansdowne Walk, Ladbroke Grove",51.509591,-0.204666,12,2,10,21,8,1
2026-08-16 23:00:00+00:00,BikePoints_544,"Percival Street, Finsbury",51.526153,-0.102208,2,0,2,22,18,2
2026-08-16 23:00:00+00:00,BikePoints_545,"Arlington Road, Camden Town",51.539957,-0.145246,14,0,14,24,9,1
2026-08-16 23:00:00+00:00,BikePoints_546,"New Fetter Lane, Holborn",51.517428,-0.107987,0,0,0,21,20,1
2026-08-16 23:00:00+00:00,BikePoints_547,"East India DLR, Blackwall",51.509474,-0.002275,24,7,17,51,22,5
2026-08-16 23:00:00+00:00,BikePoints_548,"Westminster Bridge Road, Elephant & Castle",51.498386,-0.107913,14,0,14,26,11,1
2026-08-16 23:00:00+00:00,BikePoints_549,"Gaywood  Street, Elephant & Castle",51.49605,-0.104193,4,0,4,45,39,2
2026-08-16 23:00:00+00:00,BikePoints_550,"Harford Street, Mile End",51.521564,-0.039264,23,0,23,23,0,0
2026-08-16 23:00:00+00:00,BikePoints_551,"Import Dock, Canary Wharf",51.505772,-0.01646,13,0,13,39,21,5
2026-08-16 23:00:00+00:00,BikePoints_552,"Watney Street, Shadwell",51.511542,-0.056667,6,0,6,27,21,0
2026-08-16 23:00:00+00:00,BikePoints_553,"Regent's Row , Haggerston",51.535678,-0.062546,6,2,4,24,16,2
2026-08-16 23:00:00+00:00,BikePoints_554,"Aberfeldy Street, Poplar",51.513548,-0.005659,11,2,9,16,0,5
2026-08-16 23:00:00+00:00,BikePoints_556,"Heron Quays DLR, Canary Wharf",51.502661,-0.021596,0,0,0,27,25,2
2026-08-16 23:00:00+00:00,BikePoints_557,"King Edward Street, St Pauls",51.51601,-0.0985,1,0,1,20,19,0
2026-08-16 23:00:00+00:00,BikePoints_558,"Page Street, Westminster",51.493978,-0.127554,8,5,3,24,14,2
2026-08-16 23:00:00+00:00,BikePoints_559,"Abbotsbury Road, Holland Park",51.501391,-0.205991,7,0,7,24,17,0
2026-08-16 23:00:00+00:00,BikePoints_560,"Ladbroke Grove Central, Ladbroke Grove",51.511624,-0.205921,6,1,5,21,14,1
2026-08-16 23:00:00+00:00,BikePoints_561,"Rectory Square, Stepney",51.518369,-0.043371,6,1,5,22,15,1
2026-08-16 23:00:00+00:00,BikePoints_562,"Bury Place, Holborn",51.51742,-0.123189,1,1,0,21,20,0
2026-08-16 23:00:00+00:00,BikePoints_563,"Preston's Road, Cubitt Town",51.499286,-0.009152,13,0,13,26,9,4
2026-08-16 23:00:00+00:00,BikePoints_564,"Somerset House, Strand",51.509943,-0.117619,1,1,0,41,39,1
2026-08-16 23:00:00+00:00,BikePoints_565,"Selby Street, Whitechapel",51.521905,-0.063386,6,2,4,17,9,2
2026-08-16 23:00:00+00:00,BikePoints_568,"Bishop's Bridge Road West, Bayswater",51.51616,-0.18697,4,0,4,18,10,4
2026-08-16 23:00:00+00:00,BikePoints_569,"Pitfield Street Central, Hoxton",51.53213,-0.08299,3,0,3,30,23,4
2026-08-16 23:00:00+00:00,BikePoints_570,"Upper Bank Street, Canary Wharf",51.503083,-0.017676,9,1,8,36,22,5
2026-08-16 23:00:00+00:00,BikePoints_571,"Westfield Southern Terrace ,Shepherd's Bush",51.506256,-0.218337,8,0,8,29,19,2
2026-08-16 23:00:00+00:00,BikePoints_572,"Greenland Road, Camden Town",51.539099,-0.141728,34,4,30,36,1,1
2026-08-16 23:00:00+00:00,BikePoints_573,"Limerston Street, West Chelsea",51.485587,-0.18119,2,2,0,18,15,1
2026-08-16 23:00:00+00:00,BikePoints_574,"Eagle Wharf Road, Hoxton",51.53356,-0.09315,17,4,13,45,23,5
2026-08-16 23:00:00+00:00,BikePoints_576,"Alpha Grove, Millwall",51.497304,-0.022793,18,7,11,23,0,5
2026-08-16 23:00:00+00:00,BikePoints_577,"Globe Town Market, Bethnal Green",51.528869,-0.047548,19,3,16,20,0,1
2026-08-16 23:00:00+00:00,BikePoints_578,"Hollybush Gardens, Bethnal Green",51.527607,-0.057133,25,1,24,32,7,0
2026-08-16 23:00:00+00:00,BikePoints_579,"Queen Street 2, Bank",51.511246,-0.093051,3,0,3,36,32,1
2026-08-16 23:00:00+00:00,BikePoints_580,"Doddington Grove, Kennington",51.486929,-0.102996,27,8,19,36,8,1
2026-08-16 23:00:00+00:00,BikePoints_581,"New Cavendish Street, Marylebone",51.519167,-0.147983,4,1,3,18,12,2
2026-08-16 23:00:00+00:00,BikePoints_583,"Abingdon Green, Westminster",51.49764,-0.125972,0,0,0,20,20,0
2026-08-16 23:00:00+00:00,BikePoints_584,"Ilchester Gardens, Bayswater",51.51244,-0.19096,13,4,9,21,8,0
2026-08-16 23:00:00+00:00,BikePoints_586,"Mudchute DLR, Cubitt Town",51.490645,-0.014582,16,3,13,31,14,1
2026-08-16 23:00:00+00:00,BikePoints_587,"Monument Street, Monument",51.50964,-0.08497,4,0,4,22,17,1
2026-08-16 23:00:00+00:00,BikePoints_589,"Drayton Gardens, West Chelsea",51.487196,-0.179369,4,0,4,18,14,0
2026-08-16 23:00:00+00:00,BikePoints_590,"Greenberry Street, St.John's Wood",51.53256,-0.16862,20,2,18,26,6,0
2026-08-16 23:00:00+00:00,BikePoints_591,"Westfield Library Corner, Shepherd's Bush",51.506093,-0.224223,19,4,15,27,8,0
2026-08-16 23:00:00+00:00,BikePoints_592,"Bishop's Bridge Road East, Bayswater",51.5171,-0.18377,2,1,1,20,18,0
2026-08-16 23:00:00+00:00,BikePoints_593,"Northdown Street, King's Cross",51.531066,-0.11934,9,1,8,21,8,4
2026-08-16 23:00:00+00:00,BikePoints_594,"Kingsway Southbound, Strand",51.513875,-0.117774,0,0,0,33,32,1
2026-08-16 23:00:00+00:00,BikePoints_595,"Hammersmith Road, Hammersmith",51.493267,-0.21985,2,0,2,22,19,1
2026-08-16 23:00:00+00:00,BikePoints_596,"Parson's Green , Parson's Green",51.472817,-0.199783,9,1,8,21,12,0
2026-08-16 23:00:00+00:00,BikePoints_597,"Fulham Park Road, Fulham",51.473471,-0.20782,5,1,4,27,22,0
2026-08-16 23:00:00+00:00,BikePoints_598,"Southerton Road, Hammersmith",51.494499,-0.228188,21,2,19,38,15,2
2026-08-16 23:00:00+00:00,BikePoints_599,"Manbre Road, Hammersmith",51.485743,-0.223616,10,0,10,28,18,0
2026-08-16 23:00:00+00:00,BikePoints_600,"South Lambeth Road, Vauxhall",51.481747,-0.124642,16,4,12,21,0,5
2026-08-16 23:00:00+00:00,BikePoints_602,"Union Grove, Wandsworth Road",51.472993,-0.133972,31,1,30,45,13,1
2026-08-16 23:00:00+00:00,BikePoints_603,"Caldwell Street, Stockwell",51.477839,-0.116493,25,0,25,44,19,0
2026-08-16 23:00:00+00:00,BikePoints_604,"St Martins Close, Camden Town",51.538792,-0.138535,17,8,9,18,0,1
2026-08-16 23:00:00+00:00,BikePoints_605,"Seymour Place, Marylebone",51.520331,-0.163667,2,0,2,29,25,2
2026-08-16 23:00:00+00:00,BikePoints_606,"Addison Road, Holland Park",51.504199,-0.210941,4,0,4,26,21,1
2026-08-16 23:00:00+00:00,BikePoints_607,"Putney Bridge Station, Fulham",51.468814,-0.210279,9,1,8,21,12,0
2026-08-16 23:00:00+00:00,BikePoints_608,"Colet Gardens, Hammersmith",51.491093,-0.216493,4,1,3,30,26,0
2026-08-16 23:00:00+00:00,BikePoints_609,"Sugden Road, Clapham",51.465123,-0.157788,15,7,8,19,1,3
2026-08-16 23:00:00+00:00,BikePoints_610,"Danvers Street, West Chelsea",51.482567,-0.172078,5,1,4,21,14,2
2026-08-16 23:00:00+00:00,BikePoints_611,"Princedale Road , Holland Park",51.506465,-0.208486,11,2,9,20,5,4
2026-08-16 23:00:00+00:00,BikePoints_612,"Wandsworth Rd, Isley Court, Wandsworth Road",51.469259,-0.141812,24,3,21,30,6,0
2026-08-16 23:00:00+00:00,BikePoints_613,"Woodstock Grove, Shepherd's Bush",51.504038,-0.2174,1,1,0,24,21,2
2026-08-16 23:00:00+00:00,BikePoints_615,"Finlay Street, Fulham",51.476885,-0.215895,17,1,16,24,7,0
2026-08-16 23:00:00+00:00,BikePoints_616,"Aintree Street, Fulham",51.481021,-0.209973,14,6,8,24,8,2
2026-08-16 23:00:00+00:00,BikePoints_617,"Elysium Place, Fulham",51.471079,-0.207842,15,3,12,21,6,0
2026-08-16 23:00:00+00:00,BikePoints_618,"Eel Brook Common, Walham Green",51.476259,-0.193254,23,1,22,24,1,0
2026-08-16 23:00:00+00:00,BikePoints_619,"Irene Road, Parsons Green",51.473763,-0.19701,17,0,17,23,6,0
2026-08-16 23:00:00+00:00,BikePoints_620,"Surrey Lane, Battersea",51.47518,-0.16716,25,4,21,26,0,1
2026-08-16 23:00:00+00:00,BikePoints_621,"Wandsworth Town Station, Wandsworth",51.460864,-0.187427,30,1,29,33,0,3
2026-08-16 23:00:00+00:00,BikePoints_622,"Lansdowne Road, Ladbroke Grove",51.507481,-0.205535,19,3,16,29,10,0
2026-08-16 23:00:00+00:00,BikePoints_623,"Nantes Close, Wandsworth",51.46193,-0.180791,17,0,17,22,4,1
2026-08-16 23:00:00+00:00,BikePoints_624,"Courland Grove, Wandsworth Road",51.472918,-0.132102,37,1,36,40,0,3
2026-08-16 23:00:00+00:00,BikePoints_625,"Queen's Circus, Battersea Park",51.477619,-0.149551,23,3,20,28,5,0
2026-08-16 23:00:00+00:00,BikePoints_626,"Normand Park, West Kensington",51.484386,-0.204815,19,1,18,24,5,0
2026-08-16 23:00:00+00:00,BikePoints_627,"Holden Street, Battersea",51.46879,-0.15823,18,1,17,20,1,1
2026-08-16 23:00:00+00:00,BikePoints_628,"William Morris Way, Sands End",51.468819,-0.184318,24,1,23,26,2,0
2026-08-16 23:00:00+00:00,BikePoints_629,"Morie Street, Wandsworth",51.459953,-0.190184,25,2,23,28,1,2
2026-08-16 23:00:00+00:00,BikePoints_630,"Clarence Walk, Stockwell",51.470732,-0.126994,27,1,26,28,1,0
2026-08-16 23:00:00+00:00,BikePoints_631,"Battersea Park Road, Nine Elms",51.479501,-0.14177,1,1,0,27,21,5
2026-08-16 23:00:00+00:00,BikePoints_632,"Sheepcote Lane, Battersea",51.470538,-0.163041,26,0,26,28,1,1
2026-08-16 23:00:00+00:00,BikePoints_633,"Vereker Road, West Kensington",51.489591,-0.209378,7,1,6,32,24,1
2026-08-16 23:00:00+00:00,BikePoints_634,"Brook Green South, Brook Green",51.494347,-0.215804,2,0,2,33,30,1
2026-08-16 23:00:00+00:00,BikePoints_635,"Greyhound Road, Hammersmith",51.486062,-0.214428,23,5,18,37,13,1
2026-08-16 23:00:00+00:00,BikePoints_636,"South Park, Sands End",51.467064,-0.193502,23,2,21,28,4,1
2026-08-16 23:00:00+00:00,BikePoints_638,"Falcon Road, Clapham Junction",51.466633,-0.169821,19,2,17,28,7,2
2026-08-16 23:00:00+00:00,BikePoints_640,"Silverthorne Road, Battersea",51.472865,-0.148059,16,0,16,28,10,2
2026-08-16 23:00:00+00:00,BikePoints_641,"Archbishop's Park, Waterloo",51.498241,-0.117495,9,0,9,23,14,0
2026-08-16 23:00:00+00:00,BikePoints_642,"Fawcett Close, Battersea",51.469161,-0.174485,16,2,14,30,11,3
2026-08-16 23:00:00+00:00,BikePoints_643,"All Saints' Road, Portobello",51.519042,-0.204764,4,4,0,22,18,0
2026-08-16 23:00:00+00:00,BikePoints_644,"Rainville Road, Hammersmith",51.483732,-0.223852,3,0,3,36,31,2
2026-08-16 23:00:00+00:00,BikePoints_645,"Great Suffolk Street, The Borough",51.501732,-0.100292,4,2,2,21,14,3
2026-08-16 23:00:00+00:00,BikePoints_646,"Buckingham Gate, Westminster",51.498865,-0.137424,2,2,0,16,10,4
2026-08-16 23:00:00+00:00,BikePoints_647,"Richmond Way, Shepherd's Bush",51.500353,-0.217515,8,0,8,27,19,0
2026-08-16 23:00:00+00:00,BikePoints_648,"Peterborough Road, Sands End",51.46904,-0.196274,12,1,11,20,8,0
2026-08-16 23:00:00+00:00,BikePoints_649,"World's End Place, West Chelsea",51.481805,-0.180274,5,0,5,22,16,1
2026-08-16 23:00:00+00:00,BikePoints_650,"St. Mark's Road, North Kensington",51.51687,-0.213872,12,6,6,21,9,0
2026-08-16 23:00:00+00:00,BikePoints_651,"Thorndike Close, West Chelsea",51.480898,-0.183853,7,3,4,25,18,0
2026-08-16 23:00:00+00:00,BikePoints_652,"Evesham Street, Avondale",51.511486,-0.21819,7,1,6,20,13,0
2026-08-16 23:00:00+00:00,BikePoints_653,"Simpson Street, Clapham Junction",51.470847,-0.170703,24,3,21,25,1,0
2026-08-16 23:00:00+00:00,BikePoints_654,"Ashmole Estate, Oval",51.482678,-0.117661,20,1,19,34,13,1
2026-08-16 23:00:00+00:00,BikePoints_655,"Crabtree Lane, Fulham",51.482944,-0.219346,22,2,20,27,4,1
2026-08-16 23:00:00+00:00,BikePoints_656,"Broomhouse Lane, Parsons Green",51.468418,-0.199135,21,1,20,29,8,0
2026-08-16 23:00:00+00:00,BikePoints_657,"Blythe Road West, Shepherd's Bush",51.49968,-0.221791,4,0,4,21,17,0
2026-08-16 23:00:00+00:00,BikePoints_658,"Ethelburga Estate, Battersea Park",51.477292,-0.164786,19,5,14,30,9,2
2026-08-16 23:00:00+00:00,BikePoints_659,"Blackfriars Station, St. Paul's",51.511934,-0.103078,4,0,4,35,29,2
2026-08-16 23:00:00+00:00,BikePoints_660,"West Kensington Station, West Kensington",51.49087,-0.206029,14,3,11,22,7,1
2026-08-16 23:00:00+00:00,BikePoints_661,"All Saints Church, Portobello",51.51632,-0.202608,8,2,6,37,28,1
2026-08-16 23:00:00+00:00,BikePoints_662,"Phene Street, Chelsea",51.484984,-0.167919,3,1,2,24,20,1
2026-08-16 23:00:00+00:00,BikePoints_663,"Clarendon Road, Avondale",51.51323,-0.211593,5,2,3,24,17,2
2026-08-16 23:00:00+00:00,BikePoints_664,"Austin Road, Battersea Park",51.474376,-0.155442,19,0,19,24,4,1
2026-08-16 23:00:00+00:00,BikePoints_665,"Smugglers Way, Wandsworth",51.461083,-0.191722,26,2,24,27,1,0
2026-08-16 23:00:00+00:00,BikePoints_666,"Harris Academy, Bermondsey",51.492668,-0.07235,14,3,11,18,2,2
2026-08-16 23:00:00+00:00,BikePoints_667,"Shepherd's Bush Road North, Shepherd's Bush",51.501594,-0.222293,29,0,29,34,1,4
2026-08-16 23:00:00+00:00,BikePoints_668,"Ravenscourt Park Station, Hammersmith",51.494223,-0.236769,12,3,9,26,11,3
2026-08-16 23:00:00+00:00,BikePoints_669,"Teversham Lane, Stockwell",51.476149,-0.123258,26,5,21,39,12,1
2026-08-16 23:00:00+00:00,BikePoints_670,"Ashley Crescent, Battersea",51.467185,-0.152248,22,6,16,28,3,3
2026-08-16 23:00:00+00:00,BikePoints_671,"Parsons Green Station, Parsons Green",51.475089,-0.201968,33,3,30,56,21,2
2026-08-16 23:00:00+00:00,BikePoints_672,"Chicheley Street, South Bank",51.502698,-0.116747,12,4,8,24,11,1
2026-08-16 23:00:00+00:00,BikePoints_673,"Hibbert Street, Battersea",51.46517,-0.180389,32,1,31,36,4,0
2026-08-16 23:00:00+00:00,BikePoints_674,"Carnegie Street, King's Cross",51.535467,-0.116191,14,2,12,40,24,2
2026-08-16 23:00:00+00:00,BikePoints_675,"Usk Road, Clapham Junction",51.463489,-0.182126,22,0,22,30,6,2
2026-08-16 23:00:00+00:00,BikePoints_676,"Hartington Road, Stockwell",51.47787,-0.126874,30,2,28,35,5,0
2026-08-16 23:00:00+00:00,BikePoints_677,"Heath Road, Battersea",51.468669,-0.146544,23,2,21,27,4,0
2026-08-16 23:00:00+00:00,BikePoints_678,"Esmond Street, Putney",51.462312,-0.211468,29,7,22,30,1,0
2026-08-16 23:00:00+00:00,BikePoints_679,"Orbel Street, Battersea",51.474535,-0.17021,20,2,18,26,6,0
2026-08-16 23:00:00+00:00,BikePoints_680,"Westbridge Road, Battersea",51.477684,-0.170329,24,3,21,28,1,3
2026-08-16 23:00:00+00:00,BikePoints_681,"Bishop's Avenue, Fulham",51.473036,-0.214749,23,1,22,46,21,2
2026-08-16 23:00:00+00:00,BikePoints_682,"Crisp Road, Hammersmith",51.488108,-0.226606,24,0,24,46,21,1
2026-08-16 23:00:00+00:00,BikePoints_683,"Dorothy Road, Clapham Junction",51.465064,-0.16375,14,1,13,28,13,1
2026-08-16 23:00:00+00:00,BikePoints_684,"Neville Gill Close, Wandsworth",51.454752,-0.195197,30,1,29,32,0,2
2026-08-16 23:00:00+00:00,BikePoints_685,"Osiers Road, Wandsworth",51.46067,-0.198735,14,3,11,30,14,2
2026-08-16 23:00:00+00:00,BikePoints_686,"Beryl Road, Hammersmith",51.488144,-0.222456,7,0,7,26,19,0
2026-08-16 23:00:00+00:00,BikePoints_687,"Clements Road, Bermondsey",51.4954,-0.061698,9,1,8,23,11,3
2026-08-16 23:00:00+00:00,BikePoints_688,"Northfields, Wandsworth",51.460951,-0.200667,22,1,21,28,6,0
2026-08-16 23:00:00+00:00,BikePoints_689,"Spanish Road, Clapham Junction",51.459225,-0.180884,17,3,14,30,13,0
2026-08-16 23:00:00+00:00,BikePoints_690,"Stanley Grove, Battersea",51.470475,-0.15213,21,2,19,24,2,1
2026-08-16 23:00:00+00:00,BikePoints_691,"Erin Close, Walham Green",51.479463,-0.195777,16,1,15,24,8,0
2026-08-16 23:00:00+00:00,BikePoints_692,"Cadogan Close, Victoria Park",51.542118,-0.028941,13,3,10,22,6,3
2026-08-16 23:00:00+00:00,BikePoints_693,"Felsham Road, Putney",51.464786,-0.215618,16,1,15,18,1,1
2026-08-16 23:00:00+00:00,BikePoints_694,"Putney Rail Station, Putney",51.460717,-0.216526,18,7,11,20,1,1
2026-08-16 23:00:00+00:00,BikePoints_695,"Islington Green, Angel",51.536384,-0.102757,10,2,8,21,8,3
2026-08-16 23:00:00+00:00,BikePoints_696,"Charing Cross Hospital, Hammersmith",51.487285,-0.217995,18,2,16,21,3,0
2026-08-16 23:00:00+00:00,BikePoints_697,"Charlotte Terrace, Angel",51.536392,-0.112721,15,7,8,25,8,2
2026-08-16 23:00:00+00:00,BikePoints_698,"Shoreditch Court, Haggerston",51.539083,-0.070329,22,9,13,35,13,0
2026-08-16 23:00:00+00:00,BikePoints_699,"Belford House, Haggerston",51.536654,-0.07023,15,2,13,39,24,0
2026-08-16 23:00:00+00:00,BikePoints_700,"Battersea Church Road, Battersea",51.476964,-0.174347,19,8,11,25,4,2
2026-08-16 23:00:00+00:00,BikePoints_701,"Vicarage Crescent, Battersea",51.472876,-0.176267,20,3,17,30,10,0
2026-08-16 23:00:00+00:00,BikePoints_702,"Durant Street, Bethnal Green",51.528681,-0.06555,14,2,12,24,10,0
2026-08-16 23:00:00+00:00,BikePoints_703,"St. Bride Street, Holborn",51.514665,-0.104583,2,1,1,24,19,3
2026-08-16 23:00:00+00:00,BikePoints_704,"Mexfield Road, East Putney",51.45682,-0.202802,5,5,0,18,11,2
2026-08-16 23:00:00+00:00,BikePoints_705,"Upper Richmond Road, Putney",51.459715,-0.212145,23,6,17,25,0,2
2026-08-16 23:00:00+00:00,BikePoints_706,"Snowsfields, London Bridge",51.502153,-0.083632,1,0,1,31,28,2
2026-08-16 23:00:00+00:00,BikePoints_707,"Barons Court Station, West Kensington",51.490217,-0.215087,26,0,26,32,5,1
2026-08-16 23:00:00+00:00,BikePoints_708,"Disraeli Road, Putney",51.46161,-0.216145,29,0,29,33,3,1
2026-08-16 23:00:00+00:00,BikePoints_709,"Montserrat Road , Putney",51.463211,-0.21555,23,0,23,23,0,0
2026-08-16 23:00:00+00:00,BikePoints_710,"Albert Bridge Road, Battersea Park",51.474392,-0.163347,18,1,17,20,0,2
2026-08-16 23:00:00+00:00,BikePoints_711,"Everington Street, Fulham",51.483356,-0.216305,8,4,4,31,22,1
2026-08-16 23:00:00+00:00,BikePoints_712,"Mile End Stadium, Mile End",51.518541,-0.034903,17,0,17,22,5,0
2026-08-16 23:00:00+00:00,BikePoints_713,"Hawley Crescent, Camden Town",51.541007,-0.14326,19,4,15,22,2,1
2026-08-16 23:00:00+00:00,BikePoints_714,"Stewart's Road, Wandsworth Road",51.473116,-0.137235,23,0,23,28,5,0
2026-08-16 23:00:00+00:00,BikePoints_715,"Aylward Street, Stepney",51.51563,-0.049067,9,2,7,22,12,1
2026-08-16 23:00:00+00:00,BikePoints_716,"Stainsby Road , Poplar",51.515427,-0.023565,12,2,10,24,11,1
2026-08-16 23:00:00+00:00,BikePoints_717,"Dunston Road , Haggerston",51.536585,-0.075885,33,7,26,43,10,0
2026-08-16 23:00:00+00:00,BikePoints_718,"Ada Street, Hackney Central",51.535716,-0.060291,31,5,26,45,14,0
2026-08-16 23:00:00+00:00,BikePoints_719,"Victoria Park Road, Hackney Central",51.536424,-0.054162,9,3,6,34,25,0
2026-08-16 23:00:00+00:00,BikePoints_720,"Star Road, West Kensington",51.487244,-0.205279,17,3,14,23,4,2
2026-08-16 23:00:00+00:00,BikePoints_721,"Wendon Street, Old Ford",51.536039,-0.026262,10,2,8,18,6,2
2026-08-16 23:00:00+00:00,BikePoints_722,"Finnis Street, Bethnal Green",51.524583,-0.058631,5,2,3,19,14,0
2026-08-16 23:00:00+00:00,BikePoints_723,"Stephendale Road, Sands End",51.46822,-0.190346,46,1,45,48,0,2
2026-08-16 23:00:00+00:00,BikePoints_724,"Alma Road, Wandsworth",51.457991,-0.184806,21,6,15,28,6,1
2026-08-16 23:00:00+00:00,BikePoints_725,"Walworth Square, Walworth",51.491327,-0.096518,23,2,21,24,0,1
2026-08-16 23:00:00+00:00,BikePoints_726,"Alfreda Street, Battersea Park",51.47505,-0.150908,19,2,17,22,2,1
2026-08-16 23:00:00+00:00,BikePoints_727,"Chesilton Road, Fulham",51.475698,-0.205876,14,5,9,23,8,1
2026-08-16 23:00:00+00:00,BikePoints_728,"Putney Bridge Road, East Putney",51.461999,-0.20624,28,6,22,29,0,1
2026-08-16 23:00:00+00:00,BikePoints_729,"St. Peter's Terrace, Fulham",51.478939,-0.208485,18,2,16,24,5,1
2026-08-16 23:00:00+00:00,BikePoints_730,"Bridge Avenue, Hammersmith",51.492084,-0.229116,12,1,11,18,6,0
2026-08-16 23:00:00+00:00,BikePoints_731,"Michael Road, Walham Green",51.477276,-0.18921,13,0,13,37,22,2
2026-08-16 23:00:00+00:00,BikePoints_732,"Duke Street Hill, London Bridge",51.506304,-0.087262,1,0,1,21,14,6
2026-08-16 23:00:00+00:00,BikePoints_733,"Park Lane, Mayfair",51.505426,-0.150817,0,0,0,18,17,1
2026-08-16 23:00:00+00:00,BikePoints_734,"Plough Terrace, Clapham Junction",51.462305,-0.175407,26,1,25,31,4,1
2026-08-16 23:00:00+00:00,BikePoints_735,"Grant Road East, Clapham Junction",51.464894,-0.173029,15,0,15,28,10,3
2026-08-16 23:00:00+00:00,BikePoints_736,"Queensdale Road, Shepherd's Bush",51.50659,-0.216104,7,1,6,28,21,0
2026-08-16 23:00:00+00:00,BikePoints_737,"Fulham Broadway, Walham Green",51.479932,-0.194116,11,3,8,26,14,1
2026-08-16 23:00:00+00:00,BikePoints_738,"Imperial Road, Sands End",51.475142,-0.187278,16,1,15,37,21,0
2026-08-16 23:00:00+00:00,BikePoints_739,"Hortensia Road, West Brompton",51.481765,-0.185273,12,2,10,28,16,0
2026-08-16 23:00:00+00:00,BikePoints_740,"Sirdar Road, Avondale",51.510928,-0.214594,8,1,7,20,12,0
2026-08-16 23:00:00+00:00,BikePoints_741,"Freston Road, Avondale",51.512981,-0.219486,15,0,15,23,5,3
2026-08-16 23:00:00+00:00,BikePoints_742,"Blenheim Crescent, Ladbroke Grove",51.515108,-0.208565,5,2,3,22,16,1
2026-08-16 23:00:00+00:00,BikePoints_743,"Oxford Road, Putney",51.460792,-0.212607,18,6,12,20,0,2
2026-08-16 23:00:00+00:00,BikePoints_744,"Ingrave Street, Clapham Junction",51.467454,-0.172293,29,2,27,30,1,0
2026-08-16 23:00:00+00:00,BikePoints_745,"Upcerne Road, West Chelsea",51.478169,-0.182435,7,3,4,29,20,2
2026-08-16 23:00:00+00:00,BikePoints_746,"Lots Road, West Chelsea",51.479573,-0.179038,11,1,10,24,13,0
2026-08-16 23:00:00+00:00,BikePoints_747,"Ormonde Gate, Chelsea",51.487964,-0.161765,18,4,14,24,5,1
2026-08-16 23:00:00+00:00,BikePoints_748,"Hertford Road, De Beauvoir Town",51.537277,-0.079201,23,0,23,25,0,2
2026-08-16 23:00:00+00:00,BikePoints_749,"Haggerston Road, Haggerston",51.539328,-0.074284,25,4,21,37,10,2
2026-08-16 23:00:00+00:00,BikePoints_750,"Culvert Road, Battersea",51.471095,-0.15785,18,2,16,27,9,0
2026-08-16 23:00:00+00:00,BikePoints_751,"Newton Street, Covent Garden",51.516128,-0.120909,0,0,0,24,24,0
2026-08-16 23:00:00+00:00,BikePoints_752,"London Street, Paddington",51.515117,-0.173712,3,0,3,19,16,0
2026-08-16 23:00:00+00:00,BikePoints_753,"Clapham South, Clapham South",51.452997,-0.148651,19,4,15,28,9,0
2026-08-16 23:00:00+00:00,BikePoints_754,"Grenfell Road, Avondale",51.5129,-0.214762,7,2,5,24,16,1
2026-08-16 23:00:00+00:00,BikePoints_755,"The Vale, Chelsea",51.485121,-0.174971,3,2,1,24,21,0
2026-08-16 23:00:00+00:00,BikePoints_756,"Prince of Wales Drive, Battersea Park",51.475153,-0.159169,19,3,16,21,0,2
2026-08-16 23:00:00+00:00,BikePoints_757,"Harcourt Terrace, West Brompton",51.487958,-0.187404,22,3,19,24,0,2
2026-08-16 23:00:00+00:00,BikePoints_758,"Westbourne Park Road, Portobello",51.51787,-0.201005,13,2,11,23,10,0
2026-08-16 23:00:00+00:00,BikePoints_759,"Broadley Terrace, Marylebone",51.524561,-0.165668,3,2,1,18,15,0
2026-08-16 23:00:00+00:00,BikePoints_760,"Elgin Avenue, Maida Hill",51.524309,-0.201234,13,6,7,18,4,1
2026-08-16 23:00:00+00:00,BikePoints_761,"Humbolt Road, Fulham",51.483217,-0.21186,26,1,25,26,0,0
2026-08-16 23:00:00+00:00,BikePoints_762,"Storey's Gate, Westminster",51.500703,-0.129698,2,1,1,21,17,2
2026-08-16 23:00:00+00:00,BikePoints_763,"Mile End Park Leisure Centre, Mile End",51.520597,-0.032566,27,6,21,47,17,3
2026-08-16 23:00:00+00:00,BikePoints_764,"St. John's Road, Clapham Junction",51.462392,-0.168292,30,1,29,33,3,0
2026-08-16 23:00:00+00:00,BikePoints_765,"Ranelagh Gardens, Fulham",51.467601,-0.206827,24,4,20,29,2,3
2026-08-16 23:00:00+00:00,BikePoints_766,"Ram Street, Wandsworth",51.457529,-0.192165,17,1,16,25,6,2
2026-08-16 23:00:00+00:00,BikePoints_767,"Santos Road, Wandsworth",51.457059,-0.200806,25,0,25,30,5,0
2026-08-16 23:00:00+00:00,BikePoints_768,"Clapham Common North Side, Clapham Common",51.461343,-0.159322,23,3,20,37,14,0
2026-08-16 23:00:00+00:00,BikePoints_769,"Sandilands Road, Walham Green",51.473611,-0.191803,12,1,11,21,9,0
2026-08-16 23:00:00+00:00,BikePoints_770,"Gwendwr Road, West Kensington",51.491026,-0.209121,28,1,27,30,2,0
2026-08-16 23:00:00+00:00,BikePoints_771,"Rifle Place, Avondale",51.509224,-0.216016,15,1,14,21,6,0
2026-08-16 23:00:00+00:00,BikePoints_772,"Binfield Road, Stockwell",51.472509,-0.122831,33,4,29,35,1,1
2026-08-16 23:00:00+00:00,BikePoints_773,"Tallis Street, Temple",51.511891,-0.107349,0,0,0,24,22,2
2026-08-16 23:00:00+00:00,BikePoints_774,"Hurlingham Park, Parsons Green",51.470131,-0.20464,15,0,15,20,5,0
2026-08-16 23:00:00+00:00,BikePoints_775,"Little Brook Green, Brook Green",51.496664,-0.223868,16,0,16,33,16,1
2026-08-16 23:00:00+00:00,BikePoints_776,"Adeline Place, Bloomsbury",51.517632,-0.129985,1,1,0,22,21,0
2026-08-16 23:00:00+00:00,BikePoints_779,"Houndsditch, Aldgate",51.514449,-0.077178,2,2,0,28,25,1
2026-08-16 23:00:00+00:00,BikePoints_780,"Imperial Wharf Station, Sands End",51.474665,-0.183165,23,1,22,25,0,2
2026-08-16 23:00:00+00:00,BikePoints_782,"Halford Road, West Kensington",51.483911,-0.197609,19,1,18,24,5,0
2026-08-16 23:00:00+00:00,BikePoints_783,"Monier Road, Hackney Wick",51.540311,-0.02163,25,7,18,27,0,2
2026-08-16 23:00:00+00:00,BikePoints_784,"East Village, Queen Elizabeth Olympic Park",51.546326,-0.009935,11,4,7,34,23,0
2026-08-16 23:00:00+00:00,BikePoints_785,"Aquatic Centre, Queen Elizabeth Olympic Park",51.541482,-0.010437,8,0,8,30,16,6
2026-08-16 23:00:00+00:00,BikePoints_786,"Lee Valley VeloPark, Queen Elizabeth Olympic Park",51.549369,-0.015717,28,8,20,44,14,2
2026-08-16 23:00:00+00:00,BikePoints_787,"Timber Lodge, Queen Elizabeth Olympic Park",51.546805,-0.014691,16,1,15,35,15,4
2026-08-16 23:00:00+00:00,BikePoints_788,"Copper Box Arena, Queen Elizabeth Olympic Park",51.544909,-0.020542,11,2,9,31,15,5
2026-08-16 23:00:00+00:00,BikePoints_789,"Podium, Queen Elizabeth Olympic Park",51.538718,-0.011889,22,10,12,40,8,10
2026-08-16 23:00:00+00:00,BikePoints_790,"Stratford Station, Stratford",51.541793,-0.00481,16,0,16,28,7,5
2026-08-16 23:00:00+00:00,BikePoints_792,"Blackfriars Road, Southwark",51.505461,-0.10454,2,0,2,42,39,1
2026-08-16 23:00:00+00:00,BikePoints_793,"Cromer Street, Bloomsbury",51.528279,-0.119558,20,1,19,28,7,1
2026-08-16 23:00:00+00:00,BikePoints_795,"Euston Square Gardens, Euston",51.527068,-0.131861,0,0,0,30,29,1
2026-08-16 23:00:00+00:00,BikePoints_796,"Coram Street, Bloomsbury",51.524,-0.126409,10,1,9,29,18,1
2026-08-16 23:00:00+00:00,BikePoints_797,"Ossulston Street, Somers Town",51.5293,-0.128279,15,0,15,30,11,4
2026-08-16 23:00:00+00:00,BikePoints_798,"Birkenhead Street, King's Cross",51.530199,-0.122299,13,4,9,27,10,4
2026-08-16 23:00:00+00:00,BikePoints_799,"Kings Gate House, Westminster",51.497698,-0.137598,0,0,0,24,23,1
2026-08-16 23:00:00+00:00,BikePoints_800,"Sopwith Way, Battersea Park",51.481121,-0.149035,14,2,12,30,14,2
2026-08-16 23:00:00+00:00,BikePoints_801,"Lavington Street, Bankside",51.505224,-0.098031,4,0,4,29,22,3
2026-08-16 23:00:00+00:00,BikePoints_802,"Albert Square, Stockwell",51.47659,-0.118256,30,5,25,32,2,0
2026-08-16 23:00:00+00:00,BikePoints_803,"Southwark Street, Bankside",51.505409,-0.098341,5,0,5,23,18,0
2026-08-16 23:00:00+00:00,BikePoints_804,"Good's Way, King's Cross",51.534667,-0.125078,1,1,0,27,23,3
2026-08-16 23:00:00+00:00,BikePoints_805,"The Metropolitan, Portobello",51.520509,-0.200804,2,0,2,18,15,1
2026-08-16 23:00:00+00:00,BikePoints_807,"Bevington Road West, North Kensington",51.5212,-0.208888,10,2,8,24,11,3
2026-08-16 23:00:00+00:00,BikePoints_808,"Gauden Road, Clapham",51.464995,-0.130908,26,1,25,28,0,2
2026-08-16 23:00:00+00:00,BikePoints_809,"Lincoln's Inn Fields, Holborn",51.516277,-0.118272,0,0,0,28,28,0
2026-08-16 23:00:00+00:00,BikePoints_810,"Tate Modern, Bankside",51.506725,-0.098807,12,0,12,30,15,3
2026-08-16 23:00:00+00:00,BikePoints_811,"Westferry Circus, Canary Wharf",51.505703,-0.027772,18,7,11,36,12,6
2026-08-16 23:00:00+00:00,BikePoints_812,"Here East North, Queen Elizabeth Olympic Park",51.548731,-0.022606,15,0,15,28,12,1
2026-08-16 23:00:00+00:00,BikePoints_813,"New Spring Gardens Walk, Vauxhall",51.487807,-0.122759,6,0,6,33,26,1
2026-08-16 23:00:00+00:00,BikePoints_814,"Clapham Road, Lingham Street, Stockwell",51.471433,-0.12367,29,2,27,30,0,1
2026-08-16 23:00:00+00:00,BikePoints_815,"Lambeth Palace Road, Waterloo",51.500089,-0.116628,15,4,11,35,18,2
2026-08-16 23:00:00+00:00,BikePoints_816,"Here East South, Queen Elizabeth Olympic Park",51.546532,-0.020597,9,1,8,20,11,0
2026-08-16 23:00:00+00:00,BikePoints_818,"Westminster Pier, Westminster",51.501513,-0.123823,17,0,17,27,10,0
2026-08-16 23:00:00+00:00,BikePoints_819,"Belvedere Road 2, South Bank",51.50621,-0.114842,6,1,5,38,31,1
2026-08-16 23:00:00+00:00,BikePoints_820,"Victory Place, Walworth",51.492807,-0.091938,16,3,13,24,8,0
2026-08-16 23:00:00+00:00,BikePoints_821,"Battersea Power Station, Battersea Park",51.483507,-0.147714,6,0,6,27,15,6
2026-08-16 23:00:00+00:00,BikePoints_826,"Allington Street, Victoria",51.496863,-0.142943,0,0,0,28,26,2
2026-08-16 23:00:00+00:00,BikePoints_827,"Cranmer Road, Stockwell",51.479601,-0.111471,24,4,20,24,0,0
2026-08-16 23:00:00+00:00,BikePoints_828,"Normandy Road, Stockwell",51.473874,-0.11258,17,1,16,32,14,1
2026-08-16 23:00:00+00:00,BikePoints_829,"Wynne Road, Stockwell",51.469217,-0.112686,17,1,16,25,7,1
2026-08-16 23:00:00+00:00,BikePoints_830,"Sidney Road, Stockwell",51.469202,-0.119022,16,3,13,27,10,1
2026-08-16 23:00:00+00:00,BikePoints_831,"St John's Crescent, Brixton",51.466232,-0.113179,18,3,15,25,7,0
2026-08-16 23:00:00+00:00,BikePoints_832,"Ferndale Road, Brixton",51.464019,-0.115781,22,4,18,30,6,2
2026-08-16 23:00:00+00:00,BikePoints_833,"Saltoun Road, Brixton",51.460232,-0.115375,31,2,29,42,9,2
2026-08-16 23:00:00+00:00,BikePoints_834,"Gas Holders, Battersea Park",51.477966,-0.147857,16,3,13,26,7,3
2026-08-16 23:00:00+00:00,BikePoints_835,"Farringdon Street, Holborn",51.516785,-0.104947,0,0,0,25,25,0
2026-08-16 23:00:00+00:00,BikePoints_836,"York Way, Kings Cross",51.541596,-0.125441,7,3,4,24,15,2
2026-08-16 23:00:00+00:00,BikePoints_838,"Fore Street, Guildhall",51.518093,-0.091401,1,0,1,25,23,1
2026-08-16 23:00:00+00:00,BikePoints_839,"Sea Containers, South Bank",51.508033,-0.106823,1,0,1,30,28,1
2026-08-16 23:00:00+00:00,BikePoints_840,"George Row, Bermondsey",51.498585,-0.068981,15,1,14,22,4,3
2026-08-16 23:00:00+00:00,BikePoints_841,"Tower Wharf, Bermondsey",51.500845,-0.074704,11,0,11,20,6,3
2026-08-16 23:00:00+00:00,BikePoints_842,"Temple Gardens, Temple",51.510981,-0.108322,0,0,0,24,23,1
2026-08-16 23:00:00+00:00,BikePoints_844,"Canada Water Station, Rotherhithe",51.498439,-0.04915,31,4,27,35,0,4
2026-08-16 23:00:00+00:00,BikePoints_845,"Bermondsey Station, Bermondsey",51.497995,-0.063471,25,6,19,30,0,5
2026-08-16 23:00:00+00:00,BikePoints_846,"Burgess Park Albany Road, Walworth",51.48224,-0.094284,26,4,22,30,0,4
2026-08-16 23:00:00+00:00,BikePoints_847,"South Bermondsey Station, Bermondsey",51.488067,-0.057774,23,5,18,24,1,0
2026-08-16 23:00:00+00:00,BikePoints_849,"Crimscott Street, Bermondsey",51.495598,-0.078893,15,3,12,19,3,1
2026-08-16 23:00:00+00:00,BikePoints_850,"Brandon Street, Walworth",51.489102,-0.091548,22,0,22,22,0,0
2026-08-16 23:00:00+00:00,BikePoints_851,"The Blue, Bermondsey",51.492221,-0.062513,21,4,17,22,0,1
2026-08-16 23:00:00+00:00,BikePoints_852,"Coomer Place, West Kensington",51.48357,-0.202038,23,1,22,27,3,1
2026-08-16 23:00:00+00:00,BikePoints_857,"Strand, Strand",51.512582,-0.115057,0,0,0,35,35,0
2026-08-16 23:00:00+00:00,BikePoints_864,"Abbey Orchard Street, Westminster",51.498125,-0.132102,3,1,2,29,25,1
2026-08-16 23:00:00+00:00,BikePoints_865,"Leonard Circus , Shoreditch",51.524696,-0.084439,2,1,1,43,39,2
2026-08-16 23:00:00+00:00,BikePoints_866,"Limburg Road, Clapham Junction",51.461923,-0.165297,19,3,16,21,1,1
2026-08-16 23:00:00+00:00,BikePoints_867,"Pritchard's Road, Bethnal Green",51.532091,-0.061419,14,5,9,30,13,3
2026-08-16 23:00:00+00:00,BikePoints_868,"Kennington Lane Rail Bridge, Vauxhall",51.486343,-0.122492,16,3,13,31,14,1
2026-08-16 23:00:00+00:00,BikePoints_869,"Albert Embankment, Vauxhall",51.490435,-0.122806,7,0,7,24,17,0
2026-08-16 23:00:00+00:00,BikePoints_870,"Lower Marsh, Waterloo",51.500139,-0.113935,0,0,0,17,17,0
2026-08-16 23:00:00+00:00,BikePoints_872,"Risinghill Street, Angel",51.533319,-0.111781,4,4,0,25,17,4
2026-08-16 23:00:00+00:00,BikePoints_873,"St. Pancras Way, Camden Town",51.537071,-0.13285,6,2,4,20,12,2
2026-08-16 23:00:00+00:00,BikePoints_874,"Handyside Street, King's Cross",51.53724,-0.124807,14,3,11,27,9,4
2026-08-16 23:00:00+00:00,BikePoints_875,"Victoria Rise, Clapham Common",51.461376,-0.147804,19,2,17,23,0,4
2026-08-16 23:00:00+00:00,BikePoints_876,"Old Quebec Street, Marylebone",51.514577,-0.158264,3,2,1,16,12,1
2026-08-16 23:00:00+00:00,BikePoints_877,"Spencer Park, Wandsworth Common",51.45787,-0.174691,15,1,14,25,10,0
2026-08-16 23:00:00+00:00,BikePoints_878,"Victoria & Albert Museum, South Kensington",51.495898,-0.173009,2,0,2,30,28,0
2026-08-16 23:00:00+00:00,BikePoints_879,"BBC White City, White City",51.514767,-0.225786,8,2,6,36,27,1
2026-08-16 23:00:00+00:00,BikePoints_881,"Albany Street, The Regent's Park",51.528302,-0.144465,6,0,6,27,19,2
2026-08-16 23:00:00+00:00,BikePoints_882,"Maplin Street, Mile End",51.525501,-0.032267,21,0,21,39,16,2
2026-08-16 23:00:00+00:00,BikePoints_883,"London Fields, Hackney Central",51.54119,-0.058826,10,1,9,21,4,7
2026-08-16 23:00:00+00:00,BikePoints_884,"Westfield Ariel Way, White City",51.509158,-0.224103,31,0,31,42,6,5
2026-08-16 23:00:00+00:00,BikePoints_885,"Gloucester Avenue, Camden Town",51.537349,-0.147154,8,5,3,24,14,2
2026-08-16 23:00:00+00:00,BikePoints_887,"London Zoo Car Park, The Regent's Park",51.536922,-0.150181,6,1,5,36,30,0
2026-08-16 23:00:00+00:00,BikePoints_888,"Norton Folgate, Liverpool Street",51.521113,-0.078869,1,0,1,23,19,3
2026-08-16 23:00:00+00:00,BikePoints_889,"Horse Guards Avenue, Westminster",51.505031,-0.123,5,0,5,29,22,2
2026-08-16 23:00:00+00:00,BikePoints_890,"Burdett Road, Mile End",51.516196,-0.029137,20,2,18,33,6,7
2026-08-16 23:30:00+00:00,BikePoints_1,"River Street , Clerkenwell",51.529163,-0.10997,3,3,0,19,14,2
2026-08-16 23:30:00+00:00,BikePoints_2,"Phillimore Gardens, Kensington",51.499606,-0.197574,10,0,10,37,26,1
2026-08-16 23:30:00+00:00,BikePoints_3,"Christopher Street, Liverpool Street",51.521283,-0.084605,0,0,0,32,32,0
2026-08-16 23:30:00+00:00,BikePoints_4,"St. Chad's Street, King's Cross",51.530059,-0.120973,22,1,21,23,0,1
2026-08-16 23:30:00+00:00,BikePoints_5,"Sedding Street, Sloane Square",51.49313,-0.156876,0,0,0,27,25,2
2026-08-16 23:30:00+00:00,BikePoints_6,"Broadcasting House, Marylebone",51.518117,-0.144228,1,1,0,18,11,6
2026-08-16 23:30:00+00:00,BikePoints_7,"Charlbert Street, St. John's Wood",51.5343,-0.168074,5,0,5,16,5,6
2026-08-16 23:30:00+00:00,BikePoints_8,"Maida Vale, Maida Vale",51.529857,-0.183486,31,8,23,39,3,5
2026-08-16 23:30:00+00:00,BikePoints_9,"New Globe Walk, Bankside",51.507385,-0.09644,8,0,8,19,11,0
2026-08-16 23:30:00+00:00,BikePoints_10,"Park Street, Bankside",51.505974,-0.092754,7,2,5,18,11,0
2026-08-16 23:30:00+00:00,BikePoints_11,"Brunswick Square, Bloomsbury",51.523951,-0.122502,6,4,2,24,17,1
2026-08-16 23:30:00+00:00,BikePoints_12,"Malet Street, Bloomsbury",51.52168,-0.130431,14,3,11,49,35,0
2026-08-16 23:30:00+00:00,BikePoints_13,"Scala Street, Fitzrovia",51.519914,-0.136039,1,0,1,21,20,0
2026-08-16 23:30:00+00:00,BikePoints_14,"Argyle Street, Kings Cross",51.529416,-0.123944,19,1,18,45,23,3
2026-08-16 23:30:00+00:00,BikePoints_15,"Great Russell Street, Bloomsbury",51.517727,-0.127854,1,1,0,26,25,0
2026-08-16 23:30:00+00:00,BikePoints_16,"Cartwright Gardens , Bloomsbury",51.526357,-0.125979,2,1,1,21,19,0
2026-08-16 23:30:00+00:00,BikePoints_17,"Hatton Wall, Holborn",51.521661,-0.109006,4,2,2,26,20,2
2026-08-16 23:30:00+00:00,BikePoints_18,"Drury Lane, Covent Garden",51.51477,-0.122219,0,0,0,27,24,3
2026-08-16 23:30:00+00:00,BikePoints_19,"Taviton Street, Bloomsbury",51.52505,-0.131161,7,0,7,30,23,0
2026-08-16 23:30:00+00:00,BikePoints_20,"Drummond Street , Euston",51.527326,-0.136052,26,0,26,28,0,2
2026-08-16 23:30:00+00:00,BikePoints_21,"Lansdowne Drive, Hackney Central",51.539834,-0.062806,14,7,7,26,11,1
2026-08-16 23:30:00+00:00,BikePoints_22,"Northington Street , Holborn",51.522264,-0.114079,7,1,6,19,12,0
2026-08-16 23:30:00+00:00,BikePoints_23,"Red Lion Square, Holborn",51.519435,-0.119123,2,1,1,16,13,1
2026-08-16 23:30:00+00:00,BikePoints_24,"British Museum, Bloomsbury",51.51908,-0.124678,0,0,0,35,35,0
2026-08-16 23:30:00+00:00,BikePoints_25,"Doric Way , Somers Town",51.528833,-0.13225,23,0,23,50,25,2
2026-08-16 23:30:00+00:00,BikePoints_26,"Ampton Street , Clerkenwell",51.52728,-0.118295,10,1,9,21,10,1
2026-08-16 23:30:00+00:00,BikePoints_28,"Bolsover Street, Fitzrovia",51.523518,-0.143613,9,3,6,19,10,0
2026-08-16 23:30:00+00:00,BikePoints_29,"Hereford Road, Bayswater",51.513735,-0.193487,17,4,13,22,5,0
2026-08-16 23:30:00+00:00,BikePoints_30,"Windsor Terrace, Hoxton",51.529154,-0.093421,17,0,17,24,5,2
2026-08-16 23:30:00+00:00,BikePoints_31,"Fanshaw Street, Hoxton",51.529537,-0.083353,28,1,27,36,7,1
2026-08-16 23:30:00+00:00,BikePoints_33,"Central House, Aldgate",51.515231,-0.07015,0,0,0,24,23,1
2026-08-16 23:30:00+00:00,BikePoints_34,"Pancras Road, King's Cross",51.534123,-0.129386,2,0,2,16,12,2
2026-08-16 23:30:00+00:00,BikePoints_36,"De Vere Gardens, Kensington",51.501737,-0.18498,2,0,2,28,25,1
2026-08-16 23:30:00+00:00,BikePoints_37,"Penywern Road, Earl's Court",51.491593,-0.192369,1,0,1,17,14,2
2026-08-16 23:30:00+00:00,BikePoints_38,"Abingdon Villas, Kensington",51.497387,-0.197245,8,1,7,17,8,1
2026-08-16 23:30:00+00:00,BikePoints_39,"Shoreditch High Street, Shoreditch",51.526377,-0.07813,24,7,17,41,16,1
2026-08-16 23:30:00+00:00,BikePoints_40,"Commercial Street, Shoreditch",51.52127,-0.075578,2,2,0,16,13,1
2026-08-16 23:30:00+00:00,BikePoints_41,"Pindar Street, Liverpool Street",51.520955,-0.083493,0,0,0,24,23,1
2026-08-16 23:30:00+00:00,BikePoints_42,"Wenlock Road , Hoxton",51.530991,-0.093903,11,1,10,28,17,0
2026-08-16 23:30:00+00:00,BikePoints_43,"Crawford Street, Marylebone",51.52026,-0.157183,1,0,1,18,17,0
2026-08-16 23:30:00+00:00,BikePoints_44,"Bruton Street, Mayfair",51.510736,-0.144165,2,0,2,21,18,1
2026-08-16 23:30:00+00:00,BikePoints_45,"Boston Place, Marylebone",51.522511,-0.162298,1,1,0,26,24,1
2026-08-16 23:30:00+00:00,BikePoints_46,"Nesham Street, Wapping",51.507131,-0.06691,9,1,8,16,6,1
2026-08-16 23:30:00+00:00,BikePoints_47,"Warwick Avenue Station, Maida Vale",51.523344,-0.183846,13,2,11,19,2,4
2026-08-16 23:30:00+00:00,BikePoints_48,"Godliman Street, St. Paul's",51.512484,-0.099141,9,2,7,25,16,0
2026-08-16 23:30:00+00:00,BikePoints_49,"Curzon Street, Mayfair",51.507069,-0.145904,0,0,0,16,16,0
2026-08-16 23:30:00+00:00,BikePoints_50,"East Road, Hoxton",51.528673,-0.087459,11,2,9,27,15,1
2026-08-16 23:30:00+00:00,BikePoints_51,"Finsbury Library , Finsbury",51.526717,-0.104298,6,2,4,29,23,0
2026-08-16 23:30:00+00:00,BikePoints_52,"Roscoe Street, St. Luke's",51.522954,-0.094934,3,2,1,18,15,0
2026-08-16 23:30:00+00:00,BikePoints_53,"Grafton Street, Mayfair",51.509992,-0.143495,0,0,0,18,18,0
2026-08-16 23:30:00+00:00,BikePoints_54,"Golden Lane, Barbican",51.521747,-0.094475,2,0,2,27,21,4
2026-08-16 23:30:00+00:00,BikePoints_55,"Finsbury Circus, Liverpool Street",51.517075,-0.086685,0,0,0,33,32,1
2026-08-16 23:30:00+00:00,BikePoints_56,"Paddington Street, Marylebone",51.520583,-0.154701,10,2,8,16,4,2
2026-08-16 23:30:00+00:00,BikePoints_57,"Guilford Street , Bloomsbury",51.523346,-0.120202,8,2,6,32,24,0
2026-08-16 23:30:00+00:00,BikePoints_58,"New Inn Yard, Shoreditch",51.524526,-0.079248,5,1,4,20,12,3
2026-08-16 23:30:00+00:00,BikePoints_60,"Lisson Grove, St. John's Wood",51.526448,-0.17219,11,1,10,18,5,2
2026-08-16 23:30:00+00:00,BikePoints_61,"Great Dover Street, The Borough",51.497382,-0.089446,23,2,21,33,9,1
2026-08-16 23:30:00+00:00,BikePoints_62,"Cotton Garden Estate, Kennington",51.490757,-0.106323,19,4,15,24,5,0
2026-08-16 23:30:00+00:00,BikePoints_63,"Murray Grove , Hoxton",51.53089,-0.089782,17,2,15,27,8,2
2026-08-16 23:30:00+00:00,BikePoints_64,"William IV Street, Strand",51.509462,-0.124749,7,0,7,26,18,1
2026-08-16 23:30:00+00:00,BikePoints_65,"Gower Place , Euston",51.525227,-0.135188,1,0,1,17,16,0
2026-08-16 23:30:00+00:00,BikePoints_66,"Holborn Circus, Holborn",51.51795,-0.108657,1,0,1,40,37,2
2026-08-16 23:30:00+00:00,BikePoints_67,"Hatton Garden, Holborn",51.518825,-0.108028,1,0,1,28,26,1
2026-08-16 23:30:00+00:00,BikePoints_68,"Theobald's Road , Holborn",51.520596,-0.116688,2,0,2,26,23,1
2026-08-16 23:30:00+00:00,BikePoints_69,"Euston Road, Euston",51.526236,-0.134407,1,0,1,24,21,2
2026-08-16 23:30:00+00:00,BikePoints_70,"Calshot Street , King's Cross",51.53136,-0.117069,15,4,11,24,7,2
2026-08-16 23:30:00+00:00,BikePoints_71,"Newgate Street , St. Paul's",51.515768,-0.099894,0,0,0,35,33,2
2026-08-16 23:30:00+00:00,BikePoints_72,"Farringdon Lane, Clerkenwell",51.52352,-0.10834,4,0,4,16,11,1
2026-08-16 23:30:00+00:00,BikePoints_73,"Old Street Station, St. Luke's",51.525615,-0.088532,4,1,3,34,25,5
2026-08-16 23:30:00+00:00,BikePoints_74,"Vauxhall Cross, Vauxhall",51.485917,-0.124469,12,1,11,17,3,2
2026-08-16 23:30:00+00:00,BikePoints_75,"Torrens Street, Angel",51.532199,-0.10548,0,0,0,19,15,4
2026-08-16 23:30:00+00:00,BikePoints_76,"Longford Street, The Regent's Park",51.525595,-0.144083,1,0,1,21,18,2
2026-08-16 23:30:00+00:00,BikePoints_77,"Russell Square Station, Bloomsbury",51.523418,-0.124121,8,0,8,26,17,1
2026-08-16 23:30:00+00:00,BikePoints_78,"Sadlers Sports Centre, Finsbury",51.524868,-0.099489,3,1,2,17,12,2
2026-08-16 23:30:00+00:00,BikePoints_79,"Arundel Street, Temple",51.511726,-0.113855,0,0,0,18,18,0
2026-08-16 23:30:00+00:00,BikePoints_80,"Webber Street , Southwark",51.500693,-0.102091,5,0,5,45,35,5
2026-08-16 23:30:00+00:00,BikePoints_81,"Great Titchfield Street, Fitzrovia",51.520253,-0.141327,3,2,1,19,16,0
2026-08-16 23:30:00+00:00,BikePoints_83,"Panton Street, West End",51.509639,-0.13151,0,0,0,21,18,3
2026-08-16 23:30:00+00:00,BikePoints_84,"Breams Buildings, Holborn",51.515937,-0.111778,0,0,0,25,24,1
2026-08-16 23:30:00+00:00,BikePoints_85,"Tanner Street, Bermondsey",51.500647,-0.0786,33,1,32,41,6,2
2026-08-16 23:30:00+00:00,BikePoints_86,"Sancroft Street, Vauxhall",51.489479,-0.115156,22,1,21,24,1,1
2026-08-16 23:30:00+00:00,BikePoints_87,"Devonshire Square, Liverpool Street",51.516468,-0.079684,0,0,0,16,16,0
2026-08-16 23:30:00+00:00,BikePoints_88,"Percy Street, Bloomsbury",51.51863,-0.132676,1,0,1,29,28,0
2026-08-16 23:30:00+00:00,BikePoints_89,"Tavistock Place, Bloomsbury",51.52625,-0.123509,3,2,1,19,13,3
2026-08-16 23:30:00+00:00,BikePoints_90,"Harrington Square 1, Camden Town",51.533019,-0.139174,6,2,4,27,19,2
2026-08-16 23:30:00+00:00,BikePoints_91,"Walnut Tree Walk, Vauxhall",51.493686,-0.111014,12,2,10,20,7,1
2026-08-16 23:30:00+00:00,BikePoints_92,"Borough Road, Elephant & Castle",51.498898,-0.10044,21,0,21,41,18,2
2026-08-16 23:30:00+00:00,BikePoints_93,"Cloudesley Road, Angel",51.534408,-0.109025,11,6,5,37,24,2
2026-08-16 23:30:00+00:00,BikePoints_94,"Bricklayers Arms, Borough",51.495061,-0.085814,27,4,23,28,1,0
2026-08-16 23:30:00+00:00,BikePoints_95,"Aldersgate Street, Barbican",51.520841,-0.09734,2,2,0,15,12,1
2026-08-16 23:30:00+00:00,BikePoints_96,"Falkirk Street, Hoxton",51.53095,-0.078505,8,4,4,26,16,2
2026-08-16 23:30:00+00:00,BikePoints_97,"Gloucester Road (North), Kensington",51.497924,-0.183834,0,0,0,18,18,0
2026-08-16 23:30:00+00:00,BikePoints_98,"Hampstead Road, Euston",51.525542,-0.138231,9,0,9,54,43,2
2026-08-16 23:30:00+00:00,BikePoints_101,"Queen Street 1, Bank",51.511553,-0.09294,0,0,0,22,21,1
2026-08-16 23:30:00+00:00,BikePoints_102,"Jewry Street, Aldgate",51.513406,-0.076793,2,1,1,17,13,2
2026-08-16 23:30:00+00:00,BikePoints_103,"Vicarage Gate, Kensington",51.504723,-0.192538,2,1,1,18,16,0
2026-08-16 23:30:00+00:00,BikePoints_104,"Crosswall, Tower",51.511594,-0.077121,5,0,5,34,27,2
2026-08-16 23:30:00+00:00,BikePoints_105,"Westbourne Grove, Bayswater",51.515529,-0.19024,7,1,6,26,19,0
2026-08-16 23:30:00+00:00,BikePoints_106,"Woodstock Street, Mayfair",51.514105,-0.147301,2,2,0,21,18,1
2026-08-16 23:30:00+00:00,BikePoints_107,"Finsbury Leisure Centre, St. Luke's",51.526008,-0.096317,4,0,4,20,12,4
2026-08-16 23:30:00+00:00,BikePoints_109,"Soho Square , Soho",51.515631,-0.132328,0,0,0,57,56,1
2026-08-16 23:30:00+00:00,BikePoints_110,"Wellington Road, St. John's Wood",51.533043,-0.172528,6,2,4,17,10,1
2026-08-16 23:30:00+00:00,BikePoints_111,"Park Lane , Hyde Park",51.510017,-0.157275,7,3,4,28,17,4
2026-08-16 23:30:00+00:00,BikePoints_112,"Stonecutter Street, Holborn",51.515809,-0.10527,1,0,1,21,20,0
2026-08-16 23:30:00+00:00,BikePoints_113,"Gloucester Road (Central), South Kensington",51.496462,-0.183289,0,0,0,19,18,1
2026-08-16 23:30:00+00:00,BikePoints_114,"Park Road (Baker Street), The Regent's Park",51.524517,-0.158963,12,2,10,22,4,6
2026-08-16 23:30:00+00:00,BikePoints_115,"Braham Street, Aldgate",51.514233,-0.073537,12,4,8,34,22,0
2026-08-16 23:30:00+00:00,BikePoints_116,"Little Argyll Street, West End",51.514499,-0.141423,0,0,0,21,15,6
2026-08-16 23:30:00+00:00,BikePoints_117,"Lollard Street, Vauxhall",51.49288,-0.114934,25,2,23,25,0,0
2026-08-16 23:30:00+00:00,BikePoints_118,"Rochester Row, Westminster",51.495827,-0.135478,12,2,10,13,0,1
2026-08-16 23:30:00+00:00,BikePoints_119,"Bath Street, St. Luke's",51.525893,-0.090847,4,1,3,18,12,2
2026-08-16 23:30:00+00:00,BikePoints_120,"The Guildhall, Guildhall",51.515735,-0.09308,0,0,0,17,16,1
2026-08-16 23:30:00+00:00,BikePoints_121,"Baker Street, Marylebone",51.518913,-0.156166,7,3,4,22,15,0
2026-08-16 23:30:00+00:00,BikePoints_123,"St. John Street, Finsbury",51.52836,-0.104724,8,2,6,18,10,0
2026-08-16 23:30:00+00:00,BikePoints_124,"Eaton Square, Belgravia",51.496544,-0.150905,8,1,7,18,10,0
2026-08-16 23:30:00+00:00,BikePoints_125,"Borough High Street, The Borough",51.500694,-0.094524,1,0,1,21,19,1
2026-08-16 23:30:00+00:00,BikePoints_126,"Museum of London, Barbican",51.517821,-0.096496,1,0,1,52,50,1
2026-08-16 23:30:00+00:00,BikePoints_127,"Wood Street, Guildhall",51.517008,-0.093885,1,0,1,17,15,1
2026-08-16 23:30:00+00:00,BikePoints_128,"Emperor's Gate, South Kensington",51.495362,-0.185296,10,2,8,22,8,4
2026-08-16 23:30:00+00:00,BikePoints_129,"Golden Square, Soho",51.511897,-0.137043,3,2,1,18,14,1
2026-08-16 23:30:00+00:00,BikePoints_130,"Tower Gardens , Tower",51.509506,-0.075459,8,4,4,24,14,2
2026-08-16 23:30:00+00:00,BikePoints_131,"Eversholt Street , Camden Town",51.533005,-0.136792,0,0,0,16,15,1
2026-08-16 23:30:00+00:00,BikePoints_132,"Bethnal Green Road, Shoreditch",51.523648,-0.074754,13,1,12,38,25,0
2026-08-16 23:30:00+00:00,BikePoints_133,"Derry Street, Kensington",51.501364,-0.191462,6,1,5,18,9,3
2026-08-16 23:30:00+00:00,BikePoints_134,"Wapping High Street, Wapping",51.504904,-0.06797,6,3,3,20,12,2
2026-08-16 23:30:00+00:00,BikePoints_135,"Clerkenwell Green, Clerkenwell",51.52326,-0.104708,13,4,9,21,4,4
2026-08-16 23:30:00+00:00,BikePoints_136,"Queen Victoria Street, St. Paul's",51.511961,-0.097441,0,0,0,32,31,1
2026-08-16 23:30:00+00:00,BikePoints_138,"Green Street, Mayfair",51.512276,-0.157436,0,0,0,19,18,1
2026-08-16 23:30:00+00:00,BikePoints_139,"Lambeth Road, Vauxhall",51.494881,-0.117974,11,1,10,18,7,0
2026-08-16 23:30:00+00:00,BikePoints_140,"Finsbury Square , Moorgate",51.520962,-0.085634,6,1,5,33,27,0
2026-08-16 23:30:00+00:00,BikePoints_141,"Chapel Place, Marylebone",51.515308,-0.147203,0,0,0,29,29,0
2026-08-16 23:30:00+00:00,BikePoints_142,"West Cromwell Road, Earl's Court",51.493724,-0.198286,8,0,8,24,15,1
2026-08-16 23:30:00+00:00,BikePoints_143,"Pont Street, Knightsbridge",51.496886,-0.161203,10,0,10,24,12,2
2026-08-16 23:30:00+00:00,BikePoints_144,"Kennington Cross, Kennington",51.48894,-0.111435,41,5,36,47,1,5
2026-08-16 23:30:00+00:00,BikePoints_145,"Ilchester Place, Kensington",51.500743,-0.202759,0,0,0,24,24,0
2026-08-16 23:30:00+00:00,BikePoints_146,"Vauxhall Bridge , Pimlico",51.488365,-0.129361,2,0,2,35,32,1
2026-08-16 23:30:00+00:00,BikePoints_147,"Portugal Street, Holborn",51.514943,-0.116146,0,0,0,16,16,0
2026-08-16 23:30:00+00:00,BikePoints_148,"Tachbrook Street, Victoria",51.492111,-0.138364,12,3,9,16,1,3
2026-08-16 23:30:00+00:00,BikePoints_149,"Kennington Road Post Office, Oval",51.484788,-0.110683,11,0,11,18,6,1
2026-08-16 23:30:00+00:00,BikePoints_150,"Holy Trinity Brompton, Knightsbridge",51.497056,-0.168917,11,0,11,28,16,1
2026-08-16 23:30:00+00:00,BikePoints_151,"Chepstow Villas, Notting Hill",51.512136,-0.201554,21,0,21,26,5,0
2026-08-16 23:30:00+00:00,BikePoints_152,"Hampton Street, Walworth",51.49217,-0.101536,19,7,12,21,1,1
2026-08-16 23:30:00+00:00,BikePoints_153,"Bayswater Road, Hyde Park",51.511933,-0.174411,6,3,3,27,18,3
2026-08-16 23:30:00+00:00,BikePoints_154,"Waterloo Station 3, Waterloo",51.503791,-0.112824,6,0,6,35,27,2
2026-08-16 23:30:00+00:00,BikePoints_155,"Lexham Gardens, Kensington",51.495866,-0.191933,6,0,6,19,12,1
2026-08-16 23:30:00+00:00,BikePoints_156,"New Kent Road, The Borough",51.494436,-0.092921,26,0,26,33,5,2
2026-08-16 23:30:00+00:00,BikePoints_157,"Wright's Lane, Kensington",51.500397,-0.193068,9,1,8,37,24,4
2026-08-16 23:30:00+00:00,BikePoints_158,"Trebovir Road, Earl's Court",51.490853,-0.19617,6,0,6,18,10,2
2026-08-16 23:30:00+00:00,BikePoints_160,"Waterloo Place, St. James's",51.506633,-0.131773,1,1,0,20,18,1
2026-08-16 23:30:00+00:00,BikePoints_162,"Southampton Place, Holborn",51.517606,-0.121328,1,1,0,20,19,0
2026-08-16 23:30:00+00:00,BikePoints_163,"Sloane Avenue, Knightsbridge",51.493184,-0.167894,4,0,4,27,22,1
2026-08-16 23:30:00+00:00,BikePoints_164,"Cleveland Gardens, Bayswater",51.515607,-0.183118,15,1,14,16,0,1
2026-08-16 23:30:00+00:00,BikePoints_165,"Orsett Terrace, Bayswater",51.517932,-0.183716,6,0,6,15,8,1
2026-08-16 23:30:00+00:00,BikePoints_166,"Seville Street, Knightsbridge",51.501855,-0.159237,0,0,0,27,26,1
2026-08-16 23:30:00+00:00,BikePoints_167,"Eccleston Place, Victoria",51.49395,-0.147624,13,0,13,19,5,1
2026-08-16 23:30:00+00:00,BikePoints_168,"Argyll Road, Kensington",51.500401,-0.195455,15,0,15,19,4,0
2026-08-16 23:30:00+00:00,BikePoints_169,"Porchester Place, Paddington",51.514746,-0.165164,16,0,16,18,1,1
2026-08-16 23:30:00+00:00,BikePoints_170,"Hardwick Street, Clerkenwell",51.527842,-0.108068,3,2,1,30,25,2
2026-08-16 23:30:00+00:00,BikePoints_171,"Collingham Gardens, Earl's Court",51.491615,-0.186753,5,1,4,14,7,2
2026-08-16 23:30:00+00:00,BikePoints_172,"Sumner Place, South Kensington",51.491211,-0.173715,3,0,3,19,14,2
2026-08-16 23:30:00+00:00,BikePoints_173,"Waterloo Road, South Bank",51.50486,-0.113001,3,1,2,15,9,3
2026-08-16 23:30:00+00:00,BikePoints_175,"Worship Street, Shoreditch",51.521668,-0.079608,2,1,1,51,48,1
2026-08-16 23:30:00+00:00,BikePoints_176,"Gloucester Terrace, Bayswater",51.517919,-0.188098,5,0,5,23,17,1
2026-08-16 23:30:00+00:00,BikePoints_177,"Ashley Place, Victoria",51.49616,-0.140947,9,0,9,25,16,0
2026-08-16 23:30:00+00:00,BikePoints_178,"Warwick Square, Pimlico",51.489856,-0.141923,15,1,14,19,3,1
2026-08-16 23:30:00+00:00,BikePoints_180,"North Audley Street, Mayfair",51.512911,-0.153645,5,2,3,17,10,2
2026-08-16 23:30:00+00:00,BikePoints_181,"Belgrave Square, Belgravia",51.499412,-0.152317,2,0,2,21,18,1
2026-08-16 23:30:00+00:00,BikePoints_182,"Bell Street , Marylebone",51.522029,-0.165842,7,5,2,18,10,1
2026-08-16 23:30:00+00:00,BikePoints_183,"Riverlight North, Nine Elms",51.482362,-0.136123,16,1,15,24,5,3
2026-08-16 23:30:00+00:00,BikePoints_184,"Portland Place, Marylebone",51.520715,-0.145211,2,2,0,34,32,0
2026-08-16 23:30:00+00:00,BikePoints_185,"Alderney Street, Pimlico",51.488057,-0.140741,14,2,12,14,0,0
2026-08-16 23:30:00+00:00,BikePoints_186,"South Wharf Road, Paddington",51.517335,-0.17581,4,3,1,16,9,3
2026-08-16 23:30:00+00:00,BikePoints_187,"Queen's Gate (South), South Kensington",51.492479,-0.178433,14,0,14,25,10,1
2026-08-16 23:30:00+00:00,BikePoints_188,"Nutford Place, Marylebone",51.516517,-0.164393,5,2,3,18,12,1
2026-08-16 23:30:00+00:00,BikePoints_189,"Claremont Square, Angel",51.531666,-0.109914,4,2,2,18,11,3
2026-08-16 23:30:00+00:00,BikePoints_190,"Rampayne Street, Pimlico",51.489975,-0.132845,9,2,7,21,11,1
2026-08-16 23:30:00+00:00,BikePoints_191,"Hyde Park Corner, Hyde Park",51.503117,-0.15352,3,0,3,36,25,8
2026-08-16 23:30:00+00:00,BikePoints_192,"Wardour Street, Soho",51.512515,-0.133201,0,0,0,16,10,6
2026-08-16 23:30:00+00:00,BikePoints_193,"Bankside Mix, Bankside",51.505817,-0.100186,8,1,7,60,51,1
2026-08-16 23:30:00+00:00,BikePoints_194,"Hop Exchange, The Borough",51.504627,-0.091773,8,6,2,55,42,5
2026-08-16 23:30:00+00:00,BikePoints_195,"Milroy Walk, South Bank",51.507244,-0.106237,0,0,0,30,30,0
2026-08-16 23:30:00+00:00,BikePoints_196,"Union Street, The Borough",51.503688,-0.098497,3,0,3,17,12,2
2026-08-16 23:30:00+00:00,BikePoints_197,"Stamford Street, South Bank",51.505569,-0.111606,0,0,0,27,26,1
2026-08-16 23:30:00+00:00,BikePoints_199,"Great Tower Street, Monument",51.510484,-0.082989,3,0,3,24,18,3
2026-08-16 23:30:00+00:00,BikePoints_200,"LMU Commercial Road, Whitechapel",51.514924,-0.066078,7,2,5,14,7,0
2026-08-16 23:30:00+00:00,BikePoints_201,"Dorset Square, Marylebone",51.522596,-0.161113,3,1,2,16,12,1
2026-08-16 23:30:00+00:00,BikePoints_202,"Leman Street, Aldgate",51.512363,-0.069542,13,4,9,37,23,1
2026-08-16 23:30:00+00:00,BikePoints_203,"West Smithfield Rotunda, Farringdon",51.518218,-0.100791,5,4,1,15,8,2
2026-08-16 23:30:00+00:00,BikePoints_204,"Margery Street, Clerkenwell",51.526599,-0.112432,9,1,8,19,10,0
2026-08-16 23:30:00+00:00,BikePoints_206,"New Road 1 , Whitechapel",51.518154,-0.062697,21,3,18,36,12,3
2026-08-16 23:30:00+00:00,BikePoints_207,"Grosvenor Crescent, Belgravia",51.501352,-0.153194,0,0,0,18,18,0
2026-08-16 23:30:00+00:00,BikePoints_208,"Mallory Street, Marylebone",51.525051,-0.166304,4,0,4,20,15,1
2026-08-16 23:30:00+00:00,BikePoints_209,"Denyer Street, Knightsbridge",51.493583,-0.165101,3,0,3,30,26,1
2026-08-16 23:30:00+00:00,BikePoints_210,"Hinde Street, Marylebone",51.516814,-0.151926,2,1,1,21,18,1
2026-08-16 23:30:00+00:00,BikePoints_211,"Cadogan Place, Knightsbridge",51.494645,-0.158105,9,0,9,34,24,1
2026-08-16 23:30:00+00:00,BikePoints_212,"Campden Hill Road, Notting Hill",51.506584,-0.199004,11,3,8,17,6,0
2026-08-16 23:30:00+00:00,BikePoints_213,"Wellington Arch, Hyde Park",51.50274,-0.149569,0,0,0,36,33,3
2026-08-16 23:30:00+00:00,BikePoints_214,"Endsleigh Gardens, Euston",51.526838,-0.130504,18,0,18,32,11,3
2026-08-16 23:30:00+00:00,BikePoints_215,"Moorfields, Moorgate",51.519069,-0.088285,1,1,0,54,51,2
2026-08-16 23:30:00+00:00,BikePoints_216,"Old Brompton Road, South Kensington",51.490945,-0.18119,13,0,13,30,15,2
2026-08-16 23:30:00+00:00,BikePoints_217,"Wormwood Street, Liverpool Street",51.516154,-0.082422,0,0,0,16,16,0
2026-08-16 23:30:00+00:00,BikePoints_218,"St. Luke's Church, Chelsea",51.489716,-0.170194,2,0,2,20,18,0
2026-08-16 23:30:00+00:00,BikePoints_219,"Bramham Gardens, Earl's Court",51.490163,-0.190393,19,3,16,29,9,1
2026-08-16 23:30:00+00:00,BikePoints_220,"Chelsea Green, Chelsea",51.490664,-0.166485,3,2,1,15,12,0
2026-08-16 23:30:00+00:00,BikePoints_221,"Horseferry Road, Westminster",51.494816,-0.130458,3,1,2,16,13,0
2026-08-16 23:30:00+00:00,BikePoints_222,"Knightsbridge, Hyde Park",51.502757,-0.155349,25,0,25,43,16,2
2026-08-16 23:30:00+00:00,BikePoints_223,"Rodney Road , Walworth",51.491484,-0.09022,17,0,17,24,5,2
2026-08-16 23:30:00+00:00,BikePoints_224,"Queensway, Kensington Gardens",51.51031,-0.187402,16,2,14,17,0,1
2026-08-16 23:30:00+00:00,BikePoints_225,"Notting Hill Gate Station, Notting Hill",51.509353,-0.196422,10,1,9,30,16,4
2026-08-16 23:30:00+00:00,BikePoints_226,"Charles II Street, West End",51.508446,-0.131961,1,0,1,24,22,1
2026-08-16 23:30:00+00:00,BikePoints_227,"Great Percy Street, Clerkenwell",51.528915,-0.11548,13,2,11,23,10,0
2026-08-16 23:30:00+00:00,BikePoints_228,"St. James's Square, St. James's",51.507424,-0.134621,1,0,1,40,36,3
2026-08-16 23:30:00+00:00,BikePoints_229,"Whitehall Place, Strand",51.506543,-0.123179,1,0,1,46,45,0
2026-08-16 23:30:00+00:00,BikePoints_230,"Poured Lines, Bankside",51.506692,-0.103137,4,3,1,31,26,1
2026-08-16 23:30:00+00:00,BikePoints_231,"Queen's Gate (Central), South Kensington",51.493967,-0.178732,3,0,3,31,28,0
2026-08-16 23:30:00+00:00,BikePoints_232,"Carey Street, Holborn",51.51501,-0.112753,0,0,0,16,16,0
2026-08-16 23:30:00+00:00,BikePoints_233,"Pall Mall East, West End",51.50777,-0.130699,0,0,0,22,17,5
2026-08-16 23:30:00+00:00,BikePoints_234,"Liverpool Road (N1 Centre), Angel",51.534504,-0.106992,3,3,0,24,19,2
2026-08-16 23:30:00+00:00,BikePoints_235,"Kennington Road, Vauxhall",51.495718,-0.110889,7,1,6,36,29,0
2026-08-16 23:30:00+00:00,BikePoints_236,"Fashion Street, Whitechapel",51.51838,-0.073438,0,0,0,30,30,0
2026-08-16 23:30:00+00:00,BikePoints_237,"Dock Street, Wapping",51.509786,-0.068161,11,2,9,30,17,2
2026-08-16 23:30:00+00:00,BikePoints_238,"Frampton Street, Paddington",51.523353,-0.175116,20,1,19,32,12,0
2026-08-16 23:30:00+00:00,BikePoints_239,"Warren Street Station, Euston",51.524438,-0.138019,3,0,3,26,21,2
2026-08-16 23:30:00+00:00,BikePoints_240,"Colombo Street, Southwark",51.505459,-0.105692,0,0,0,14,12,2
2026-08-16 23:30:00+00:00,BikePoints_242,"Beaumont Street, Marylebone",51.522008,-0.151359,2,1,1,23,21,0
2026-08-16 23:30:00+00:00,BikePoints_243,"Gloucester Street, Pimlico",51.490962,-0.139625,24,2,22,25,0,1
2026-08-16 23:30:00+00:00,BikePoints_244,"Bucknall Street, Covent Garden",51.51615,-0.128417,7,5,2,18,7,4
2026-08-16 23:30:00+00:00,BikePoints_245,"Grosvenor Road, Pimlico",51.485357,-0.142207,19,3,16,29,9,1
2026-08-16 23:30:00+00:00,BikePoints_246,"Berry Street, Clerkenwell",51.522853,-0.099994,7,2,5,41,33,1
2026-08-16 23:30:00+00:00,BikePoints_247,"St. John's Wood Church, The Regent's Park",51.530529,-0.167515,22,0,22,50,25,3
2026-08-16 23:30:00+00:00,BikePoints_248,"Triangle Car Park, Hyde Park",51.506451,-0.170279,12,2,10,27,13,2
2026-08-16 23:30:00+00:00,BikePoints_249,"Harper Road, The Borough",51.498597,-0.096191,1,0,1,42,39,2
2026-08-16 23:30:00+00:00,BikePoints_250,"Royal Avenue 1, Chelsea",51.489932,-0.162727,2,0,2,10,6,2
2026-08-16 23:30:00+00:00,BikePoints_251,"Brushfield Street, Liverpool Street",51.518908,-0.079249,2,1,1,34,31,1
2026-08-16 23:30:00+00:00,BikePoints_253,"Shoreditch Park, Hoxton",51.534042,-0.086379,7,0,7,30,19,4
2026-08-16 23:30:00+00:00,BikePoints_254,"Chadwell Street, Angel",51.530515,-0.106408,3,1,2,18,14,1
2026-08-16 23:30:00+00:00,BikePoints_255,"Clifton Road, Maida Vale",51.525575,-0.179592,14,2,12,22,5,3
2026-08-16 23:30:00+00:00,BikePoints_256,"Houghton Street, Strand",51.51362,-0.116764,0,0,0,15,14,1
2026-08-16 23:30:00+00:00,BikePoints_257,"Westminster University, Marylebone",51.522481,-0.154907,4,0,4,16,10,2
2026-08-16 23:30:00+00:00,BikePoints_258,"Kensington Gore, Knightsbridge",51.501432,-0.178656,0,0,0,23,23,0
2026-08-16 23:30:00+00:00,BikePoints_259,"Bourne Street, Belgravia",51.490959,-0.153233,5,1,4,16,11,0
2026-08-16 23:30:00+00:00,BikePoints_260,"Broadwick Street, Soho",51.513684,-0.13558,0,0,0,18,15,3
2026-08-16 23:30:00+00:00,BikePoints_261,"Princes Square, Bayswater",51.513489,-0.191351,9,3,6,16,7,0
2026-08-16 23:30:00+00:00,BikePoints_262,"LSBU (Borough Road), Elephant & Castle",51.498744,-0.103132,6,1,5,35,29,0
2026-08-16 23:30:00+00:00,BikePoints_263,"St. Mary Axe, Aldgate",51.514225,-0.08066,2,2,0,21,16,3
2026-08-16 23:30:00+00:00,BikePoints_264,"Tysoe Street, Clerkenwell",51.526443,-0.109256,3,2,1,20,16,1
2026-08-16 23:30:00+00:00,BikePoints_265,"Southwick Street, Paddington",51.515953,-0.169249,6,3,3,17,11,0
2026-08-16 23:30:00+00:00,BikePoints_266,"Queen's Gate (North), Kensington",51.501026,-0.180246,0,0,0,41,39,2
2026-08-16 23:30:00+00:00,BikePoints_268,"Belgrave Road, Victoria",51.493204,-0.144132,26,0,26,29,1,2
2026-08-16 23:30:00+00:00,BikePoints_269,"Empire Square, The Borough",51.500823,-0.08974,44,1,43,46,0,2
2026-08-16 23:30:00+00:00,BikePoints_271,"London Zoo,  The Regent's Park",51.535836,-0.156285,10,0,10,32,22,0
2026-08-16 23:30:00+00:00,BikePoints_272,"Baylis Road, Waterloo",51.501444,-0.110699,0,0,0,22,20,2
2026-08-16 23:30:00+00:00,BikePoints_273,"Belvedere Road 1, South Bank",51.506133,-0.114686,13,1,12,38,21,4
2026-08-16 23:30:00+00:00,BikePoints_274,"Warwick Road, Olympia",51.496712,-0.205284,13,5,8,36,23,0
2026-08-16 23:30:00+00:00,BikePoints_275,"Barbican Centre, Barbican",51.520044,-0.092176,0,0,0,19,18,1
2026-08-16 23:30:00+00:00,BikePoints_276,"Lower Thames Street, Monument",51.509301,-0.084985,0,0,0,24,23,1
2026-08-16 23:30:00+00:00,BikePoints_277,"Kensington Church Street, Kensington",51.503157,-0.191496,8,1,7,17,7,2
2026-08-16 23:30:00+00:00,BikePoints_278,"Tooley Street, Bermondsey",51.503493,-0.07962,20,8,12,27,3,4
2026-08-16 23:30:00+00:00,BikePoints_279,"North Wharf Road, Paddington",51.518623,-0.176603,5,3,2,23,17,1
2026-08-16 23:30:00+00:00,BikePoints_280,"Royal Avenue 2, Chelsea",51.490083,-0.162418,9,0,9,10,1,0
2026-08-16 23:30:00+00:00,BikePoints_281,"Smith Square, Westminster",51.495805,-0.127575,12,2,10,18,6,0
2026-08-16 23:30:00+00:00,BikePoints_282,"Royal London Hospital, Whitechapel",51.518675,-0.06111,29,5,24,42,7,6
2026-08-16 23:30:00+00:00,BikePoints_283,"Kingsway, Covent Garden",51.514409,-0.118478,0,0,0,16,16,0
2026-08-16 23:30:00+00:00,BikePoints_284,"Lambeth North Station, Waterloo",51.49914,-0.112031,12,1,11,20,8,0
2026-08-16 23:30:00+00:00,BikePoints_286,"St. John's Wood Road, St. John's Wood",51.527294,-0.174653,21,4,17,35,12,2
2026-08-16 23:30:00+00:00,BikePoints_287,"Bedford Way, Bloomsbury",51.523673,-0.128377,4,1,3,23,18,1
2026-08-16 23:30:00+00:00,BikePoints_288,"Elizabeth Bridge, Victoria",51.492369,-0.147478,33,0,33,34,1,0
2026-08-16 23:30:00+00:00,BikePoints_289,"South Audley Street, Mayfair",51.50923,-0.151289,1,0,1,15,14,0
2026-08-16 23:30:00+00:00,BikePoints_290,"St Mary's Hospital, Paddington",51.518268,-0.171103,4,0,4,20,13,3
2026-08-16 23:30:00+00:00,BikePoints_291,"Claverton Street, Pimlico",51.484839,-0.138089,31,1,30,32,0,1
2026-08-16 23:30:00+00:00,BikePoints_292,"Montpelier Street, Knightsbridge",51.498884,-0.165471,8,1,7,16,8,0
2026-08-16 23:30:00+00:00,BikePoints_293,"Kensington Olympia Station, Olympia",51.498157,-0.209494,11,0,11,25,14,0
2026-08-16 23:30:00+00:00,BikePoints_294,"St. George's Square, Pimlico",51.488226,-0.135635,11,1,10,16,3,2
2026-08-16 23:30:00+00:00,BikePoints_295,"Swan Street, The Borough",51.500296,-0.092762,4,0,4,27,22,1
2026-08-16 23:30:00+00:00,BikePoints_296,"Knaresborough Place, Earl's Court",51.493631,-0.190603,6,1,5,18,10,2
2026-08-16 23:30:00+00:00,BikePoints_297,"Geraldine Street, Elephant & Castle",51.496127,-0.106,13,2,11,17,3,1
2026-08-16 23:30:00+00:00,BikePoints_298,"Curlew Street, Shad Thames",51.502279,-0.074189,12,2,10,21,5,4
2026-08-16 23:30:00+00:00,BikePoints_299,"Vincent Square, Westminster",51.493985,-0.136928,16,0,16,19,3,0
2026-08-16 23:30:00+00:00,BikePoints_300,"Serpentine Car Park, Hyde Park",51.505014,-0.17306,4,0,4,18,11,3
2026-08-16 23:30:00+00:00,BikePoints_301,"Marylebone Lane, Marylebone",51.514759,-0.148105,2,1,1,24,18,4
2026-08-16 23:30:00+00:00,BikePoints_302,"Putney Pier, Wandsworth",51.466907,-0.216573,20,4,16,28,5,3
2026-08-16 23:30:00+00:00,BikePoints_303,"Albert Gate, Hyde Park",51.502953,-0.158456,2,1,1,34,27,5
2026-08-16 23:30:00+00:00,BikePoints_306,"Rathbone Street, Fitzrovia",51.518162,-0.135025,0,0,0,16,14,2
2026-08-16 23:30:00+00:00,BikePoints_307,"Black Lion Gate, Kensington Gardens",51.509908,-0.187842,19,9,10,24,0,5
2026-08-16 23:30:00+00:00,BikePoints_308,"Long Lane , Bermondsey",51.499075,-0.085666,19,3,16,20,1,0
2026-08-16 23:30:00+00:00,BikePoints_309,"Embankment (Savoy), Strand",51.509631,-0.119047,0,0,0,41,40,1
2026-08-16 23:30:00+00:00,BikePoints_310,"Black Prince Road, Vauxhall",51.490867,-0.116911,14,3,11,19,4,1
2026-08-16 23:30:00+00:00,BikePoints_311,"Foley Street, Fitzrovia",51.519181,-0.140485,4,1,3,24,20,0
2026-08-16 23:30:00+00:00,BikePoints_312,"Grove End Road, St. John's Wood",51.530889,-0.17677,18,5,13,20,0,2
2026-08-16 23:30:00+00:00,BikePoints_313,"Wells Street, Fitzrovia",51.517344,-0.138072,1,1,0,38,34,3
2026-08-16 23:30:00+00:00,BikePoints_314,"Tyers Gate, Bermondsey",51.500889,-0.083159,33,1,32,36,1,2
2026-08-16 23:30:00+00:00,BikePoints_315,"The Tennis Courts, The Regent's Park",51.525367,-0.153463,7,7,0,16,8,1
2026-08-16 23:30:00+00:00,BikePoints_316,"Warwick Row, Westminster",51.497998,-0.14296,0,0,0,21,18,3
2026-08-16 23:30:00+00:00,BikePoints_317,"Dickens Square, Borough",51.496791,-0.093913,6,0,6,32,26,0
2026-08-16 23:30:00+00:00,BikePoints_318,"Sackville Street, Mayfair",51.510048,-0.138846,2,2,0,18,15,1
2026-08-16 23:30:00+00:00,BikePoints_319,"Baldwin Street, St. Luke's",51.527025,-0.088542,7,1,6,21,12,2
2026-08-16 23:30:00+00:00,BikePoints_320,"Queen Mother Sports Centre, Victoria",51.493573,-0.139956,21,0,21,26,5,0
2026-08-16 23:30:00+00:00,BikePoints_321,"Bermondsey Street, Bermondsey",51.497855,-0.081608,15,3,12,24,8,1
2026-08-16 23:30:00+00:00,BikePoints_322,"Palissy Street, Shoreditch",51.526293,-0.073955,24,1,23,26,0,2
2026-08-16 23:30:00+00:00,BikePoints_323,"Clifton Street, Shoreditch",51.523196,-0.083067,6,1,5,24,18,0
2026-08-16 23:30:00+00:00,BikePoints_324,"Ontario Street, Elephant & Castle",51.49652,-0.101384,10,0,10,15,4,1
2026-08-16 23:30:00+00:00,BikePoints_326,"Graham Street, Angel",51.532661,-0.099981,19,1,18,26,6,1
2026-08-16 23:30:00+00:00,BikePoints_327,"Westbourne Green, Westbourne",51.522168,-0.192814,9,1,8,21,11,1
2026-08-16 23:30:00+00:00,BikePoints_328,"New North Road 2, Hoxton",51.53114,-0.086016,4,2,2,22,18,0
2026-08-16 23:30:00+00:00,BikePoints_329,"Prince Albert Road, The Regent's Park",51.535892,-0.160854,4,3,1,24,16,4
2026-08-16 23:30:00+00:00,BikePoints_330,"Eastbourne Mews, Paddington",51.516417,-0.179135,12,4,8,34,20,2
2026-08-16 23:30:00+00:00,BikePoints_331,"Bunhill Row, Moorgate",51.520858,-0.089887,0,0,0,30,26,4
2026-08-16 23:30:00+00:00,BikePoints_332,"Nevern Place, Earl's Court",51.493343,-0.194757,9,0,9,20,10,1
2026-08-16 23:30:00+00:00,BikePoints_333,"Palace Gardens Terrace, Notting Hill",51.508605,-0.193764,17,4,13,37,18,2
2026-08-16 23:30:00+00:00,BikePoints_334,"Agar Grove, Camden Town",51.542891,-0.132253,13,4,9,18,4,1
2026-08-16 23:30:00+00:00,BikePoints_335,"Tavistock Street, Covent Garden",51.511968,-0.120718,0,0,0,33,30,3
2026-08-16 23:30:00+00:00,BikePoints_336,"Concert Hall Approach, South Bank",51.504841,-0.115153,23,0,23,30,5,2
2026-08-16 23:30:00+00:00,BikePoints_337,"Pembridge Villas, Notting Hill",51.511084,-0.197524,6,2,4,16,9,1
2026-08-16 23:30:00+00:00,BikePoints_338,"Wellington Street , Strand",51.511756,-0.119643,0,0,0,24,20,4
2026-08-16 23:30:00+00:00,BikePoints_340,"Bank of England Museum, Bank",51.514441,-0.087587,0,0,0,16,14,2
2026-08-16 23:30:00+00:00,BikePoints_341,"Craven Street, Strand",51.508103,-0.126021,0,0,0,23,21,2
2026-08-16 23:30:00+00:00,BikePoints_344,"Goswell Road (City Uni), Finsbury",51.528246,-0.101026,10,1,9,16,5,1
2026-08-16 23:30:00+00:00,BikePoints_345,"Flood Street, Chelsea",51.488023,-0.166878,4,0,4,33,28,1
2026-08-16 23:30:00+00:00,BikePoints_348,"Grosvenor Square, Mayfair",51.51217,-0.150481,2,1,1,17,11,4
2026-08-16 23:30:00+00:00,BikePoints_349,"St. George Street, Mayfair",51.51196,-0.142783,0,0,0,18,16,2
2026-08-16 23:30:00+00:00,BikePoints_350,"Queen's Gate, Kensington Gardens",51.501715,-0.179854,4,2,2,21,12,5
2026-08-16 23:30:00+00:00,BikePoints_351,"Macclesfield Rd, St Lukes",51.529423,-0.097122,10,1,9,28,16,2
2026-08-16 23:30:00+00:00,BikePoints_352,"Vauxhall Street, Vauxhall",51.486965,-0.116625,16,2,14,19,3,0
2026-08-16 23:30:00+00:00,BikePoints_353,"Greycoat Street , Westminster",51.494591,-0.134234,13,0,13,17,4,0
2026-08-16 23:30:00+00:00,BikePoints_354,"Northumberland Avenue, Strand",51.506767,-0.123702,2,0,2,37,35,0
2026-08-16 23:30:00+00:00,BikePoints_355,"Clapham Common Station, Clapham Common",51.461388,-0.139221,17,0,17,21,2,2
2026-08-16 23:30:00+00:00,BikePoints_356,"South Kensington Station, South Kensington",51.494412,-0.173881,2,0,2,15,12,1
2026-08-16 23:30:00+00:00,BikePoints_357,"Howland Street, Fitzrovia",51.520994,-0.139016,7,1,6,30,23,0
2026-08-16 23:30:00+00:00,BikePoints_358,"High Holborn , Covent Garden",51.516398,-0.124257,0,0,0,20,20,0
2026-08-16 23:30:00+00:00,BikePoints_359,"Butler Place, Westminster",51.497829,-0.13544,0,0,0,18,17,1
2026-08-16 23:30:00+00:00,BikePoints_360,"Howick Place, Westminster",51.496753,-0.138733,0,0,0,27,26,1
2026-08-16 23:30:00+00:00,BikePoints_361,"Waterloo Station 2, Waterloo",51.503919,-0.113426,15,1,14,55,40,0
2026-08-16 23:30:00+00:00,BikePoints_362,"Royal College Street, Camden Town",51.536264,-0.133952,46,3,43,57,8,3
2026-08-16 23:30:00+00:00,BikePoints_363,"Lord's, St. John's Wood",51.529121,-0.171185,10,0,10,24,13,1
2026-08-16 23:30:00+00:00,BikePoints_364,"Store Street, Bloomsbury",51.519572,-0.13214,5,4,1,32,26,1
2026-08-16 23:30:00+00:00,BikePoints_365,"City Road, Angel",51.530344,-0.100168,26,6,20,47,18,3
2026-08-16 23:30:00+00:00,BikePoints_367,"Harrowby Street, Marylebone",51.517372,-0.164207,1,0,1,16,13,2
2026-08-16 23:30:00+00:00,BikePoints_368,"Lowndes Square, Knightsbridge",51.50058,-0.158837,0,0,0,23,22,1
2026-08-16 23:30:00+00:00,BikePoints_370,"Paddington Green, Paddington",51.520205,-0.174593,9,3,6,20,11,0
2026-08-16 23:30:00+00:00,BikePoints_371,"Brockwell Lido, Brixton",51.453118,-0.104955,26,0,26,30,3,1
2026-08-16 23:30:00+00:00,BikePoints_372,"Sardinia Street, Holborn",51.515208,-0.117863,0,0,0,24,24,0
2026-08-16 23:30:00+00:00,BikePoints_373,"Prince Consort Road, Knightsbridge",51.499806,-0.176415,0,0,0,18,17,1
2026-08-16 23:30:00+00:00,BikePoints_374,"Waterloo Station 1, Waterloo",51.504027,-0.113864,10,0,10,36,21,5
2026-08-16 23:30:00+00:00,BikePoints_375,"Kensington Town Hall, Kensington",51.501945,-0.194392,3,0,3,18,14,1
2026-08-16 23:30:00+00:00,BikePoints_376,"Millbank Tower, Pimlico",51.491884,-0.125674,4,1,3,24,18,2
2026-08-16 23:30:00+00:00,BikePoints_377,"Waterloo Bridge, South Bank",51.505354,-0.113656,9,2,7,15,5,1
2026-08-16 23:30:00+00:00,BikePoints_378,"Natural History Museum, South Kensington",51.495592,-0.179077,1,0,1,42,40,1
2026-08-16 23:30:00+00:00,BikePoints_379,"Turquoise Island, Notting Hill",51.514311,-0.200838,6,0,6,21,15,0
2026-08-16 23:30:00+00:00,BikePoints_380,"Stanhope Gate, Mayfair",51.506864,-0.150666,3,0,3,21,18,0
2026-08-16 23:30:00+00:00,BikePoints_381,"Charlotte Street, Fitzrovia",51.51953,-0.135777,0,0,0,14,14,0
2026-08-16 23:30:00+00:00,BikePoints_382,"Farm Street, Mayfair",51.509351,-0.147449,0,0,0,15,15,0
2026-08-16 23:30:00+00:00,BikePoints_383,"Frith Street, Soho",51.513103,-0.131213,1,0,1,18,15,2
2026-08-16 23:30:00+00:00,BikePoints_384,"Marloes Road, Kensington",51.496481,-0.192404,3,0,3,15,12,0
2026-08-16 23:30:00+00:00,BikePoints_386,"Moor Street, Soho",51.513527,-0.13011,1,0,1,16,11,4
2026-08-16 23:30:00+00:00,BikePoints_387,"Fire Brigade Pier, Vauxhall",51.493699,-0.121394,0,0,0,30,27,3
2026-08-16 23:30:00+00:00,BikePoints_388,"Southampton Street, Strand",51.510701,-0.121723,2,0,2,14,11,1
2026-08-16 23:30:00+00:00,BikePoints_389,"Upper Grosvenor Street, Mayfair",51.51013,-0.155757,2,0,2,18,16,0
2026-08-16 23:30:00+00:00,BikePoints_390,"Buxton Street 1, Shoreditch",51.521776,-0.068856,10,0,10,41,30,1
2026-08-16 23:30:00+00:00,BikePoints_391,"Clifford Street, Mayfair",51.510662,-0.142345,2,1,1,17,14,1
2026-08-16 23:30:00+00:00,BikePoints_392,"Imperial College, Knightsbridge",51.499428,-0.179702,0,0,0,33,32,1
2026-08-16 23:30:00+00:00,BikePoints_393,"Snow Hill, Farringdon",51.517334,-0.103604,2,0,2,15,13,0
2026-08-16 23:30:00+00:00,BikePoints_394,"Aberdeen Place, St. John's Wood",51.524826,-0.176268,17,5,12,18,0,1
2026-08-16 23:30:00+00:00,BikePoints_395,"Cadogan Gardens, Chelsea",51.492462,-0.159919,3,1,2,15,11,1
2026-08-16 23:30:00+00:00,BikePoints_396,"Shouldham Street, Marylebone",51.51809,-0.163609,2,0,2,16,13,1
2026-08-16 23:30:00+00:00,BikePoints_397,"Devonshire Terrace, Bayswater",51.51348,-0.17977,9,4,5,16,3,4
2026-08-16 23:30:00+00:00,BikePoints_398,"Holland Park, Kensington",51.502319,-0.200742,18,0,18,30,12,0
2026-08-16 23:30:00+00:00,BikePoints_399,"Brick Lane Market, Shoreditch",51.522617,-0.071653,10,1,9,24,13,1
2026-08-16 23:30:00+00:00,BikePoints_400,"George Street, Marylebone",51.517703,-0.154106,14,0,14,27,13,0
2026-08-16 23:30:00+00:00,BikePoints_401,"Columbia Road, Shoreditch",51.528187,-0.075375,14,2,12,24,9,1
2026-08-16 23:30:00+00:00,BikePoints_402,"Penfold Street, Marylebone",51.522892,-0.171681,0,0,0,15,14,1
2026-08-16 23:30:00+00:00,BikePoints_403,"George Place Mews, Marylebone",51.516892,-0.158249,2,1,1,16,12,2
2026-08-16 23:30:00+00:00,BikePoints_404,"Palace Gate, Kensington Gardens",51.502042,-0.1844,8,0,8,13,0,5
2026-08-16 23:30:00+00:00,BikePoints_405,"Gloucester Road Station, South Kensington",51.494185,-0.18267,0,0,0,15,14,1
2026-08-16 23:30:00+00:00,BikePoints_408,"Sun Street, Liverpool Street",51.520009,-0.083935,3,1,2,24,21,0
2026-08-16 23:30:00+00:00,BikePoints_409,"Strata, Elephant & Castle",51.493146,-0.099828,13,6,7,41,20,8
2026-08-16 23:30:00+00:00,BikePoints_410,"Orchard Place, Blackwall Tunnel",51.510212,0.004979,15,3,12,24,8,1
2026-08-16 23:30:00+00:00,BikePoints_411,"Rotherhithe Roundabout, Rotherhithe",51.499169,-0.055846,17,1,16,19,1,1
2026-08-16 23:30:00+00:00,BikePoints_412,"Cleaver Street, Kennington",51.488105,-0.110121,9,0,9,17,8,0
2026-08-16 23:30:00+00:00,BikePoints_419,"Chelsea Bridge, Pimlico",51.485821,-0.149004,1,0,1,15,14,0
2026-08-16 23:30:00+00:00,BikePoints_423,"Eaton Square (South), Belgravia",51.494561,-0.153933,8,0,8,31,23,0
2026-08-16 23:30:00+00:00,BikePoints_424,"Ebury Bridge, Pimlico",51.490491,-0.149186,17,1,16,29,10,2
2026-08-16 23:30:00+00:00,BikePoints_426,"Vincent Street, Pimlico",51.493072,-0.129925,12,5,7,17,5,0
2026-08-16 23:30:00+00:00,BikePoints_427,"Cheapside, Bank",51.51397,-0.09294,0,0,0,43,43,0
2026-08-16 23:30:00+00:00,BikePoints_428,"Exhibition Road, Knightsbridge",51.499917,-0.174554,0,0,0,20,20,0
2026-08-16 23:30:00+00:00,BikePoints_430,"South Parade, Chelsea",51.48902,-0.17524,5,1,4,18,11,2
2026-08-16 23:30:00+00:00,BikePoints_431,"Crinan Street, King's Cross",51.534474,-0.122203,5,3,2,20,14,1
2026-08-16 23:30:00+00:00,BikePoints_432,"Exhibition Road Museums 1, South Kensington",51.496468,-0.173796,0,0,0,13,13,0
2026-08-16 23:30:00+00:00,BikePoints_433,"Wren Street, Holborn",51.524564,-0.116279,3,0,3,33,27,3
2026-08-16 23:30:00+00:00,BikePoints_435,"Kennington Station, Kennington",51.488852,-0.105593,5,1,4,23,18,0
2026-08-16 23:30:00+00:00,BikePoints_436,"Red Lion Street, Holborn",51.51824,-0.11655,1,1,0,36,35,0
2026-08-16 23:30:00+00:00,BikePoints_437,"Vauxhall Walk, Vauxhall",51.488124,-0.120903,19,1,18,27,8,0
2026-08-16 23:30:00+00:00,BikePoints_439,"Killick Street, King's Cross",51.5338,-0.118677,16,3,13,22,4,2
2026-08-16 23:30:00+00:00,BikePoints_440,"Kennington Oval, Oval",51.483145,-0.113134,30,0,30,33,0,3
2026-08-16 23:30:00+00:00,BikePoints_441,"Sail Street, Vauxhall",51.495656,-0.114605,13,0,13,24,10,1
2026-08-16 23:30:00+00:00,BikePoints_442,"Walmer Road, Avondale",51.510101,-0.211358,8,1,7,24,16,0
2026-08-16 23:30:00+00:00,BikePoints_443,"Philpot Street, Whitechapel",51.515256,-0.058641,6,0,6,30,21,3
2026-08-16 23:30:00+00:00,BikePoints_444,"Bethnal Green Garden, Bethnal Green",51.52568,-0.055312,1,0,1,24,22,1
2026-08-16 23:30:00+00:00,BikePoints_445,"Cheshire Street, Bethnal Green",51.52388,-0.065076,4,0,4,28,24,0
2026-08-16 23:30:00+00:00,BikePoints_446,"York Hall, Bethnal Green",51.528936,-0.055894,13,0,13,27,12,2
2026-08-16 23:30:00+00:00,BikePoints_447,"Jubilee Crescent, Cubitt Town",51.493381,-0.007542,6,1,5,54,46,2
2026-08-16 23:30:00+00:00,BikePoints_448,"Fisherman's Walk West, Canary Wharf",51.50623,-0.02296,15,0,15,36,20,1
2026-08-16 23:30:00+00:00,BikePoints_449,"Shadwell Station, Shadwell",51.511088,-0.057159,27,2,25,35,5,3
2026-08-16 23:30:00+00:00,BikePoints_450,"Jubilee Street, Stepney",51.515975,-0.053177,6,1,5,28,22,0
2026-08-16 23:30:00+00:00,BikePoints_451,"Hermitage Court, Wapping",51.504719,-0.063531,10,4,6,16,5,1
2026-08-16 23:30:00+00:00,BikePoints_452,"St. Katharine's Way, Tower",51.505697,-0.070542,1,1,0,24,21,2
2026-08-16 23:30:00+00:00,BikePoints_453,"Garnet Street, Shadwell",51.508447,-0.055167,10,0,10,24,13,1
2026-08-16 23:30:00+00:00,BikePoints_454,"Napier Avenue, Millwall",51.487679,-0.021582,15,6,9,20,3,2
2026-08-16 23:30:00+00:00,BikePoints_455,"East Ferry Road, Cubitt Town",51.49447,-0.014409,16,2,14,17,0,1
2026-08-16 23:30:00+00:00,BikePoints_456,"Albert Street, Camden Town",51.537706,-0.144801,10,4,6,26,11,5
2026-08-16 23:30:00+00:00,BikePoints_457,"Castlehaven Road, Camden Town",51.542138,-0.145393,9,3,6,29,19,1
2026-08-16 23:30:00+00:00,BikePoints_458,"Wapping Lane, Wapping",51.504749,-0.057544,10,1,9,28,15,3
2026-08-16 23:30:00+00:00,BikePoints_459,"Gunmakers Lane, Old Ford",51.535179,-0.03338,13,1,12,17,3,1
2026-08-16 23:30:00+00:00,BikePoints_461,"Aston Street, Stepney",51.516,-0.038775,11,2,9,26,15,0
2026-08-16 23:30:00+00:00,BikePoints_462,"Bonny Street, Camden Town",51.541603,-0.138853,33,11,22,45,8,4
2026-08-16 23:30:00+00:00,BikePoints_463,"Thurtle Road, Haggerston",51.534776,-0.071881,3,1,2,22,17,2
2026-08-16 23:30:00+00:00,BikePoints_464,"St. Mary & St. Michael Church, Stepney",51.51417,-0.052099,6,0,6,25,19,0
2026-08-16 23:30:00+00:00,BikePoints_465,"Pitfield Street North,Hoxton",51.53558,-0.08249,21,4,17,28,5,2
2026-08-16 23:30:00+00:00,BikePoints_466,"Whiston Road, Haggerston",51.534464,-0.076341,8,4,4,21,11,2
2026-08-16 23:30:00+00:00,BikePoints_467,"Southern Grove, Bow",51.523538,-0.030556,3,0,3,17,14,0
2026-08-16 23:30:00+00:00,BikePoints_468,"Cantrell Road, Bow",51.521564,-0.022694,18,0,18,24,4,2
2026-08-16 23:30:00+00:00,BikePoints_469,"Lindfield Street, Poplar",51.513757,-0.020467,20,2,18,44,22,2
2026-08-16 23:30:00+00:00,BikePoints_470,"Mostyn Grove, Bow",51.530535,-0.025492,19,4,15,46,26,1
2026-08-16 23:30:00+00:00,BikePoints_471,"Hewison Street, Old Ford",51.533283,-0.028155,14,4,10,19,5,0
2026-08-16 23:30:00+00:00,BikePoints_472,"Malmesbury Road, Bow",51.529452,-0.027616,7,3,4,21,12,2
2026-08-16 23:30:00+00:00,BikePoints_473,"Millharbour, Millwall",51.496137,-0.019355,7,1,6,19,8,4
2026-08-16 23:30:00+00:00,BikePoints_474,"Gascoyne Road, Victoria Park",51.541515,-0.038557,11,8,3,20,6,3
2026-08-16 23:30:00+00:00,BikePoints_475,"Lightermans Road, Millwall",51.499041,-0.020157,8,3,5,31,21,2
2026-08-16 23:30:00+00:00,BikePoints_476,"Stebondale Street, Cubitt Town",51.489096,-0.009205,5,0,5,29,20,4
2026-08-16 23:30:00+00:00,BikePoints_477,"Spindrift Avenue, Millwall",51.49109,-0.018716,16,2,14,36,18,2
2026-08-16 23:30:00+00:00,BikePoints_478,"Stepney Green Station, Stepney",51.521889,-0.04667,17,1,16,21,0,4
2026-08-16 23:30:00+00:00,BikePoints_479,"Pott Street, Bethnal Green",51.527152,-0.058005,14,1,13,20,2,4
2026-08-16 23:30:00+00:00,BikePoints_480,"Flamborough Street, Limehouse",51.512871,-0.038986,24,4,20,25,0,1
2026-08-16 23:30:00+00:00,BikePoints_481,"Saunders Ness Road, Cubitt Town",51.487129,-0.009001,10,1,9,35,22,3
2026-08-16 23:30:00+00:00,BikePoints_482,"Exhibition Road Museums 2, South Kensington",51.495947,-0.173689,0,0,0,14,14,0
2026-08-16 23:30:00+00:00,BikePoints_483,"Albert Gardens, Stepney",51.51328,-0.047784,26,2,24,33,4,3
2026-08-16 23:30:00+00:00,BikePoints_484,"Bromley High Street, Bow",51.528828,-0.013258,11,2,9,24,9,4
2026-08-16 23:30:00+00:00,BikePoints_485,"Old Ford Road, Bethnal Green",51.531127,-0.048017,14,2,12,24,4,6
2026-08-16 23:30:00+00:00,BikePoints_486,"Granby Street, Shoreditch",51.525645,-0.069543,3,0,3,37,33,1
2026-08-16 23:30:00+00:00,BikePoints_487,"Canton Street, Poplar",51.511811,-0.025626,8,1,7,23,14,1
2026-08-16 23:30:00+00:00,BikePoints_488,"Reardon Street, Wapping",51.506946,-0.058681,3,1,2,22,14,5
2026-08-16 23:30:00+00:00,BikePoints_489,"Christian Street, Whitechapel",51.513074,-0.064094,20,7,13,34,14,0
2026-08-16 23:30:00+00:00,BikePoints_490,"Pennington Street, Wapping",51.508622,-0.065006,9,4,5,45,34,2
2026-08-16 23:30:00+00:00,BikePoints_491,"Queen Mary's, Mile End",51.522507,-0.041378,8,0,8,45,32,5
2026-08-16 23:30:00+00:00,BikePoints_494,"South Quay East, Canary Wharf",51.50196,-0.016251,14,2,12,36,22,0
2026-08-16 23:30:00+00:00,BikePoints_495,"Bow Church Station, Bow",51.528169,-0.018703,25,6,19,39,13,1
2026-08-16 23:30:00+00:00,BikePoints_496,"Devons Road, Bow",51.52512,-0.015578,30,4,26,39,4,5
2026-08-16 23:30:00+00:00,BikePoints_497,"Merchant Street, Bow",51.526578,-0.027581,25,5,20,27,1,1
2026-08-16 23:30:00+00:00,BikePoints_498,"Bow Road Station, Bow",51.527058,-0.025296,9,4,5,42,32,1
2026-08-16 23:30:00+00:00,BikePoints_499,"Furze Green, Bow",51.519265,-0.021345,20,3,17,36,13,3
2026-08-16 23:30:00+00:00,BikePoints_500,"Ansell House, Stepney",51.520019,-0.05438,1,0,1,41,38,2
2026-08-16 23:30:00+00:00,BikePoints_501,"Cephas Street, Bethnal Green",51.522561,-0.054883,10,1,9,24,11,3
2026-08-16 23:30:00+00:00,BikePoints_502,"Bonner Gate, Victoria Park",51.53341,-0.049591,2,0,2,21,15,4
2026-08-16 23:30:00+00:00,BikePoints_503,"Cleveland Way, Stepney",51.520893,-0.051394,2,1,1,36,33,1
2026-08-16 23:30:00+00:00,BikePoints_504,"St. John's Park, Cubitt Town",51.496454,-0.009506,7,0,7,30,21,2
2026-08-16 23:30:00+00:00,BikePoints_505,"Ackroyd Drive, Bow",51.520398,-0.026768,24,6,18,29,0,5
2026-08-16 23:30:00+00:00,BikePoints_506,"Bell Lane, Liverpool Street",51.517475,-0.075855,1,0,1,23,21,1
2026-08-16 23:30:00+00:00,BikePoints_507,"Clarkson Street, Bethnal Green",51.528692,-0.059091,14,3,11,31,16,1
2026-08-16 23:30:00+00:00,BikePoints_508,"Fournier Street, Whitechapel",51.519362,-0.074431,1,1,0,18,15,2
2026-08-16 23:30:00+00:00,BikePoints_509,"Fore Street Avenue, Guildhall",51.517842,-0.090075,0,0,0,19,17,2
2026-08-16 23:30:00+00:00,BikePoints_510,"Westferry DLR, Limehouse",51.509303,-0.025996,17,1,16,41,22,2
2026-08-16 23:30:00+00:00,BikePoints_511,"Sutton Street, Shadwell",51.511066,-0.053558,28,4,24,33,2,3
2026-08-16 23:30:00+00:00,BikePoints_513,"Watney Market, Stepney",51.514222,-0.055656,10,2,8,51,40,1
2026-08-16 23:30:00+00:00,BikePoints_514,"Portman Square, Marylebone",51.516204,-0.155525,1,1,0,17,15,1
2026-08-16 23:30:00+00:00,BikePoints_515,"Russell Gardens, Olympia",51.500088,-0.211316,5,0,5,24,19,0
2026-08-16 23:30:00+00:00,BikePoints_516,"Chrisp Street Market, Poplar",51.5112,-0.014438,14,3,11,18,3,1
2026-08-16 23:30:00+00:00,BikePoints_517,"Ford Road, Old Ford",51.532513,-0.033085,9,0,9,18,6,3
2026-08-16 23:30:00+00:00,BikePoints_518,"Antill Road, Mile End",51.528224,-0.037471,9,1,8,30,20,1
2026-08-16 23:30:00+00:00,BikePoints_519,"Teviot Street, Poplar",51.518811,-0.011662,32,1,31,33,0,1
2026-08-16 23:30:00+00:00,BikePoints_520,"Bancroft Road, Bethnal Green",51.526041,-0.047218,19,5,14,21,0,2
2026-08-16 23:30:00+00:00,BikePoints_521,"Driffield Road, Old Ford",51.534137,-0.037366,18,0,18,19,0,1
2026-08-16 23:30:00+00:00,BikePoints_522,"Clinton Road, Mile End",51.525941,-0.036017,17,3,14,36,18,1
2026-08-16 23:30:00+00:00,BikePoints_523,"Langdon Park, Poplar",51.51549,-0.013475,16,1,15,24,7,1
2026-08-16 23:30:00+00:00,BikePoints_524,"Lancaster Gate , Bayswater",51.511654,-0.179668,25,0,25,38,12,1
2026-08-16 23:30:00+00:00,BikePoints_525,"Blythe Road, Olympia",51.496927,-0.2135,6,1,5,24,17,1
2026-08-16 23:30:00+00:00,BikePoints_526,"Lancaster Drive, Blackwall",51.503143,-0.008428,13,2,11,27,13,1
2026-08-16 23:30:00+00:00,BikePoints_527,"Hansard Mews, Holland Park",51.503802,-0.215808,12,5,7,20,8,0
2026-08-16 23:30:00+00:00,BikePoints_528,"Clarges Street, Mayfair",51.507326,-0.145827,0,0,0,16,16,0
2026-08-16 23:30:00+00:00,BikePoints_529,"Manresa Road, Chelsea",51.486892,-0.170983,3,0,3,18,13,2
2026-08-16 23:30:00+00:00,BikePoints_530,"Newby Place, Poplar",51.508896,-0.012413,17,2,15,18,0,1
2026-08-16 23:30:00+00:00,BikePoints_531,"Twig Folly Bridge, Mile End",51.530326,-0.042744,7,2,5,21,14,0
2026-08-16 23:30:00+00:00,BikePoints_532,"Jubilee Plaza, Canary Wharf",51.5034,-0.020242,0,0,0,63,59,4
2026-08-16 23:30:00+00:00,BikePoints_533,"Wellington Row, Bethnal Green",51.528222,-0.069743,23,4,19,33,8,2
2026-08-16 23:30:00+00:00,BikePoints_534,"Goldsmith's Row, Haggerston",51.531864,-0.066035,24,3,21,27,0,3
2026-08-16 23:30:00+00:00,BikePoints_536,"Queensbridge Road, Haggerston",51.53385,-0.06992,11,0,11,35,21,3
2026-08-16 23:30:00+00:00,BikePoints_537,"Old Montague Street, Whitechapel",51.51793,-0.067937,13,5,8,18,5,0
2026-08-16 23:30:00+00:00,BikePoints_538,"Naval Row, Blackwall",51.508981,-0.00699,19,4,15,21,1,1
2026-08-16 23:30:00+00:00,BikePoints_539,"Hoxton Station, Hoxton",51.531091,-0.075901,5,1,4,22,17,0
2026-08-16 23:30:00+00:00,BikePoints_541,"Green Park Station, Mayfair",51.506613,-0.142844,0,0,0,28,24,4
2026-08-16 23:30:00+00:00,BikePoints_542,"Salmon Lane, Limehouse",51.514115,-0.033828,12,6,6,33,20,1
2026-08-16 23:30:00+00:00,BikePoints_543,"Lansdowne Walk, Ladbroke Grove",51.509591,-0.204666,12,2,10,21,8,1
2026-08-16 23:30:00+00:00,BikePoints_544,"Percival Street, Finsbury",51.526153,-0.102208,2,0,2,22,18,2
2026-08-16 23:30:00+00:00,BikePoints_545,"Arlington Road, Camden Town",51.539957,-0.145246,14,0,14,24,9,1
2026-08-16 23:30:00+00:00,BikePoints_546,"New Fetter Lane, Holborn",51.517428,-0.107987,0,0,0,21,20,1
2026-08-16 23:30:00+00:00,BikePoints_547,"East India DLR, Blackwall",51.509474,-0.002275,24,7,17,51,22,5
2026-08-16 23:30:00+00:00,BikePoints_548,"Westminster Bridge Road, Elephant & Castle",51.498386,-0.107913,14,0,14,26,11,1
2026-08-16 23:30:00+00:00,BikePoints_549,"Gaywood  Street, Elephant & Castle",51.49605,-0.104193,5,0,5,45,38,2
2026-08-16 23:30:00+00:00,BikePoints_550,"Harford Street, Mile End",51.521564,-0.039264,23,0,23,23,0,0
2026-08-16 23:30:00+00:00,BikePoints_551,"Import Dock, Canary Wharf",51.505772,-0.01646,14,1,13,39,20,5
2026-08-16 23:30:00+00:00,BikePoints_552,"Watney Street, Shadwell",51.511542,-0.056667,5,0,5,27,22,0
2026-08-16 23:30:00+00:00,BikePoints_553,"Regent's Row , Haggerston",51.535678,-0.062546,6,2,4,24,16,2
2026-08-16 23:30:00+00:00,BikePoints_554,"Aberfeldy Street, Poplar",51.513548,-0.005659,11,2,9,16,0,5
2026-08-16 23:30:00+00:00,BikePoints_556,"Heron Quays DLR, Canary Wharf",51.502661,-0.021596,0,0,0,27,25,2
2026-08-16 23:30:00+00:00,BikePoints_557,"King Edward Street, St Pauls",51.51601,-0.0985,1,0,1,20,19,0
2026-08-16 23:30:00+00:00,BikePoints_558,"Page Street, Westminster",51.493978,-0.127554,8,5,3,24,14,2
2026-08-16 23:30:00+00:00,BikePoints_559,"Abbotsbury Road, Holland Park",51.501391,-0.205991,7,0,7,24,17,0
2026-08-16 23:30:00+00:00,BikePoints_560,"Ladbroke Grove Central, Ladbroke Grove",51.511624,-0.205921,6,1,5,21,14,1
2026-08-16 23:30:00+00:00,BikePoints_561,"Rectory Square, Stepney",51.518369,-0.043371,6,1,5,22,15,1
2026-08-16 23:30:00+00:00,BikePoints_562,"Bury Place, Holborn",51.51742,-0.123189,1,1,0,21,20,0
2026-08-16 23:30:00+00:00,BikePoints_563,"Preston's Road, Cubitt Town",51.499286,-0.009152,13,0,13,26,9,4
2026-08-16 23:30:00+00:00,BikePoints_564,"Somerset House, Strand",51.509943,-0.117619,1,1,0,41,39,1
2026-08-16 23:30:00+00:00,BikePoints_565,"Selby Street, Whitechapel",51.521905,-0.063386,6,2,4,17,9,2
2026-08-16 23:30:00+00:00,BikePoints_568,"Bishop's Bridge Road West, Bayswater",51.51616,-0.18697,4,0,4,18,10,4
2026-08-16 23:30:00+00:00,BikePoints_569,"Pitfield Street Central, Hoxton",51.53213,-0.08299,3,0,3,30,23,4
2026-08-16 23:30:00+00:00,BikePoints_570,"Upper Bank Street, Canary Wharf",51.503083,-0.017676,8,0,8,36,23,5
2026-08-16 23:30:00+00:00,BikePoints_571,"Westfield Southern Terrace ,Shepherd's Bush",51.506256,-0.218337,8,0,8,29,19,2
2026-08-16 23:30:00+00:00,BikePoints_572,"Greenland Road, Camden Town",51.539099,-0.141728,34,4,30,36,1,1
2026-08-16 23:30:00+00:00,BikePoints_573,"Limerston Street, West Chelsea",51.485587,-0.18119,2,2,0,18,15,1
2026-08-16 23:30:00+00:00,BikePoints_574,"Eagle Wharf Road, Hoxton",51.53356,-0.09315,18,4,14,45,22,5
2026-08-16 23:30:00+00:00,BikePoints_576,"Alpha Grove, Millwall",51.497304,-0.022793,18,7,11,23,0,5
2026-08-16 23:30:00+00:00,BikePoints_577,"Globe Town Market, Bethnal Green",51.528869,-0.047548,19,3,16,20,0,1
2026-08-16 23:30:00+00:00,BikePoints_578,"Hollybush Gardens, Bethnal Green",51.527607,-0.057133,25,1,24,32,7,0
2026-08-16 23:30:00+00:00,BikePoints_579,"Queen Street 2, Bank",51.511246,-0.093051,3,0,3,36,32,1
2026-08-16 23:30:00+00:00,BikePoints_580,"Doddington Grove, Kennington",51.486929,-0.102996,28,8,20,36,7,1
2026-08-16 23:30:00+00:00,BikePoints_581,"New Cavendish Street, Marylebone",51.519167,-0.147983,4,1,3,18,12,2
2026-08-16 23:30:00+00:00,BikePoints_583,"Abingdon Green, Westminster",51.49764,-0.125972,0,0,0,20,20,0
2026-08-16 23:30:00+00:00,BikePoints_584,"Ilchester Gardens, Bayswater",51.51244,-0.19096,13,4,9,21,8,0
2026-08-16 23:30:00+00:00,BikePoints_586,"Mudchute DLR, Cubitt Town",51.490645,-0.014582,17,3,14,31,13,1
2026-08-16 23:30:00+00:00,BikePoints_587,"Monument Street, Monument",51.50964,-0.08497,3,0,3,22,18,1
2026-08-16 23:30:00+00:00,BikePoints_589,"Drayton Gardens, West Chelsea",51.487196,-0.179369,4,0,4,18,14,0
2026-08-16 23:30:00+00:00,BikePoints_590,"Greenberry Street, St.John's Wood",51.53256,-0.16862,20,2,18,26,6,0
2026-08-16 23:30:00+00:00,BikePoints_591,"Westfield Library Corner, Shepherd's Bush",51.506093,-0.224223,19,4,15,27,8,0
2026-08-16 23:30:00+00:00,BikePoints_592,"Bishop's Bridge Road East, Bayswater",51.5171,-0.18377,2,1,1,20,18,0
2026-08-16 23:30:00+00:00,BikePoints_593,"Northdown Street, King's Cross",51.531066,-0.11934,9,1,8,21,8,4
2026-08-16 23:30:00+00:00,BikePoints_594,"Kingsway Southbound, Strand",51.513875,-0.117774,0,0,0,33,32,1
2026-08-16 23:30:00+00:00,BikePoints_595,"Hammersmith Road, Hammersmith",51.493267,-0.21985,1,0,1,22,20,1
2026-08-16 23:30:00+00:00,BikePoints_596,"Parson's Green , Parson's Green",51.472817,-0.199783,9,1,8,21,12,0
2026-08-16 23:30:00+00:00,BikePoints_597,"Fulham Park Road, Fulham",51.473471,-0.20782,5,1,4,27,22,0
2026-08-16 23:30:00+00:00,BikePoints_598,"Southerton Road, Hammersmith",51.494499,-0.228188,21,2,19,38,15,2
2026-08-16 23:30:00+00:00,BikePoints_599,"Manbre Road, Hammersmith",51.485743,-0.223616,10,0,10,28,18,0
2026-08-16 23:30:00+00:00,BikePoints_600,"South Lambeth Road, Vauxhall",51.481747,-0.124642,16,4,12,21,0,5
2026-08-16 23:30:00+00:00,BikePoints_602,"Union Grove, Wandsworth Road",51.472993,-0.133972,31,1,30,45,13,1
2026-08-16 23:30:00+00:00,BikePoints_603,"Caldwell Street, Stockwell",51.477839,-0.116493,25,0,25,44,19,0
2026-08-16 23:30:00+00:00,BikePoints_604,"St Martins Close, Camden Town",51.538792,-0.138535,17,8,9,18,0,1
2026-08-16 23:30:00+00:00,BikePoints_605,"Seymour Place, Marylebone",51.520331,-0.163667,2,0,2,29,25,2
2026-08-16 23:30:00+00:00,BikePoints_606,"Addison Road, Holland Park",51.504199,-0.210941,4,0,4,26,21,1
2026-08-16 23:30:00+00:00,BikePoints_607,"Putney Bridge Station, Fulham",51.468814,-0.210279,9,1,8,21,12,0
2026-08-16 23:30:00+00:00,BikePoints_608,"Colet Gardens, Hammersmith",51.491093,-0.216493,4,1,3,30,26,0
2026-08-16 23:30:00+00:00,BikePoints_609,"Sugden Road, Clapham",51.465123,-0.157788,15,7,8,19,1,3
2026-08-16 23:30:00+00:00,BikePoints_610,"Danvers Street, West Chelsea",51.482567,-0.172078,5,1,4,21,14,2
2026-08-16 23:30:00+00:00,BikePoints_611,"Princedale Road , Holland Park",51.506465,-0.208486,11,2,9,20,5,4
2026-08-16 23:30:00+00:00,BikePoints_612,"Wandsworth Rd, Isley Court, Wandsworth Road",51.469259,-0.141812,24,3,21,30,6,0
2026-08-16 23:30:00+00:00,BikePoints_613,"Woodstock Grove, Shepherd's Bush",51.504038,-0.2174,1,1,0,24,21,2
2026-08-16 23:30:00+00:00,BikePoints_615,"Finlay Street, Fulham",51.476885,-0.215895,17,1,16,24,7,0
2026-08-16 23:30:00+00:00,BikePoints_616,"Aintree Street, Fulham",51.481021,-0.209973,14,6,8,24,8,2
2026-08-16 23:30:00+00:00,BikePoints_617,"Elysium Place, Fulham",51.471079,-0.207842,15,3,12,21,6,0
2026-08-16 23:30:00+00:00,BikePoints_618,"Eel Brook Common, Walham Green",51.476259,-0.193254,23,1,22,24,1,0
2026-08-16 23:30:00+00:00,BikePoints_619,"Irene Road, Parsons Green",51.473763,-0.19701,17,0,17,23,6,0
2026-08-16 23:30:00+00:00,BikePoints_620,"Surrey Lane, Battersea",51.47518,-0.16716,25,4,21,26,0,1
2026-08-16 23:30:00+00:00,BikePoints_621,"Wandsworth Town Station, Wandsworth",51.460864,-0.187427,30,1,29,33,0,3
2026-08-16 23:30:00+00:00,BikePoints_622,"Lansdowne Road, Ladbroke Grove",51.507481,-0.205535,19,3,16,29,10,0
2026-08-16 23:30:00+00:00,BikePoints_623,"Nantes Close, Wandsworth",51.46193,-0.180791,17,0,17,22,4,1
2026-08-16 23:30:00+00:00,BikePoints_624,"Courland Grove, Wandsworth Road",51.472918,-0.132102,37,1,36,40,0,3
2026-08-16 23:30:00+00:00,BikePoints_625,"Queen's Circus, Battersea Park",51.477619,-0.149551,23,3,20,28,5,0
2026-08-16 23:30:00+00:00,BikePoints_626,"Normand Park, West Kensington",51.484386,-0.204815,19,1,18,24,5,0
2026-08-16 23:30:00+00:00,BikePoints_627,"Holden Street, Battersea",51.46879,-0.15823,18,1,17,20,1,1
2026-08-16 23:30:00+00:00,BikePoints_628,"William Morris Way, Sands End",51.468819,-0.184318,24,1,23,26,2,0
2026-08-16 23:30:00+00:00,BikePoints_629,"Morie Street, Wandsworth",51.459953,-0.190184,25,2,23,28,1,2
2026-08-16 23:30:00+00:00,BikePoints_630,"Clarence Walk, Stockwell",51.470732,-0.126994,27,1,26,28,1,0
2026-08-16 23:30:00+00:00,BikePoints_631,"Battersea Park Road, Nine Elms",51.479501,-0.14177,1,1,0,27,21,5
2026-08-16 23:30:00+00:00,BikePoints_632,"Sheepcote Lane, Battersea",51.470538,-0.163041,26,0,26,28,1,1
2026-08-16 23:30:00+00:00,BikePoints_633,"Vereker Road, West Kensington",51.489591,-0.209378,7,1,6,32,24,1
2026-08-16 23:30:00+00:00,BikePoints_634,"Brook Green South, Brook Green",51.494347,-0.215804,2,0,2,33,30,1
2026-08-16 23:30:00+00:00,BikePoints_635,"Greyhound Road, Hammersmith",51.486062,-0.214428,23,5,18,37,13,1
2026-08-16 23:30:00+00:00,BikePoints_636,"South Park, Sands End",51.467064,-0.193502,23,2,21,28,4,1
2026-08-16 23:30:00+00:00,BikePoints_638,"Falcon Road, Clapham Junction",51.466633,-0.169821,19,2,17,28,7,2
2026-08-16 23:30:00+00:00,BikePoints_640,"Silverthorne Road, Battersea",51.472865,-0.148059,16,0,16,28,10,2
2026-08-16 23:30:00+00:00,BikePoints_641,"Archbishop's Park, Waterloo",51.498241,-0.117495,9,0,9,23,14,0
2026-08-16 23:30:00+00:00,BikePoints_642,"Fawcett Close, Battersea",51.469161,-0.174485,16,2,14,30,11,3
2026-08-16 23:30:00+00:00,BikePoints_643,"All Saints' Road, Portobello",51.519042,-0.204764,4,4,0,22,18,0
2026-08-16 23:30:00+00:00,BikePoints_644,"Rainville Road, Hammersmith",51.483732,-0.223852,3,0,3,36,31,2
2026-08-16 23:30:00+00:00,BikePoints_645,"Great Suffolk Street, The Borough",51.501732,-0.100292,4,2,2,21,14,3
2026-08-16 23:30:00+00:00,BikePoints_646,"Buckingham Gate, Westminster",51.498865,-0.137424,2,2,0,16,10,4
2026-08-16 23:30:00+00:00,BikePoints_647,"Richmond Way, Shepherd's Bush",51.500353,-0.217515,8,0,8,27,19,0
2026-08-16 23:30:00+00:00,BikePoints_648,"Peterborough Road, Sands End",51.46904,-0.196274,12,1,11,20,8,0
2026-08-16 23:30:00+00:00,BikePoints_649,"World's End Place, West Chelsea",51.481805,-0.180274,5,0,5,22,16,1
2026-08-16 23:30:00+00:00,BikePoints_650,"St. Mark's Road, North Kensington",51.51687,-0.213872,12,6,6,21,9,0
2026-08-16 23:30:00+00:00,BikePoints_651,"Thorndike Close, West Chelsea",51.480898,-0.183853,7,3,4,25,18,0
2026-08-16 23:30:00+00:00,BikePoints_652,"Evesham Street, Avondale",51.511486,-0.21819,7,1,6,20,13,0
2026-08-16 23:30:00+00:00,BikePoints_653,"Simpson Street, Clapham Junction",51.470847,-0.170703,24,3,21,25,1,0
2026-08-16 23:30:00+00:00,BikePoints_654,"Ashmole Estate, Oval",51.482678,-0.117661,20,1,19,34,13,1
2026-08-16 23:30:00+00:00,BikePoints_655,"Crabtree Lane, Fulham",51.482944,-0.219346,22,2,20,27,4,1
2026-08-16 23:30:00+00:00,BikePoints_656,"Broomhouse Lane, Parsons Green",51.468418,-0.199135,21,1,20,29,8,0
2026-08-16 23:30:00+00:00,BikePoints_657,"Blythe Road West, Shepherd's Bush",51.49968,-0.221791,4,0,4,21,17,0
2026-08-16 23:30:00+00:00,BikePoints_658,"Ethelburga Estate, Battersea Park",51.477292,-0.164786,19,5,14,30,9,2
2026-08-16 23:30:00+00:00,BikePoints_659,"Blackfriars Station, St. Paul's",51.511934,-0.103078,6,0,6,35,27,2
2026-08-16 23:30:00+00:00,BikePoints_660,"West Kensington Station, West Kensington",51.49087,-0.206029,14,3,11,22,7,1
2026-08-16 23:30:00+00:00,BikePoints_661,"All Saints Church, Portobello",51.51632,-0.202608,8,2,6,37,28,1
2026-08-16 23:30:00+00:00,BikePoints_662,"Phene Street, Chelsea",51.484984,-0.167919,3,1,2,24,20,1
2026-08-16 23:30:00+00:00,BikePoints_663,"Clarendon Road, Avondale",51.51323,-0.211593,5,2,3,24,17,2
2026-08-16 23:30:00+00:00,BikePoints_664,"Austin Road, Battersea Park",51.474376,-0.155442,19,0,19,24,4,1
2026-08-16 23:30:00+00:00,BikePoints_665,"Smugglers Way, Wandsworth",51.461083,-0.191722,26,2,24,27,1,0
2026-08-16 23:30:00+00:00,BikePoints_666,"Harris Academy, Bermondsey",51.492668,-0.07235,14,3,11,18,2,2
2026-08-16 23:30:00+00:00,BikePoints_667,"Shepherd's Bush Road North, Shepherd's Bush",51.501594,-0.222293,30,1,29,34,0,4
2026-08-16 23:30:00+00:00,BikePoints_668,"Ravenscourt Park Station, Hammersmith",51.494223,-0.236769,12,3,9,26,11,3
2026-08-16 23:30:00+00:00,BikePoints_669,"Teversham Lane, Stockwell",51.476149,-0.123258,26,5,21,39,12,1
2026-08-16 23:30:00+00:00,BikePoints_670,"Ashley Crescent, Battersea",51.467185,-0.152248,23,7,16,28,2,3
2026-08-16 23:30:00+00:00,BikePoints_671,"Parsons Green Station, Parsons Green",51.475089,-0.201968,33,3,30,56,21,2
2026-08-16 23:30:00+00:00,BikePoints_672,"Chicheley Street, South Bank",51.502698,-0.116747,11,4,7,24,12,1
2026-08-16 23:30:00+00:00,BikePoints_673,"Hibbert Street, Battersea",51.46517,-0.180389,32,1,31,36,4,0
2026-08-16 23:30:00+00:00,BikePoints_674,"Carnegie Street, King's Cross",51.535467,-0.116191,14,2,12,40,24,2
2026-08-16 23:30:00+00:00,BikePoints_675,"Usk Road, Clapham Junction",51.463489,-0.182126,22,0,22,30,6,2
2026-08-16 23:30:00+00:00,BikePoints_676,"Hartington Road, Stockwell",51.47787,-0.126874,30,2,28,35,5,0
2026-08-16 23:30:00+00:00,BikePoints_677,"Heath Road, Battersea",51.468669,-0.146544,23,2,21,27,4,0
2026-08-16 23:30:00+00:00,BikePoints_678,"Esmond Street, Putney",51.462312,-0.211468,29,7,22,30,1,0
2026-08-16 23:30:00+00:00,BikePoints_679,"Orbel Street, Battersea",51.474535,-0.17021,20,2,18,26,6,0
2026-08-16 23:30:00+00:00,BikePoints_680,"Westbridge Road, Battersea",51.477684,-0.170329,24,3,21,28,1,3
2026-08-16 23:30:00+00:00,BikePoints_681,"Bishop's Avenue, Fulham",51.473036,-0.214749,23,1,22,46,21,2
2026-08-16 23:30:00+00:00,BikePoints_682,"Crisp Road, Hammersmith",51.488108,-0.226606,24,0,24,46,21,1
2026-08-16 23:30:00+00:00,BikePoints_683,"Dorothy Road, Clapham Junction",51.465064,-0.16375,14,1,13,28,13,1
2026-08-16 23:30:00+00:00,BikePoints_684,"Neville Gill Close, Wandsworth",51.454752,-0.195197,30,1,29,32,0,2
2026-08-16 23:30:00+00:00,BikePoints_685,"Osiers Road, Wandsworth",51.46067,-0.198735,14,3,11,30,14,2
2026-08-16 23:30:00+00:00,BikePoints_686,"Beryl Road, Hammersmith",51.488144,-0.222456,8,0,8,26,18,0
2026-08-16 23:30:00+00:00,BikePoints_687,"Clements Road, Bermondsey",51.4954,-0.061698,9,1,8,23,11,3
2026-08-16 23:30:00+00:00,BikePoints_688,"Northfields, Wandsworth",51.460951,-0.200667,22,1,21,28,6,0
2026-08-16 23:30:00+00:00,BikePoints_689,"Spanish Road, Clapham Junction",51.459225,-0.180884,17,3,14,30,13,0
2026-08-16 23:30:00+00:00,BikePoints_690,"Stanley Grove, Battersea",51.470475,-0.15213,21,2,19,24,2,1
2026-08-16 23:30:00+00:00,BikePoints_691,"Erin Close, Walham Green",51.479463,-0.195777,16,1,15,24,8,0
2026-08-16 23:30:00+00:00,BikePoints_692,"Cadogan Close, Victoria Park",51.542118,-0.028941,13,3,10,22,6,3
2026-08-16 23:30:00+00:00,BikePoints_693,"Felsham Road, Putney",51.464786,-0.215618,16,1,15,18,1,1
2026-08-16 23:30:00+00:00,BikePoints_694,"Putney Rail Station, Putney",51.460717,-0.216526,18,7,11,20,1,1
2026-08-16 23:30:00+00:00,BikePoints_695,"Islington Green, Angel",51.536384,-0.102757,10,2,8,21,8,3
2026-08-16 23:30:00+00:00,BikePoints_696,"Charing Cross Hospital, Hammersmith",51.487285,-0.217995,18,2,16,21,3,0
2026-08-16 23:30:00+00:00,BikePoints_697,"Charlotte Terrace, Angel",51.536392,-0.112721,15,7,8,25,8,2
2026-08-16 23:30:00+00:00,BikePoints_698,"Shoreditch Court, Haggerston",51.539083,-0.070329,21,8,13,35,13,1
2026-08-16 23:30:00+00:00,BikePoints_699,"Belford House, Haggerston",51.536654,-0.07023,15,2,13,39,24,0
2026-08-16 23:30:00+00:00,BikePoints_700,"Battersea Church Road, Battersea",51.476964,-0.174347,19,8,11,25,4,2
2026-08-16 23:30:00+00:00,BikePoints_701,"Vicarage Crescent, Battersea",51.472876,-0.176267,20,3,17,30,10,0
2026-08-16 23:30:00+00:00,BikePoints_702,"Durant Street, Bethnal Green",51.528681,-0.06555,14,2,12,24,10,0
2026-08-16 23:30:00+00:00,BikePoints_703,"St. Bride Street, Holborn",51.514665,-0.104583,2,1,1,24,19,3
2026-08-16 23:30:00+00:00,BikePoints_704,"Mexfield Road, East Putney",51.45682,-0.202802,5,5,0,18,11,2
2026-08-16 23:30:00+00:00,BikePoints_705,"Upper Richmond Road, Putney",51.459715,-0.212145,23,6,17,25,0,2
2026-08-16 23:30:00+00:00,BikePoints_706,"Snowsfields, London Bridge",51.502153,-0.083632,1,0,1,31,28,2
2026-08-16 23:30:00+00:00,BikePoints_707,"Barons Court Station, West Kensington",51.490217,-0.215087,26,0,26,32,5,1
2026-08-16 23:30:00+00:00,BikePoints_708,"Disraeli Road, Putney",51.46161,-0.216145,29,0,29,33,3,1
2026-08-16 23:30:00+00:00,BikePoints_709,"Montserrat Road , Putney",51.463211,-0.21555,23,0,23,23,0,0
2026-08-16 23:30:00+00:00,BikePoints_710,"Albert Bridge Road, Battersea Park",51.474392,-0.163347,18,1,17,20,0,2
2026-08-16 23:30:00+00:00,BikePoints_711,"Everington Street, Fulham",51.483356,-0.216305,9,4,5,31,21,1
2026-08-16 23:30:00+00:00,BikePoints_712,"Mile End Stadium, Mile End",51.518541,-0.034903,17,0,17,22,5,0
2026-08-16 23:30:00+00:00,BikePoints_713,"Hawley Crescent, Camden Town",51.541007,-0.14326,19,4,15,22,2,1
2026-08-16 23:30:00+00:00,BikePoints_714,"Stewart's Road, Wandsworth Road",51.473116,-0.137235,23,0,23,28,5,0
2026-08-16 23:30:00+00:00,BikePoints_715,"Aylward Street, Stepney",51.51563,-0.049067,12,2,10,22,9,1
2026-08-16 23:30:00+00:00,BikePoints_716,"Stainsby Road , Poplar",51.515427,-0.023565,12,2,10,24,11,1
2026-08-16 23:30:00+00:00,BikePoints_717,"Dunston Road , Haggerston",51.536585,-0.075885,34,8,26,43,9,0
2026-08-16 23:30:00+00:00,BikePoints_718,"Ada Street, Hackney Central",51.535716,-0.060291,31,5,26,45,14,0
2026-08-16 23:30:00+00:00,BikePoints_719,"Victoria Park Road, Hackney Central",51.536424,-0.054162,9,3,6,34,25,0
2026-08-16 23:30:00+00:00,BikePoints_720,"Star Road, West Kensington",51.487244,-0.205279,17,3,14,23,4,2
2026-08-16 23:30:00+00:00,BikePoints_721,"Wendon Street, Old Ford",51.536039,-0.026262,11,3,8,18,4,3
2026-08-16 23:30:00+00:00,BikePoints_722,"Finnis Street, Bethnal Green",51.524583,-0.058631,5,2,3,19,14,0
2026-08-16 23:30:00+00:00,BikePoints_723,"Stephendale Road, Sands End",51.46822,-0.190346,46,1,45,48,0,2
2026-08-16 23:30:00+00:00,BikePoints_724,"Alma Road, Wandsworth",51.457991,-0.184806,21,6,15,28,6,1
2026-08-16 23:30:00+00:00,BikePoints_725,"Walworth Square, Walworth",51.491327,-0.096518,23,2,21,24,0,1
2026-08-16 23:30:00+00:00,BikePoints_726,"Alfreda Street, Battersea Park",51.47505,-0.150908,19,2,17,22,2,1
2026-08-16 23:30:00+00:00,BikePoints_727,"Chesilton Road, Fulham",51.475698,-0.205876,15,5,10,23,7,1
2026-08-16 23:30:00+00:00,BikePoints_728,"Putney Bridge Road, East Putney",51.461999,-0.20624,28,6,22,29,0,1
2026-08-16 23:30:00+00:00,BikePoints_729,"St. Peter's Terrace, Fulham",51.478939,-0.208485,18,2,16,24,5,1
2026-08-16 23:30:00+00:00,BikePoints_730,"Bridge Avenue, Hammersmith",51.492084,-0.229116,12,1,11,18,6,0
2026-08-16 23:30:00+00:00,BikePoints_731,"Michael Road, Walham Green",51.477276,-0.18921,13,0,13,37,22,2
2026-08-16 23:30:00+00:00,BikePoints_732,"Duke Street Hill, London Bridge",51.506304,-0.087262,1,0,1,21,14,6
2026-08-16 23:30:00+00:00,BikePoints_733,"Park Lane, Mayfair",51.505426,-0.150817,0,0,0,18,17,1
2026-08-16 23:30:00+00:00,BikePoints_734,"Plough Terrace, Clapham Junction",51.462305,-0.175407,26,1,25,31,4,1
2026-08-16 23:30:00+00:00,BikePoints_735,"Grant Road East, Clapham Junction",51.464894,-0.173029,15,0,15,28,10,3
2026-08-16 23:30:00+00:00,BikePoints_736,"Queensdale Road, Shepherd's Bush",51.50659,-0.216104,7,1,6,28,21,0
2026-08-16 23:30:00+00:00,BikePoints_737,"Fulham Broadway, Walham Green",51.479932,-0.194116,10,3,7,26,15,1
2026-08-16 23:30:00+00:00,BikePoints_738,"Imperial Road, Sands End",51.475142,-0.187278,17,2,15,37,20,0
2026-08-16 23:30:00+00:00,BikePoints_739,"Hortensia Road, West Brompton",51.481765,-0.185273,13,2,11,28,15,0
2026-08-16 23:30:00+00:00,BikePoints_740,"Sirdar Road, Avondale",51.510928,-0.214594,8,1,7,20,12,0
2026-08-16 23:30:00+00:00,BikePoints_741,"Freston Road, Avondale",51.512981,-0.219486,15,0,15,23,5,3
2026-08-16 23:30:00+00:00,BikePoints_742,"Blenheim Crescent, Ladbroke Grove",51.515108,-0.208565,5,2,3,22,16,1
2026-08-16 23:30:00+00:00,BikePoints_743,"Oxford Road, Putney",51.460792,-0.212607,18,6,12,20,0,2
2026-08-16 23:30:00+00:00,BikePoints_744,"Ingrave Street, Clapham Junction",51.467454,-0.172293,29,2,27,30,1,0
2026-08-16 23:30:00+00:00,BikePoints_745,"Upcerne Road, West Chelsea",51.478169,-0.182435,7,3,4,29,20,2
2026-08-16 23:30:00+00:00,BikePoints_746,"Lots Road, West Chelsea",51.479573,-0.179038,11,1,10,24,13,0
2026-08-16 23:30:00+00:00,BikePoints_747,"Ormonde Gate, Chelsea",51.487964,-0.161765,18,4,14,24,5,1
2026-08-16 23:30:00+00:00,BikePoints_748,"Hertford Road, De Beauvoir Town",51.537277,-0.079201,23,0,23,25,0,2
2026-08-16 23:30:00+00:00,BikePoints_749,"Haggerston Road, Haggerston",51.539328,-0.074284,25,4,21,37,10,2
2026-08-16 23:30:00+00:00,BikePoints_750,"Culvert Road, Battersea",51.471095,-0.15785,18,2,16,27,9,0
2026-08-16 23:30:00+00:00,BikePoints_751,"Newton Street, Covent Garden",51.516128,-0.120909,0,0,0,24,24,0
2026-08-16 23:30:00+00:00,BikePoints_752,"London Street, Paddington",51.515117,-0.173712,3,0,3,19,16,0
2026-08-16 23:30:00+00:00,BikePoints_753,"Clapham South, Clapham South",51.452997,-0.148651,19,4,15,28,9,0
2026-08-16 23:30:00+00:00,BikePoints_754,"Grenfell Road, Avondale",51.5129,-0.214762,7,2,5,24,16,1
2026-08-16 23:30:00+00:00,BikePoints_755,"The Vale, Chelsea",51.485121,-0.174971,3,2,1,24,21,0
2026-08-16 23:30:00+00:00,BikePoints_756,"Prince of Wales Drive, Battersea Park",51.475153,-0.159169,19,3,16,21,0,2
2026-08-16 23:30:00+00:00,BikePoints_757,"Harcourt Terrace, West Brompton",51.487958,-0.187404,22,3,19,24,0,2
2026-08-16 23:30:00+00:00,BikePoints_758,"Westbourne Park Road, Portobello",51.51787,-0.201005,12,2,10,23,11,0
2026-08-16 23:30:00+00:00,BikePoints_759,"Broadley Terrace, Marylebone",51.524561,-0.165668,3,2,1,18,15,0
2026-08-16 23:30:00+00:00,BikePoints_760,"Elgin Avenue, Maida Hill",51.524309,-0.201234,13,6,7,18,4,1
2026-08-16 23:30:00+00:00,BikePoints_761,"Humbolt Road, Fulham",51.483217,-0.21186,26,1,25,26,0,0
2026-08-16 23:30:00+00:00,BikePoints_762,"Storey's Gate, Westminster",51.500703,-0.129698,1,1,0,21,18,2
2026-08-16 23:30:00+00:00,BikePoints_763,"Mile End Park Leisure Centre, Mile End",51.520597,-0.032566,27,6,21,47,17,3
2026-08-16 23:30:00+00:00,BikePoints_764,"St. John's Road, Clapham Junction",51.462392,-0.168292,30,1,29,33,3,0
2026-08-16 23:30:00+00:00,BikePoints_765,"Ranelagh Gardens, Fulham",51.467601,-0.206827,24,4,20,29,2,3
2026-08-16 23:30:00+00:00,BikePoints_766,"Ram Street, Wandsworth",51.457529,-0.192165,17,1,16,25,6,2
2026-08-16 23:30:00+00:00,BikePoints_767,"Santos Road, Wandsworth",51.457059,-0.200806,25,0,25,30,5,0
2026-08-16 23:30:00+00:00,BikePoints_768,"Clapham Common North Side, Clapham Common",51.461343,-0.159322,23,3,20,37,14,0
2026-08-16 23:30:00+00:00,BikePoints_769,"Sandilands Road, Walham Green",51.473611,-0.191803,12,1,11,21,9,0
2026-08-16 23:30:00+00:00,BikePoints_770,"Gwendwr Road, West Kensington",51.491026,-0.209121,28,1,27,30,2,0
2026-08-16 23:30:00+00:00,BikePoints_771,"Rifle Place, Avondale",51.509224,-0.216016,15,1,14,21,6,0
2026-08-16 23:30:00+00:00,BikePoints_772,"Binfield Road, Stockwell",51.472509,-0.122831,34,4,30,35,0,1
2026-08-16 23:30:00+00:00,BikePoints_773,"Tallis Street, Temple",51.511891,-0.107349,0,0,0,24,22,2
2026-08-16 23:30:00+00:00,BikePoints_774,"Hurlingham Park, Parsons Green",51.470131,-0.20464,15,0,15,20,5,0
2026-08-16 23:30:00+00:00,BikePoints_775,"Little Brook Green, Brook Green",51.496664,-0.223868,16,0,16,33,16,1
2026-08-16 23:30:00+00:00,BikePoints_776,"Adeline Place, Bloomsbury",51.517632,-0.129985,1,1,0,22,21,0
2026-08-16 23:30:00+00:00,BikePoints_779,"Houndsditch, Aldgate",51.514449,-0.077178,2,2,0,28,25,1
2026-08-16 23:30:00+00:00,BikePoints_780,"Imperial Wharf Station, Sands End",51.474665,-0.183165,23,1,22,25,0,2
2026-08-16 23:30:00+00:00,BikePoints_782,"Halford Road, West Kensington",51.483911,-0.197609,20,1,19,24,4,0
2026-08-16 23:30:00+00:00,BikePoints_783,"Monier Road, Hackney Wick",51.540311,-0.02163,25,7,18,27,0,2
2026-08-16 23:30:00+00:00,BikePoints_784,"East Village, Queen Elizabeth Olympic Park",51.546326,-0.009935,11,4,7,34,23,0
2026-08-16 23:30:00+00:00,BikePoints_785,"Aquatic Centre, Queen Elizabeth Olympic Park",51.541482,-0.010437,8,0,8,30,16,6
2026-08-16 23:30:00+00:00,BikePoints_786,"Lee Valley VeloPark, Queen Elizabeth Olympic Park",51.549369,-0.015717,28,8,20,44,14,2
2026-08-16 23:30:00+00:00,BikePoints_787,"Timber Lodge, Queen Elizabeth Olympic Park",51.546805,-0.014691,16,1,15,35,15,4
2026-08-16 23:30:00+00:00,BikePoints_788,"Copper Box Arena, Queen Elizabeth Olympic Park",51.544909,-0.020542,11,2,9,31,15,5
2026-08-16 23:30:00+00:00,BikePoints_789,"Podium, Queen Elizabeth Olympic Park",51.538718,-0.011889,22,10,12,40,8,10
2026-08-16 23:30:00+00:00,BikePoints_790,"Stratford Station, Stratford",51.541793,-0.00481,16,0,16,28,7,5
2026-08-16 23:30:00+00:00,BikePoints_792,"Blackfriars Road, Southwark",51.505461,-0.10454,2,0,2,42,39,1
2026-08-16 23:30:00+00:00,BikePoints_793,"Cromer Street, Bloomsbury",51.528279,-0.119558,20,1,19,28,7,1
2026-08-16 23:30:00+00:00,BikePoints_795,"Euston Square Gardens, Euston",51.527068,-0.131861,0,0,0,30,29,1
2026-08-16 23:30:00+00:00,BikePoints_796,"Coram Street, Bloomsbury",51.524,-0.126409,10,1,9,29,18,1
2026-08-16 23:30:00+00:00,BikePoints_797,"Ossulston Street, Somers Town",51.5293,-0.128279,15,0,15,30,11,4
2026-08-16 23:30:00+00:00,BikePoints_798,"Birkenhead Street, King's Cross",51.530199,-0.122299,13,4,9,27,10,4
2026-08-16 23:30:00+00:00,BikePoints_799,"Kings Gate House, Westminster",51.497698,-0.137598,0,0,0,24,23,1
2026-08-16 23:30:00+00:00,BikePoints_800,"Sopwith Way, Battersea Park",51.481121,-0.149035,14,2,12,30,14,2
2026-08-16 23:30:00+00:00,BikePoints_801,"Lavington Street, Bankside",51.505224,-0.098031,4,0,4,29,22,3
2026-08-16 23:30:00+00:00,BikePoints_802,"Albert Square, Stockwell",51.47659,-0.118256,30,5,25,32,2,0
2026-08-16 23:30:00+00:00,BikePoints_803,"Southwark Street, Bankside",51.505409,-0.098341,5,0,5,23,18,0
2026-08-16 23:30:00+00:00,BikePoints_804,"Good's Way, King's Cross",51.534667,-0.125078,1,1,0,27,23,3
2026-08-16 23:30:00+00:00,BikePoints_805,"The Metropolitan, Portobello",51.520509,-0.200804,2,0,2,18,15,1
2026-08-16 23:30:00+00:00,BikePoints_807,"Bevington Road West, North Kensington",51.5212,-0.208888,10,2,8,24,11,3
2026-08-16 23:30:00+00:00,BikePoints_808,"Gauden Road, Clapham",51.464995,-0.130908,26,1,25,28,0,2
2026-08-16 23:30:00+00:00,BikePoints_809,"Lincoln's Inn Fields, Holborn",51.516277,-0.118272,0,0,0,28,28,0
2026-08-16 23:30:00+00:00,BikePoints_810,"Tate Modern, Bankside",51.506725,-0.098807,12,0,12,30,15,3
2026-08-16 23:30:00+00:00,BikePoints_811,"Westferry Circus, Canary Wharf",51.505703,-0.027772,17,6,11,36,13,6
2026-08-16 23:30:00+00:00,BikePoints_812,"Here East North, Queen Elizabeth Olympic Park",51.548731,-0.022606,15,0,15,28,12,1
2026-08-16 23:30:00+00:00,BikePoints_813,"New Spring Gardens Walk, Vauxhall",51.487807,-0.122759,6,0,6,33,26,1
2026-08-16 23:30:00+00:00,BikePoints_814,"Clapham Road, Lingham Street, Stockwell",51.471433,-0.12367,29,2,27,30,0,1
2026-08-16 23:30:00+00:00,BikePoints_815,"Lambeth Palace Road, Waterloo",51.500089,-0.116628,16,4,12,35,17,2
2026-08-16 23:30:00+00:00,BikePoints_816,"Here East South, Queen Elizabeth Olympic Park",51.546532,-0.020597,9,1,8,20,11,0
2026-08-16 23:30:00+00:00,BikePoints_818,"Westminster Pier, Westminster",51.501513,-0.123823,17,0,17,27,10,0
2026-08-16 23:30:00+00:00,BikePoints_819,"Belvedere Road 2, South Bank",51.50621,-0.114842,6,1,5,38,31,1
2026-08-16 23:30:00+00:00,BikePoints_820,"Victory Place, Walworth",51.492807,-0.091938,16,3,13,24,8,0
2026-08-16 23:30:00+00:00,BikePoints_821,"Battersea Power Station, Battersea Park",51.483507,-0.147714,6,0,6,27,15,6
2026-08-16 23:30:00+00:00,BikePoints_826,"Allington Street, Victoria",51.496863,-0.142943,0,0,0,28,26,2
2026-08-16 23:30:00+00:00,BikePoints_827,"Cranmer Road, Stockwell",51.479601,-0.111471,23,4,19,24,1,0
2026-08-16 23:30:00+00:00,BikePoints_828,"Normandy Road, Stockwell",51.473874,-0.11258,17,1,16,32,14,1
2026-08-16 23:30:00+00:00,BikePoints_829,"Wynne Road, Stockwell",51.469217,-0.112686,17,1,16,25,7,1
2026-08-16 23:30:00+00:00,BikePoints_830,"Sidney Road, Stockwell",51.469202,-0.119022,16,3,13,27,10,1
2026-08-16 23:30:00+00:00,BikePoints_831,"St John's Crescent, Brixton",51.466232,-0.113179,18,3,15,25,7,0
2026-08-16 23:30:00+00:00,BikePoints_832,"Ferndale Road, Brixton",51.464019,-0.115781,21,3,18,30,7,2
2026-08-16 23:30:00+00:00,BikePoints_833,"Saltoun Road, Brixton",51.460232,-0.115375,31,2,29,42,9,2
2026-08-16 23:30:00+00:00,BikePoints_834,"Gas Holders, Battersea Park",51.477966,-0.147857,17,4,13,26,6,3
2026-08-16 23:30:00+00:00,BikePoints_835,"Farringdon Street, Holborn",51.516785,-0.104947,0,0,0,25,25,0
2026-08-16 23:30:00+00:00,BikePoints_836,"York Way, Kings Cross",51.541596,-0.125441,10,3,7,24,12,2
2026-08-16 23:30:00+00:00,BikePoints_838,"Fore Street, Guildhall",51.518093,-0.091401,1,0,1,25,23,1
2026-08-16 23:30:00+00:00,BikePoints_839,"Sea Containers, South Bank",51.508033,-0.106823,1,0,1,30,28,1
2026-08-16 23:30:00+00:00,BikePoints_840,"George Row, Bermondsey",51.498585,-0.068981,15,1,14,22,4,3
2026-08-16 23:30:00+00:00,BikePoints_841,"Tower Wharf, Bermondsey",51.500845,-0.074704,11,0,11,20,6,3
2026-08-16 23:30:00+00:00,BikePoints_842,"Temple Gardens, Temple",51.510981,-0.108322,0,0,0,24,23,1
2026-08-16 23:30:00+00:00,BikePoints_844,"Canada Water Station, Rotherhithe",51.498439,-0.04915,30,4,26,35,1,4
2026-08-16 23:30:00+00:00,BikePoints_845,"Bermondsey Station, Bermondsey",51.497995,-0.063471,25,6,19,30,0,5
2026-08-16 23:30:00+00:00,BikePoints_846,"Burgess Park Albany Road, Walworth",51.48224,-0.094284,26,4,22,30,0,4
2026-08-16 23:30:00+00:00,BikePoints_847,"South Bermondsey Station, Bermondsey",51.488067,-0.057774,23,5,18,24,1,0
2026-08-16 23:30:00+00:00,BikePoints_849,"Crimscott Street, Bermondsey",51.495598,-0.078893,15,3,12,19,3,1
2026-08-16 23:30:00+00:00,BikePoints_850,"Brandon Street, Walworth",51.489102,-0.091548,22,0,22,22,0,0
2026-08-16 23:30:00+00:00,BikePoints_851,"The Blue, Bermondsey",51.492221,-0.062513,21,4,17,22,0,1
2026-08-16 23:30:00+00:00,BikePoints_852,"Coomer Place, West Kensington",51.48357,-0.202038,23,1,22,27,3,1
2026-08-16 23:30:00+00:00,BikePoints_857,"Strand, Strand",51.512582,-0.115057,0,0,0,35,35,0
2026-08-16 23:30:00+00:00,BikePoints_864,"Abbey Orchard Street, Westminster",51.498125,-0.132102,3,1,2,29,25,1
2026-08-16 23:30:00+00:00,BikePoints_865,"Leonard Circus , Shoreditch",51.524696,-0.084439,2,1,1,43,39,2
2026-08-16 23:30:00+00:00,BikePoints_866,"Limburg Road, Clapham Junction",51.461923,-0.165297,19,3,16,21,1,1
2026-08-16 23:30:00+00:00,BikePoints_867,"Pritchard's Road, Bethnal Green",51.532091,-0.061419,15,5,10,30,12,3
2026-08-16 23:30:00+00:00,BikePoints_868,"Kennington Lane Rail Bridge, Vauxhall",51.486343,-0.122492,16,3,13,31,14,1
2026-08-16 23:30:00+00:00,BikePoints_869,"Albert Embankment, Vauxhall",51.490435,-0.122806,6,0,6,24,18,0
2026-08-16 23:30:00+00:00,BikePoints_870,"Lower Marsh, Waterloo",51.500139,-0.113935,0,0,0,17,17,0
2026-08-16 23:30:00+00:00,BikePoints_872,"Risinghill Street, Angel",51.533319,-0.111781,4,4,0,25,17,4
2026-08-16 23:30:00+00:00,BikePoints_873,"St. Pancras Way, Camden Town",51.537071,-0.13285,6,2,4,20,12,2
2026-08-16 23:30:00+00:00,BikePoints_874,"Handyside Street, King's Cross",51.53724,-0.124807,14,3,11,27,9,4
2026-08-16 23:30:00+00:00,BikePoints_875,"Victoria Rise, Clapham Common",51.461376,-0.147804,19,2,17,23,0,4
2026-08-16 23:30:00+00:00,BikePoints_876,"Old Quebec Street, Marylebone",51.514577,-0.158264,3,2,1,16,12,1
2026-08-16 23:30:00+00:00,BikePoints_877,"Spencer Park, Wandsworth Common",51.45787,-0.174691,15,1,14,25,10,0
2026-08-16 23:30:00+00:00,BikePoints_878,"Victoria & Albert Museum, South Kensington",51.495898,-0.173009,2,0,2,30,28,0
2026-08-16 23:30:00+00:00,BikePoints_879,"BBC White City, White City",51.514767,-0.225786,8,2,6,36,27,1
2026-08-16 23:30:00+00:00,BikePoints_881,"Albany Street, The Regent's Park",51.528302,-0.144465,6,0,6,27,19,2
2026-08-16 23:30:00+00:00,BikePoints_882,"Maplin Street, Mile End",51.525501,-0.032267,21,0,21,39,16,2
2026-08-16 23:30:00+00:00,BikePoints_883,"London Fields, Hackney Central",51.54119,-0.058826,10,1,9,21,4,7
2026-08-16 23:30:00+00:00,BikePoints_884,"Westfield Ariel Way, White City",51.509158,-0.224103,31,0,31,42,6,5
2026-08-16 23:30:00+00:00,BikePoints_885,"Gloucester Avenue, Camden Town",51.537349,-0.147154,8,5,3,24,14,2
2026-08-16 23:30:00+00:00,BikePoints_887,"London Zoo Car Park, The Regent's Park",51.536922,-0.150181,6,1,5,36,30,0
2026-08-16 23:30:00+00:00,BikePoints_888,"Norton Folgate, Liverpool Street",51.521113,-0.078869,1,0,1,23,19,3
2026-08-16 23:30:00+00:00,BikePoints_889,"Horse Guards Avenue, Westminster",51.505031,-0.123,5,0,5,29,22,2
2026-08-16 23:30:00+00:00,BikePoints_890,"Burdett Road, Mile End",51.516196,-0.029137,21,3,18,33,5,7
2026-08-16 23:45:00+00:00,BikePoints_1,"River Street , Clerkenwell",51.529163,-0.10997,3,3,0,19,14,2
2026-08-16 23:45:00+00:00,BikePoints_2,"Phillimore Gardens, Kensington",51.499606,-0.197574,10,0,10,37,26,1
2026-08-16 23:45:00+00:00,BikePoints_3,"Christopher Street, Liverpool Street",51.521283,-0.084605,0,0,0,32,32,0
2026-08-16 23:45:00+00:00,BikePoints_4,"St. Chad's Street, King's Cross",51.530059,-0.120973,22,1,21,23,0,1
2026-08-16 23:45:00+00:00,BikePoints_5,"Sedding Street, Sloane Square",51.49313,-0.156876,0,0,0,27,25,2
2026-08-16 23:45:00+00:00,BikePoints_6,"Broadcasting House, Marylebone",51.518117,-0.144228,1,1,0,18,11,6
2026-08-16 23:45:00+00:00,BikePoints_7,"Charlbert Street, St. John's Wood",51.5343,-0.168074,5,0,5,16,5,6
2026-08-16 23:45:00+00:00,BikePoints_8,"Maida Vale, Maida Vale",51.529857,-0.183486,33,8,25,39,1,5
2026-08-16 23:45:00+00:00,BikePoints_9,"New Globe Walk, Bankside",51.507385,-0.09644,8,0,8,19,11,0
2026-08-16 23:45:00+00:00,BikePoints_10,"Park Street, Bankside",51.505974,-0.092754,6,1,5,18,12,0
2026-08-16 23:45:00+00:00,BikePoints_11,"Brunswick Square, Bloomsbury",51.523951,-0.122502,6,4,2,24,17,1
2026-08-16 23:45:00+00:00,BikePoints_12,"Malet Street, Bloomsbury",51.52168,-0.130431,14,3,11,49,35,0
2026-08-16 23:45:00+00:00,BikePoints_13,"Scala Street, Fitzrovia",51.519914,-0.136039,1,0,1,21,20,0
2026-08-16 23:45:00+00:00,BikePoints_14,"Argyle Street, Kings Cross",51.529416,-0.123944,19,1,18,45,23,3
2026-08-16 23:45:00+00:00,BikePoints_15,"Great Russell Street, Bloomsbury",51.517727,-0.127854,1,1,0,26,25,0
2026-08-16 23:45:00+00:00,BikePoints_16,"Cartwright Gardens , Bloomsbury",51.526357,-0.125979,2,1,1,21,19,0
2026-08-16 23:45:00+00:00,BikePoints_17,"Hatton Wall, Holborn",51.521661,-0.109006,4,2,2,26,20,2
2026-08-16 23:45:00+00:00,BikePoints_18,"Drury Lane, Covent Garden",51.51477,-0.122219,0,0,0,27,24,3
2026-08-16 23:45:00+00:00,BikePoints_19,"Taviton Street, Bloomsbury",51.52505,-0.131161,7,0,7,30,23,0
2026-08-16 23:45:00+00:00,BikePoints_20,"Drummond Street , Euston",51.527326,-0.136052,26,0,26,28,0,2
2026-08-16 23:45:00+00:00,BikePoints_21,"Lansdowne Drive, Hackney Central",51.539834,-0.062806,14,7,7,26,11,1
2026-08-16 23:45:00+00:00,BikePoints_22,"Northington Street , Holborn",51.522264,-0.114079,7,1,6,19,12,0
2026-08-16 23:45:00+00:00,BikePoints_23,"Red Lion Square, Holborn",51.519435,-0.119123,2,1,1,16,13,1
2026-08-16 23:45:00+00:00,BikePoints_24,"British Museum, Bloomsbury",51.51908,-0.124678,0,0,0,35,35,0
2026-08-16 23:45:00+00:00,BikePoints_25,"Doric Way , Somers Town",51.528833,-0.13225,23,0,23,50,25,2
2026-08-16 23:45:00+00:00,BikePoints_26,"Ampton Street , Clerkenwell",51.52728,-0.118295,10,1,9,21,10,1
2026-08-16 23:45:00+00:00,BikePoints_28,"Bolsover Street, Fitzrovia",51.523518,-0.143613,9,3,6,19,10,0
2026-08-16 23:45:00+00:00,BikePoints_29,"Hereford Road, Bayswater",51.513735,-0.193487,17,4,13,22,5,0
2026-08-16 23:45:00+00:00,BikePoints_30,"Windsor Terrace, Hoxton",51.529154,-0.093421,17,0,17,24,5,2
2026-08-16 23:45:00+00:00,BikePoints_31,"Fanshaw Street, Hoxton",51.529537,-0.083353,28,1,27,36,7,1
2026-08-16 23:45:00+00:00,BikePoints_33,"Central House, Aldgate",51.515231,-0.07015,0,0,0,24,23,1
2026-08-16 23:45:00+00:00,BikePoints_34,"Pancras Road, King's Cross",51.534123,-0.129386,2,0,2,16,12,2
2026-08-16 23:45:00+00:00,BikePoints_36,"De Vere Gardens, Kensington",51.501737,-0.18498,2,0,2,28,25,1
2026-08-16 23:45:00+00:00,BikePoints_37,"Penywern Road, Earl's Court",51.491593,-0.192369,0,0,0,17,15,2
2026-08-16 23:45:00+00:00,BikePoints_38,"Abingdon Villas, Kensington",51.497387,-0.197245,8,1,7,17,8,1
2026-08-16 23:45:00+00:00,BikePoints_39,"Shoreditch High Street, Shoreditch",51.526377,-0.07813,24,7,17,41,16,1
2026-08-16 23:45:00+00:00,BikePoints_40,"Commercial Street, Shoreditch",51.52127,-0.075578,2,2,0,16,13,1
2026-08-16 23:45:00+00:00,BikePoints_41,"Pindar Street, Liverpool Street",51.520955,-0.083493,0,0,0,24,23,1
2026-08-16 23:45:00+00:00,BikePoints_42,"Wenlock Road , Hoxton",51.530991,-0.093903,11,1,10,28,17,0
2026-08-16 23:45:00+00:00,BikePoints_43,"Crawford Street, Marylebone",51.52026,-0.157183,1,0,1,18,17,0
2026-08-16 23:45:00+00:00,BikePoints_44,"Bruton Street, Mayfair",51.510736,-0.144165,2,0,2,21,18,1
2026-08-16 23:45:00+00:00,BikePoints_45,"Boston Place, Marylebone",51.522511,-0.162298,1,1,0,26,24,1
2026-08-16 23:45:00+00:00,BikePoints_46,"Nesham Street, Wapping",51.507131,-0.06691,9,1,8,16,6,1
2026-08-16 23:45:00+00:00,BikePoints_47,"Warwick Avenue Station, Maida Vale",51.523344,-0.183846,13,2,11,19,2,4
2026-08-16 23:45:00+00:00,BikePoints_48,"Godliman Street, St. Paul's",51.512484,-0.099141,8,1,7,25,17,0
2026-08-16 23:45:00+00:00,BikePoints_49,"Curzon Street, Mayfair",51.507069,-0.145904,0,0,0,16,16,0
2026-08-16 23:45:00+00:00,BikePoints_50,"East Road, Hoxton",51.528673,-0.087459,11,2,9,27,15,1
2026-08-16 23:45:00+00:00,BikePoints_51,"Finsbury Library , Finsbury",51.526717,-0.104298,6,2,4,29,23,0
2026-08-16 23:45:00+00:00,BikePoints_52,"Roscoe Street, St. Luke's",51.522954,-0.094934,4,2,2,18,14,0
2026-08-16 23:45:00+00:00,BikePoints_53,"Grafton Street, Mayfair",51.509992,-0.143495,0,0,0,18,18,0
2026-08-16 23:45:00+00:00,BikePoints_54,"Golden Lane, Barbican",51.521747,-0.094475,2,0,2,27,21,4
2026-08-16 23:45:00+00:00,BikePoints_55,"Finsbury Circus, Liverpool Street",51.517075,-0.086685,0,0,0,33,32,1
2026-08-16 23:45:00+00:00,BikePoints_56,"Paddington Street, Marylebone",51.520583,-0.154701,10,2,8,16,4,2
2026-08-16 23:45:00+00:00,BikePoints_57,"Guilford Street , Bloomsbury",51.523346,-0.120202,8,2,6,32,24,0
2026-08-16 23:45:00+00:00,BikePoints_58,"New Inn Yard, Shoreditch",51.524526,-0.079248,5,1,4,20,12,3
2026-08-16 23:45:00+00:00,BikePoints_60,"Lisson Grove, St. John's Wood",51.526448,-0.17219,11,1,10,18,5,2
2026-08-16 23:45:00+00:00,BikePoints_61,"Great Dover Street, The Borough",51.497382,-0.089446,23,2,21,33,9,1
2026-08-16 23:45:00+00:00,BikePoints_62,"Cotton Garden Estate, Kennington",51.490757,-0.106323,18,4,14,24,6,0
2026-08-16 23:45:00+00:00,BikePoints_63,"Murray Grove , Hoxton",51.53089,-0.089782,17,2,15,27,8,2
2026-08-16 23:45:00+00:00,BikePoints_64,"William IV Street, Strand",51.509462,-0.124749,7,0,7,26,18,1
2026-08-16 23:45:00+00:00,BikePoints_65,"Gower Place , Euston",51.525227,-0.135188,1,0,1,17,16,0
2026-08-16 23:45:00+00:00,BikePoints_66,"Holborn Circus, Holborn",51.51795,-0.108657,1,0,1,40,37,2
2026-08-16 23:45:00+00:00,BikePoints_67,"Hatton Garden, Holborn",51.518825,-0.108028,0,0,0,28,27,1
2026-08-16 23:45:00+00:00,BikePoints_68,"Theobald's Road , Holborn",51.520596,-0.116688,2,0,2,26,23,1
2026-08-16 23:45:00+00:00,BikePoints_69,"Euston Road, Euston",51.526236,-0.134407,1,0,1,24,21,2
2026-08-16 23:45:00+00:00,BikePoints_70,"Calshot Street , King's Cross",51.53136,-0.117069,15,4,11,24,7,2
2026-08-16 23:45:00+00:00,BikePoints_71,"Newgate Street , St. Paul's",51.515768,-0.099894,0,0,0,35,33,2
2026-08-16 23:45:00+00:00,BikePoints_72,"Farringdon Lane, Clerkenwell",51.52352,-0.10834,3,0,3,16,12,1
2026-08-16 23:45:00+00:00,BikePoints_73,"Old Street Station, St. Luke's",51.525615,-0.088532,4,1,3,34,25,5
2026-08-16 23:45:00+00:00,BikePoints_74,"Vauxhall Cross, Vauxhall",51.485917,-0.124469,12,1,11,17,3,2
2026-08-16 23:45:00+00:00,BikePoints_75,"Torrens Street, Angel",51.532199,-0.10548,0,0,0,19,15,4
2026-08-16 23:45:00+00:00,BikePoints_76,"Longford Street, The Regent's Park",51.525595,-0.144083,1,0,1,21,18,2
2026-08-16 23:45:00+00:00,BikePoints_77,"Russell Square Station, Bloomsbury",51.523418,-0.124121,8,0,8,26,17,1
2026-08-16 23:45:00+00:00,BikePoints_78,"Sadlers Sports Centre, Finsbury",51.524868,-0.099489,3,1,2,17,12,2
2026-08-16 23:45:00+00:00,BikePoints_79,"Arundel Street, Temple",51.511726,-0.113855,0,0,0,18,18,0
2026-08-16 23:45:00+00:00,BikePoints_80,"Webber Street , Southwark",51.500693,-0.102091,5,0,5,45,35,5
2026-08-16 23:45:00+00:00,BikePoints_81,"Great Titchfield Street, Fitzrovia",51.520253,-0.141327,3,2,1,19,16,0
2026-08-16 23:45:00+00:00,BikePoints_83,"Panton Street, West End",51.509639,-0.13151,0,0,0,21,18,3
2026-08-16 23:45:00+00:00,BikePoints_84,"Breams Buildings, Holborn",51.515937,-0.111778,0,0,0,25,24,1
2026-08-16 23:45:00+00:00,BikePoints_85,"Tanner Street, Bermondsey",51.500647,-0.0786,33,1,32,41,6,2
2026-08-16 23:45:00+00:00,BikePoints_86,"Sancroft Street, Vauxhall",51.489479,-0.115156,22,1,21,24,1,1
2026-08-16 23:45:00+00:00,BikePoints_87,"Devonshire Square, Liverpool Street",51.516468,-0.079684,0,0,0,16,16,0
2026-08-16 23:45:00+00:00,BikePoints_88,"Percy Street, Bloomsbury",51.51863,-0.132676,1,0,1,29,28,0
2026-08-16 23:45:00+00:00,BikePoints_89,"Tavistock Place, Bloomsbury",51.52625,-0.123509,3,2,1,19,13,3
2026-08-16 23:45:00+00:00,BikePoints_90,"Harrington Square 1, Camden Town",51.533019,-0.139174,6,2,4,27,19,2
2026-08-16 23:45:00+00:00,BikePoints_91,"Walnut Tree Walk, Vauxhall",51.493686,-0.111014,12,2,10,20,7,1
2026-08-16 23:45:00+00:00,BikePoints_92,"Borough Road, Elephant & Castle",51.498898,-0.10044,21,0,21,41,18,2
2026-08-16 23:45:00+00:00,BikePoints_93,"Cloudesley Road, Angel",51.534408,-0.109025,10,5,5,37,25,2
2026-08-16 23:45:00+00:00,BikePoints_94,"Bricklayers Arms, Borough",51.495061,-0.085814,27,4,23,28,1,0
2026-08-16 23:45:00+00:00,BikePoints_95,"Aldersgate Street, Barbican",51.520841,-0.09734,2,2,0,15,12,1
2026-08-16 23:45:00+00:00,BikePoints_96,"Falkirk Street, Hoxton",51.53095,-0.078505,8,4,4,26,16,2
2026-08-16 23:45:00+00:00,BikePoints_97,"Gloucester Road (North), Kensington",51.497924,-0.183834,0,0,0,18,18,0
2026-08-16 23:45:00+00:00,BikePoints_98,"Hampstead Road, Euston",51.525542,-0.138231,9,0,9,54,43,2
2026-08-16 23:45:00+00:00,BikePoints_101,"Queen Street 1, Bank",51.511553,-0.09294,0,0,0,22,21,1
2026-08-16 23:45:00+00:00,BikePoints_102,"Jewry Street, Aldgate",51.513406,-0.076793,2,1,1,17,13,2
2026-08-16 23:45:00+00:00,BikePoints_103,"Vicarage Gate, Kensington",51.504723,-0.192538,2,1,1,18,16,0
2026-08-16 23:45:00+00:00,BikePoints_104,"Crosswall, Tower",51.511594,-0.077121,5,0,5,34,27,2
2026-08-16 23:45:00+00:00,BikePoints_105,"Westbourne Grove, Bayswater",51.515529,-0.19024,7,1,6,26,19,0
2026-08-16 23:45:00+00:00,BikePoints_106,"Woodstock Street, Mayfair",51.514105,-0.147301,2,2,0,21,18,1
2026-08-16 23:45:00+00:00,BikePoints_107,"Finsbury Leisure Centre, St. Luke's",51.526008,-0.096317,5,0,5,20,11,4
2026-08-16 23:45:00+00:00,BikePoints_109,"Soho Square , Soho",51.515631,-0.132328,0,0,0,57,56,1
2026-08-16 23:45:00+00:00,BikePoints_110,"Wellington Road, St. John's Wood",51.533043,-0.172528,6,2,4,17,10,1
2026-08-16 23:45:00+00:00,BikePoints_111,"Park Lane , Hyde Park",51.510017,-0.157275,7,3,4,28,17,4
2026-08-16 23:45:00+00:00,BikePoints_112,"Stonecutter Street, Holborn",51.515809,-0.10527,1,0,1,21,20,0
2026-08-16 23:45:00+00:00,BikePoints_113,"Gloucester Road (Central), South Kensington",51.496462,-0.183289,0,0,0,19,18,1
2026-08-16 23:45:00+00:00,BikePoints_114,"Park Road (Baker Street), The Regent's Park",51.524517,-0.158963,11,2,9,22,5,6
2026-08-16 23:45:00+00:00,BikePoints_115,"Braham Street, Aldgate",51.514233,-0.073537,12,4,8,34,22,0
2026-08-16 23:45:00+00:00,BikePoints_116,"Little Argyll Street, West End",51.514499,-0.141423,0,0,0,21,15,6
2026-08-16 23:45:00+00:00,BikePoints_117,"Lollard Street, Vauxhall",51.49288,-0.114934,25,2,23,25,0,0
2026-08-16 23:45:00+00:00,BikePoints_118,"Rochester Row, Westminster",51.495827,-0.135478,12,2,10,13,0,1
2026-08-16 23:45:00+00:00,BikePoints_119,"Bath Street, St. Luke's",51.525893,-0.090847,5,1,4,18,11,2
2026-08-16 23:45:00+00:00,BikePoints_120,"The Guildhall, Guildhall",51.515735,-0.09308,0,0,0,17,16,1
2026-08-16 23:45:00+00:00,BikePoints_121,"Baker Street, Marylebone",51.518913,-0.156166,7,3,4,22,15,0
2026-08-16 23:45:00+00:00,BikePoints_123,"St. John Street, Finsbury",51.52836,-0.104724,8,2,6,18,10,0
2026-08-16 23:45:00+00:00,BikePoints_124,"Eaton Square, Belgravia",51.496544,-0.150905,8,1,7,18,10,0
2026-08-16 23:45:00+00:00,BikePoints_125,"Borough High Street, The Borough",51.500694,-0.094524,1,0,1,21,19,1
2026-08-16 23:45:00+00:00,BikePoints_126,"Museum of London, Barbican",51.517821,-0.096496,1,0,1,52,50,1
2026-08-16 23:45:00+00:00,BikePoints_127,"Wood Street, Guildhall",51.517008,-0.093885,1,0,1,17,15,1
2026-08-16 23:45:00+00:00,BikePoints_128,"Emperor's Gate, South Kensington",51.495362,-0.185296,9,2,7,22,9,4
2026-08-16 23:45:00+00:00,BikePoints_129,"Golden Square, Soho",51.511897,-0.137043,2,1,1,18,15,1
2026-08-16 23:45:00+00:00,BikePoints_130,"Tower Gardens , Tower",51.509506,-0.075459,8,4,4,24,14,2
2026-08-16 23:45:00+00:00,BikePoints_131,"Eversholt Street , Camden Town",51.533005,-0.136792,0,0,0,16,15,1
2026-08-16 23:45:00+00:00,BikePoints_132,"Bethnal Green Road, Shoreditch",51.523648,-0.074754,13,1,12,38,25,0
2026-08-16 23:45:00+00:00,BikePoints_133,"Derry Street, Kensington",51.501364,-0.191462,6,1,5,18,9,3
2026-08-16 23:45:00+00:00,BikePoints_134,"Wapping High Street, Wapping",51.504904,-0.06797,6,3,3,20,12,2
2026-08-16 23:45:00+00:00,BikePoints_135,"Clerkenwell Green, Clerkenwell",51.52326,-0.104708,13,4,9,21,4,4
2026-08-16 23:45:00+00:00,BikePoints_136,"Queen Victoria Street, St. Paul's",51.511961,-0.097441,0,0,0,32,31,1
2026-08-16 23:45:00+00:00,BikePoints_138,"Green Street, Mayfair",51.512276,-0.157436,0,0,0,19,18,1
2026-08-16 23:45:00+00:00,BikePoints_139,"Lambeth Road, Vauxhall",51.494881,-0.117974,11,1,10,18,7,0
2026-08-16 23:45:00+00:00,BikePoints_140,"Finsbury Square , Moorgate",51.520962,-0.085634,6,1,5,33,27,0
2026-08-16 23:45:00+00:00,BikePoints_141,"Chapel Place, Marylebone",51.515308,-0.147203,0,0,0,29,29,0
2026-08-16 23:45:00+00:00,BikePoints_142,"West Cromwell Road, Earl's Court",51.493724,-0.198286,8,0,8,24,15,1
2026-08-16 23:45:00+00:00,BikePoints_143,"Pont Street, Knightsbridge",51.496886,-0.161203,10,0,10,24,12,2
2026-08-16 23:45:00+00:00,BikePoints_144,"Kennington Cross, Kennington",51.48894,-0.111435,41,5,36,47,1,5
2026-08-16 23:45:00+00:00,BikePoints_145,"Ilchester Place, Kensington",51.500743,-0.202759,0,0,0,24,24,0
2026-08-16 23:45:00+00:00,BikePoints_146,"Vauxhall Bridge , Pimlico",51.488365,-0.129361,2,0,2,35,32,1
2026-08-16 23:45:00+00:00,BikePoints_147,"Portugal Street, Holborn",51.514943,-0.116146,0,0,0,16,16,0
2026-08-16 23:45:00+00:00,BikePoints_148,"Tachbrook Street, Victoria",51.492111,-0.138364,12,3,9,16,1,3
2026-08-16 23:45:00+00:00,BikePoints_149,"Kennington Road Post Office, Oval",51.484788,-0.110683,11,0,11,18,6,1
2026-08-16 23:45:00+00:00,BikePoints_150,"Holy Trinity Brompton, Knightsbridge",51.497056,-0.168917,11,0,11,28,16,1
2026-08-16 23:45:00+00:00,BikePoints_151,"Chepstow Villas, Notting Hill",51.512136,-0.201554,21,0,21,26,5,0
2026-08-16 23:45:00+00:00,BikePoints_152,"Hampton Street, Walworth",51.49217,-0.101536,19,7,12,21,1,1
2026-08-16 23:45:00+00:00,BikePoints_153,"Bayswater Road, Hyde Park",51.511933,-0.174411,6,3,3,27,18,3
2026-08-16 23:45:00+00:00,BikePoints_154,"Waterloo Station 3, Waterloo",51.503791,-0.112824,6,0,6,35,27,2
2026-08-16 23:45:00+00:00,BikePoints_155,"Lexham Gardens, Kensington",51.495866,-0.191933,6,0,6,19,12,1
2026-08-16 23:45:00+00:00,BikePoints_156,"New Kent Road, The Borough",51.494436,-0.092921,26,0,26,33,5,2
2026-08-16 23:45:00+00:00,BikePoints_157,"Wright's Lane, Kensington",51.500397,-0.193068,9,1,8,37,24,4
2026-08-16 23:45:00+00:00,BikePoints_158,"Trebovir Road, Earl's Court",51.490853,-0.19617,6,0,6,18,10,2
2026-08-16 23:45:00+00:00,BikePoints_160,"Waterloo Place, St. James's",51.506633,-0.131773,1,1,0,20,18,1
2026-08-16 23:45:00+00:00,BikePoints_162,"Southampton Place, Holborn",51.517606,-0.121328,1,1,0,20,19,0
2026-08-16 23:45:00+00:00,BikePoints_163,"Sloane Avenue, Knightsbridge",51.493184,-0.167894,4,0,4,27,22,1
2026-08-16 23:45:00+00:00,BikePoints_164,"Cleveland Gardens, Bayswater",51.515607,-0.183118,15,1,14,16,0,1
2026-08-16 23:45:00+00:00,BikePoints_165,"Orsett Terrace, Bayswater",51.517932,-0.183716,6,0,6,15,8,1
2026-08-16 23:45:00+00:00,BikePoints_166,"Seville Street, Knightsbridge",51.501855,-0.159237,0,0,0,27,26,1
2026-08-16 23:45:00+00:00,BikePoints_167,"Eccleston Place, Victoria",51.49395,-0.147624,13,0,13,19,5,1
2026-08-16 23:45:00+00:00,BikePoints_168,"Argyll Road, Kensington",51.500401,-0.195455,17,0,17,19,2,0
2026-08-16 23:45:00+00:00,BikePoints_169,"Porchester Place, Paddington",51.514746,-0.165164,16,0,16,18,1,1
2026-08-16 23:45:00+00:00,BikePoints_170,"Hardwick Street, Clerkenwell",51.527842,-0.108068,3,2,1,30,25,2
2026-08-16 23:45:00+00:00,BikePoints_171,"Collingham Gardens, Earl's Court",51.491615,-0.186753,5,1,4,14,7,2
2026-08-16 23:45:00+00:00,BikePoints_172,"Sumner Place, South Kensington",51.491211,-0.173715,3,0,3,19,14,2
2026-08-16 23:45:00+00:00,BikePoints_173,"Waterloo Road, South Bank",51.50486,-0.113001,3,1,2,15,9,3
2026-08-16 23:45:00+00:00,BikePoints_175,"Worship Street, Shoreditch",51.521668,-0.079608,2,1,1,51,48,1
2026-08-16 23:45:00+00:00,BikePoints_176,"Gloucester Terrace, Bayswater",51.517919,-0.188098,5,0,5,23,17,1
2026-08-16 23:45:00+00:00,BikePoints_177,"Ashley Place, Victoria",51.49616,-0.140947,9,0,9,25,16,0
2026-08-16 23:45:00+00:00,BikePoints_178,"Warwick Square, Pimlico",51.489856,-0.141923,15,1,14,19,3,1
2026-08-16 23:45:00+00:00,BikePoints_180,"North Audley Street, Mayfair",51.512911,-0.153645,5,2,3,17,10,2
2026-08-16 23:45:00+00:00,BikePoints_181,"Belgrave Square, Belgravia",51.499412,-0.152317,2,0,2,21,18,1
2026-08-16 23:45:00+00:00,BikePoints_182,"Bell Street , Marylebone",51.522029,-0.165842,6,5,1,18,11,1
2026-08-16 23:45:00+00:00,BikePoints_183,"Riverlight North, Nine Elms",51.482362,-0.136123,16,1,15,24,5,3
2026-08-16 23:45:00+00:00,BikePoints_184,"Portland Place, Marylebone",51.520715,-0.145211,2,2,0,34,32,0
2026-08-16 23:45:00+00:00,BikePoints_185,"Alderney Street, Pimlico",51.488057,-0.140741,14,2,12,14,0,0
2026-08-16 23:45:00+00:00,BikePoints_186,"South Wharf Road, Paddington",51.517335,-0.17581,4,3,1,16,9,3
2026-08-16 23:45:00+00:00,BikePoints_187,"Queen's Gate (South), South Kensington",51.492479,-0.178433,14,0,14,25,10,1
2026-08-16 23:45:00+00:00,BikePoints_188,"Nutford Place, Marylebone",51.516517,-0.164393,4,2,2,18,13,1
2026-08-16 23:45:00+00:00,BikePoints_189,"Claremont Square, Angel",51.531666,-0.109914,4,2,2,18,11,3
2026-08-16 23:45:00+00:00,BikePoints_190,"Rampayne Street, Pimlico",51.489975,-0.132845,9,2,7,21,11,1
2026-08-16 23:45:00+00:00,BikePoints_191,"Hyde Park Corner, Hyde Park",51.503117,-0.15352,3,0,3,36,25,8
2026-08-16 23:45:00+00:00,BikePoints_192,"Wardour Street, Soho",51.512515,-0.133201,0,0,0,16,10,6
2026-08-16 23:45:00+00:00,BikePoints_193,"Bankside Mix, Bankside",51.505817,-0.100186,8,1,7,60,51,1
2026-08-16 23:45:00+00:00,BikePoints_194,"Hop Exchange, The Borough",51.504627,-0.091773,6,5,1,55,44,5
2026-08-16 23:45:00+00:00,BikePoints_195,"Milroy Walk, South Bank",51.507244,-0.106237,0,0,0,30,30,0
2026-08-16 23:45:00+00:00,BikePoints_196,"Union Street, The Borough",51.503688,-0.098497,3,0,3,17,12,2
2026-08-16 23:45:00+00:00,BikePoints_197,"Stamford Street, South Bank",51.505569,-0.111606,0,0,0,27,26,1
2026-08-16 23:45:00+00:00,BikePoints_199,"Great Tower Street, Monument",51.510484,-0.082989,3,0,3,24,18,3
2026-08-16 23:45:00+00:00,BikePoints_200,"LMU Commercial Road, Whitechapel",51.514924,-0.066078,7,2,5,14,7,0
2026-08-16 23:45:00+00:00,BikePoints_201,"Dorset Square, Marylebone",51.522596,-0.161113,3,1,2,16,12,1
2026-08-16 23:45:00+00:00,BikePoints_202,"Leman Street, Aldgate",51.512363,-0.069542,13,4,9,37,23,1
2026-08-16 23:45:00+00:00,BikePoints_203,"West Smithfield Rotunda, Farringdon",51.518218,-0.100791,5,4,1,15,8,2
2026-08-16 23:45:00+00:00,BikePoints_204,"Margery Street, Clerkenwell",51.526599,-0.112432,9,1,8,19,10,0
2026-08-16 23:45:00+00:00,BikePoints_206,"New Road 1 , Whitechapel",51.518154,-0.062697,19,3,16,36,14,3
2026-08-16 23:45:00+00:00,BikePoints_207,"Grosvenor Crescent, Belgravia",51.501352,-0.153194,0,0,0,18,18,0
2026-08-16 23:45:00+00:00,BikePoints_208,"Mallory Street, Marylebone",51.525051,-0.166304,4,0,4,20,15,1
2026-08-16 23:45:00+00:00,BikePoints_209,"Denyer Street, Knightsbridge",51.493583,-0.165101,3,0,3,30,26,1
2026-08-16 23:45:00+00:00,BikePoints_210,"Hinde Street, Marylebone",51.516814,-0.151926,2,1,1,21,18,1
2026-08-16 23:45:00+00:00,BikePoints_211,"Cadogan Place, Knightsbridge",51.494645,-0.158105,9,0,9,34,24,1
2026-08-16 23:45:00+00:00,BikePoints_212,"Campden Hill Road, Notting Hill",51.506584,-0.199004,11,3,8,17,6,0
2026-08-16 23:45:00+00:00,BikePoints_213,"Wellington Arch, Hyde Park",51.50274,-0.149569,4,0,4,36,29,3
2026-08-16 23:45:00+00:00,BikePoints_214,"Endsleigh Gardens, Euston",51.526838,-0.130504,18,0,18,32,11,3
2026-08-16 23:45:00+00:00,BikePoints_215,"Moorfields, Moorgate",51.519069,-0.088285,1,1,0,54,51,2
2026-08-16 23:45:00+00:00,BikePoints_216,"Old Brompton Road, South Kensington",51.490945,-0.18119,13,0,13,30,15,2
2026-08-16 23:45:00+00:00,BikePoints_217,"Wormwood Street, Liverpool Street",51.516154,-0.082422,0,0,0,16,16,0
2026-08-16 23:45:00+00:00,BikePoints_218,"St. Luke's Church, Chelsea",51.489716,-0.170194,2,0,2,20,18,0
2026-08-16 23:45:00+00:00,BikePoints_219,"Bramham Gardens, Earl's Court",51.490163,-0.190393,19,3,16,29,9,1
2026-08-16 23:45:00+00:00,BikePoints_220,"Chelsea Green, Chelsea",51.490664,-0.166485,3,2,1,15,12,0
2026-08-16 23:45:00+00:00,BikePoints_221,"Horseferry Road, Westminster",51.494816,-0.130458,3,1,2,16,13,0
2026-08-16 23:45:00+00:00,BikePoints_222,"Knightsbridge, Hyde Park",51.502757,-0.155349,25,0,25,43,16,2
2026-08-16 23:45:00+00:00,BikePoints_223,"Rodney Road , Walworth",51.491484,-0.09022,20,0,20,24,2,2
2026-08-16 23:45:00+00:00,BikePoints_224,"Queensway, Kensington Gardens",51.51031,-0.187402,16,2,14,17,0,1
2026-08-16 23:45:00+00:00,BikePoints_225,"Notting Hill Gate Station, Notting Hill",51.509353,-0.196422,10,1,9,30,16,4
2026-08-16 23:45:00+00:00,BikePoints_226,"Charles II Street, West End",51.508446,-0.131961,1,0,1,24,22,1
2026-08-16 23:45:00+00:00,BikePoints_227,"Great Percy Street, Clerkenwell",51.528915,-0.11548,13,2,11,23,10,0
2026-08-16 23:45:00+00:00,BikePoints_228,"St. James's Square, St. James's",51.507424,-0.134621,1,0,1,40,36,3
2026-08-16 23:45:00+00:00,BikePoints_229,"Whitehall Place, Strand",51.506543,-0.123179,1,0,1,46,45,0
2026-08-16 23:45:00+00:00,BikePoints_230,"Poured Lines, Bankside",51.506692,-0.103137,4,3,1,31,26,1
2026-08-16 23:45:00+00:00,BikePoints_231,"Queen's Gate (Central), South Kensington",51.493967,-0.178732,3,0,3,31,28,0
2026-08-16 23:45:00+00:00,BikePoints_232,"Carey Street, Holborn",51.51501,-0.112753,0,0,0,16,16,0
2026-08-16 23:45:00+00:00,BikePoints_233,"Pall Mall East, West End",51.50777,-0.130699,0,0,0,22,17,5
2026-08-16 23:45:00+00:00,BikePoints_234,"Liverpool Road (N1 Centre), Angel",51.534504,-0.106992,3,3,0,24,19,2
2026-08-16 23:45:00+00:00,BikePoints_235,"Kennington Road, Vauxhall",51.495718,-0.110889,7,1,6,36,29,0
2026-08-16 23:45:00+00:00,BikePoints_236,"Fashion Street, Whitechapel",51.51838,-0.073438,0,0,0,30,30,0
2026-08-16 23:45:00+00:00,BikePoints_237,"Dock Street, Wapping",51.509786,-0.068161,11,2,9,30,17,2
2026-08-16 23:45:00+00:00,BikePoints_238,"Frampton Street, Paddington",51.523353,-0.175116,20,1,19,32,12,0
2026-08-16 23:45:00+00:00,BikePoints_239,"Warren Street Station, Euston",51.524438,-0.138019,2,0,2,26,22,2
2026-08-16 23:45:00+00:00,BikePoints_240,"Colombo Street, Southwark",51.505459,-0.105692,0,0,0,14,12,2
2026-08-16 23:45:00+00:00,BikePoints_242,"Beaumont Street, Marylebone",51.522008,-0.151359,2,1,1,23,21,0
2026-08-16 23:45:00+00:00,BikePoints_243,"Gloucester Street, Pimlico",51.490962,-0.139625,24,2,22,25,0,1
2026-08-16 23:45:00+00:00,BikePoints_244,"Bucknall Street, Covent Garden",51.51615,-0.128417,6,5,1,18,8,4
2026-08-16 23:45:00+00:00,BikePoints_245,"Grosvenor Road, Pimlico",51.485357,-0.142207,19,3,16,29,9,1
2026-08-16 23:45:00+00:00,BikePoints_246,"Berry Street, Clerkenwell",51.522853,-0.099994,7,2,5,41,33,1
2026-08-16 23:45:00+00:00,BikePoints_247,"St. John's Wood Church, The Regent's Park",51.530529,-0.167515,22,0,22,50,25,3
2026-08-16 23:45:00+00:00,BikePoints_248,"Triangle Car Park, Hyde Park",51.506451,-0.170279,12,2,10,27,13,2
2026-08-16 23:45:00+00:00,BikePoints_249,"Harper Road, The Borough",51.498597,-0.096191,1,0,1,42,39,2
2026-08-16 23:45:00+00:00,BikePoints_250,"Royal Avenue 1, Chelsea",51.489932,-0.162727,2,0,2,10,6,2
2026-08-16 23:45:00+00:00,BikePoints_251,"Brushfield Street, Liverpool Street",51.518908,-0.079249,1,0,1,34,32,1
2026-08-16 23:45:00+00:00,BikePoints_253,"Shoreditch Park, Hoxton",51.534042,-0.086379,7,0,7,30,19,4
2026-08-16 23:45:00+00:00,BikePoints_254,"Chadwell Street, Angel",51.530515,-0.106408,3,1,2,18,14,1
2026-08-16 23:45:00+00:00,BikePoints_255,"Clifton Road, Maida Vale",51.525575,-0.179592,14,2,12,22,5,3
2026-08-16 23:45:00+00:00,BikePoints_256,"Houghton Street, Strand",51.51362,-0.116764,0,0,0,15,14,1
2026-08-16 23:45:00+00:00,BikePoints_257,"Westminster University, Marylebone",51.522481,-0.154907,5,0,5,16,9,2
2026-08-16 23:45:00+00:00,BikePoints_258,"Kensington Gore, Knightsbridge",51.501432,-0.178656,0,0,0,23,23,0
2026-08-16 23:45:00+00:00,BikePoints_259,"Bourne Street, Belgravia",51.490959,-0.153233,5,1,4,16,11,0
2026-08-16 23:45:00+00:00,BikePoints_260,"Broadwick Street, Soho",51.513684,-0.13558,0,0,0,18,15,3
2026-08-16 23:45:00+00:00,BikePoints_261,"Princes Square, Bayswater",51.513489,-0.191351,9,3,6,16,7,0
2026-08-16 23:45:00+00:00,BikePoints_262,"LSBU (Borough Road), Elephant & Castle",51.498744,-0.103132,6,1,5,35,29,0
2026-08-16 23:45:00+00:00,BikePoints_263,"St. Mary Axe, Aldgate",51.514225,-0.08066,2,2,0,21,16,3
2026-08-16 23:45:00+00:00,BikePoints_264,"Tysoe Street, Clerkenwell",51.526443,-0.109256,3,2,1,20,16,1
2026-08-16 23:45:00+00:00,BikePoints_265,"Southwick Street, Paddington",51.515953,-0.169249,6,3,3,17,11,0
2026-08-16 23:45:00+00:00,BikePoints_266,"Queen's Gate (North), Kensington",51.501026,-0.180246,0,0,0,41,39,2
2026-08-16 23:45:00+00:00,BikePoints_268,"Belgrave Road, Victoria",51.493204,-0.144132,26,0,26,29,1,2
2026-08-16 23:45:00+00:00,BikePoints_269,"Empire Square, The Borough",51.500823,-0.08974,44,1,43,46,0,2
2026-08-16 23:45:00+00:00,BikePoints_271,"London Zoo,  The Regent's Park",51.535836,-0.156285,10,0,10,32,22,0
2026-08-16 23:45:00+00:00,BikePoints_272,"Baylis Road, Waterloo",51.501444,-0.110699,0,0,0,22,20,2
2026-08-16 23:45:00+00:00,BikePoints_273,"Belvedere Road 1, South Bank",51.506133,-0.114686,13,1,12,38,21,4
2026-08-16 23:45:00+00:00,BikePoints_274,"Warwick Road, Olympia",51.496712,-0.205284,13,5,8,36,23,0
2026-08-16 23:45:00+00:00,BikePoints_275,"Barbican Centre, Barbican",51.520044,-0.092176,0,0,0,19,18,1
2026-08-16 23:45:00+00:00,BikePoints_276,"Lower Thames Street, Monument",51.509301,-0.084985,0,0,0,24,23,1
2026-08-16 23:45:00+00:00,BikePoints_277,"Kensington Church Street, Kensington",51.503157,-0.191496,8,1,7,17,7,2
2026-08-16 23:45:00+00:00,BikePoints_278,"Tooley Street, Bermondsey",51.503493,-0.07962,20,8,12,27,3,4
2026-08-16 23:45:00+00:00,BikePoints_279,"North Wharf Road, Paddington",51.518623,-0.176603,5,3,2,23,17,1
2026-08-16 23:45:00+00:00,BikePoints_280,"Royal Avenue 2, Chelsea",51.490083,-0.162418,9,0,9,10,1,0
2026-08-16 23:45:00+00:00,BikePoints_281,"Smith Square, Westminster",51.495805,-0.127575,12,2,10,18,6,0
2026-08-16 23:45:00+00:00,BikePoints_282,"Royal London Hospital, Whitechapel",51.518675,-0.06111,29,5,24,42,7,6
2026-08-16 23:45:00+00:00,BikePoints_283,"Kingsway, Covent Garden",51.514409,-0.118478,0,0,0,16,16,0
2026-08-16 23:45:00+00:00,BikePoints_284,"Lambeth North Station, Waterloo",51.49914,-0.112031,12,1,11,20,8,0
2026-08-16 23:45:00+00:00,BikePoints_286,"St. John's Wood Road, St. John's Wood",51.527294,-0.174653,21,4,17,35,12,2
2026-08-16 23:45:00+00:00,BikePoints_287,"Bedford Way, Bloomsbury",51.523673,-0.128377,4,1,3,23,18,1
2026-08-16 23:45:00+00:00,BikePoints_288,"Elizabeth Bridge, Victoria",51.492369,-0.147478,33,0,33,34,1,0
2026-08-16 23:45:00+00:00,BikePoints_289,"South Audley Street, Mayfair",51.50923,-0.151289,1,0,1,15,14,0
2026-08-16 23:45:00+00:00,BikePoints_290,"St Mary's Hospital, Paddington",51.518268,-0.171103,3,0,3,20,14,3
2026-08-16 23:45:00+00:00,BikePoints_291,"Claverton Street, Pimlico",51.484839,-0.138089,31,1,30,32,0,1
2026-08-16 23:45:00+00:00,BikePoints_292,"Montpelier Street, Knightsbridge",51.498884,-0.165471,8,1,7,16,8,0
2026-08-16 23:45:00+00:00,BikePoints_293,"Kensington Olympia Station, Olympia",51.498157,-0.209494,11,0,11,25,14,0
2026-08-16 23:45:00+00:00,BikePoints_294,"St. George's Square, Pimlico",51.488226,-0.135635,14,1,13,16,0,2
2026-08-16 23:45:00+00:00,BikePoints_295,"Swan Street, The Borough",51.500296,-0.092762,4,0,4,27,22,1
2026-08-16 23:45:00+00:00,BikePoints_296,"Knaresborough Place, Earl's Court",51.493631,-0.190603,6,1,5,18,10,2
2026-08-16 23:45:00+00:00,BikePoints_297,"Geraldine Street, Elephant & Castle",51.496127,-0.106,13,2,11,17,3,1
2026-08-16 23:45:00+00:00,BikePoints_298,"Curlew Street, Shad Thames",51.502279,-0.074189,12,2,10,21,5,4
2026-08-16 23:45:00+00:00,BikePoints_299,"Vincent Square, Westminster",51.493985,-0.136928,16,0,16,19,3,0
2026-08-16 23:45:00+00:00,BikePoints_300,"Serpentine Car Park, Hyde Park",51.505014,-0.17306,4,0,4,18,11,3
2026-08-16 23:45:00+00:00,BikePoints_301,"Marylebone Lane, Marylebone",51.514759,-0.148105,2,1,1,24,18,4
2026-08-16 23:45:00+00:00,BikePoints_302,"Putney Pier, Wandsworth",51.466907,-0.216573,20,4,16,28,5,3
2026-08-16 23:45:00+00:00,BikePoints_303,"Albert Gate, Hyde Park",51.502953,-0.158456,2,1,1,34,27,5
2026-08-16 23:45:00+00:00,BikePoints_306,"Rathbone Street, Fitzrovia",51.518162,-0.135025,0,0,0,16,14,2
2026-08-16 23:45:00+00:00,BikePoints_307,"Black Lion Gate, Kensington Gardens",51.509908,-0.187842,19,9,10,24,0,5
2026-08-16 23:45:00+00:00,BikePoints_308,"Long Lane , Bermondsey",51.499075,-0.085666,20,4,16,20,0,0
2026-08-16 23:45:00+00:00,BikePoints_309,"Embankment (Savoy), Strand",51.509631,-0.119047,0,0,0,41,40,1
2026-08-16 23:45:00+00:00,BikePoints_310,"Black Prince Road, Vauxhall",51.490867,-0.116911,14,3,11,19,4,1
2026-08-16 23:45:00+00:00,BikePoints_311,"Foley Street, Fitzrovia",51.519181,-0.140485,4,1,3,24,20,0
2026-08-16 23:45:00+00:00,BikePoints_312,"Grove End Road, St. John's Wood",51.530889,-0.17677,18,5,13,20,0,2
2026-08-16 23:45:00+00:00,BikePoints_313,"Wells Street, Fitzrovia",51.517344,-0.138072,3,1,2,38,32,3
2026-08-16 23:45:00+00:00,BikePoints_314,"Tyers Gate, Bermondsey",51.500889,-0.083159,33,1,32,36,1,2
2026-08-16 23:45:00+00:00,BikePoints_315,"The Tennis Courts, The Regent's Park",51.525367,-0.153463,7,7,0,16,8,1
2026-08-16 23:45:00+00:00,BikePoints_316,"Warwick Row, Westminster",51.497998,-0.14296,0,0,0,21,18,3
2026-08-16 23:45:00+00:00,BikePoints_317,"Dickens Square, Borough",51.496791,-0.093913,6,0,6,32,26,0
2026-08-16 23:45:00+00:00,BikePoints_318,"Sackville Street, Mayfair",51.510048,-0.138846,2,2,0,18,15,1
2026-08-16 23:45:00+00:00,BikePoints_319,"Baldwin Street, St. Luke's",51.527025,-0.088542,7,1,6,21,12,2
2026-08-16 23:45:00+00:00,BikePoints_320,"Queen Mother Sports Centre, Victoria",51.493573,-0.139956,21,0,21,26,5,0
2026-08-16 23:45:00+00:00,BikePoints_321,"Bermondsey Street, Bermondsey",51.497855,-0.081608,15,3,12,24,8,1
2026-08-16 23:45:00+00:00,BikePoints_322,"Palissy Street, Shoreditch",51.526293,-0.073955,24,1,23,26,0,2
2026-08-16 23:45:00+00:00,BikePoints_323,"Clifton Street, Shoreditch",51.523196,-0.083067,6,1,5,24,18,0
2026-08-16 23:45:00+00:00,BikePoints_324,"Ontario Street, Elephant & Castle",51.49652,-0.101384,10,0,10,15,4,1
2026-08-16 23:45:00+00:00,BikePoints_326,"Graham Street, Angel",51.532661,-0.099981,19,1,18,26,6,1
2026-08-16 23:45:00+00:00,BikePoints_327,"Westbourne Green, Westbourne",51.522168,-0.192814,9,1,8,21,11,1
2026-08-16 23:45:00+00:00,BikePoints_328,"New North Road 2, Hoxton",51.53114,-0.086016,4,2,2,22,18,0
2026-08-16 23:45:00+00:00,BikePoints_329,"Prince Albert Road, The Regent's Park",51.535892,-0.160854,4,3,1,24,16,4
2026-08-16 23:45:00+00:00,BikePoints_330,"Eastbourne Mews, Paddington",51.516417,-0.179135,11,3,8,34,21,2
2026-08-16 23:45:00+00:00,BikePoints_331,"Bunhill Row, Moorgate",51.520858,-0.089887,0,0,0,30,26,4
2026-08-16 23:45:00+00:00,BikePoints_332,"Nevern Place, Earl's Court",51.493343,-0.194757,9,0,9,20,10,1
2026-08-16 23:45:00+00:00,BikePoints_333,"Palace Gardens Terrace, Notting Hill",51.508605,-0.193764,17,4,13,37,18,2
2026-08-16 23:45:00+00:00,BikePoints_334,"Agar Grove, Camden Town",51.542891,-0.132253,13,4,9,18,4,1
2026-08-16 23:45:00+00:00,BikePoints_335,"Tavistock Street, Covent Garden",51.511968,-0.120718,0,0,0,33,30,3
2026-08-16 23:45:00+00:00,BikePoints_336,"Concert Hall Approach, South Bank",51.504841,-0.115153,23,0,23,30,5,2
2026-08-16 23:45:00+00:00,BikePoints_337,"Pembridge Villas, Notting Hill",51.511084,-0.197524,6,2,4,16,9,1
2026-08-16 23:45:00+00:00,BikePoints_338,"Wellington Street , Strand",51.511756,-0.119643,0,0,0,24,20,4
2026-08-16 23:45:00+00:00,BikePoints_340,"Bank of England Museum, Bank",51.514441,-0.087587,0,0,0,16,14,2
2026-08-16 23:45:00+00:00,BikePoints_341,"Craven Street, Strand",51.508103,-0.126021,0,0,0,23,21,2
2026-08-16 23:45:00+00:00,BikePoints_344,"Goswell Road (City Uni), Finsbury",51.528246,-0.101026,10,1,9,16,5,1
2026-08-16 23:45:00+00:00,BikePoints_345,"Flood Street, Chelsea",51.488023,-0.166878,4,0,4,33,28,1
2026-08-16 23:45:00+00:00,BikePoints_348,"Grosvenor Square, Mayfair",51.51217,-0.150481,2,1,1,17,11,4
2026-08-16 23:45:00+00:00,BikePoints_349,"St. George Street, Mayfair",51.51196,-0.142783,0,0,0,18,16,2
2026-08-16 23:45:00+00:00,BikePoints_350,"Queen's Gate, Kensington Gardens",51.501715,-0.179854,4,2,2,21,12,5
2026-08-16 23:45:00+00:00,BikePoints_351,"Macclesfield Rd, St Lukes",51.529423,-0.097122,10,1,9,28,16,2
2026-08-16 23:45:00+00:00,BikePoints_352,"Vauxhall Street, Vauxhall",51.486965,-0.116625,17,2,15,19,2,0
2026-08-16 23:45:00+00:00,BikePoints_353,"Greycoat Street , Westminster",51.494591,-0.134234,13,0,13,17,4,0
2026-08-16 23:45:00+00:00,BikePoints_354,"Northumberland Avenue, Strand",51.506767,-0.123702,2,0,2,37,35,0
2026-08-16 23:45:00+00:00,BikePoints_355,"Clapham Common Station, Clapham Common",51.461388,-0.139221,17,0,17,21,2,2
2026-08-16 23:45:00+00:00,BikePoints_356,"South Kensington Station, South Kensington",51.494412,-0.173881,2,0,2,15,12,1
2026-08-16 23:45:00+00:00,BikePoints_357,"Howland Street, Fitzrovia",51.520994,-0.139016,7,1,6,30,23,0
2026-08-16 23:45:00+00:00,BikePoints_358,"High Holborn , Covent Garden",51.516398,-0.124257,0,0,0,20,20,0
2026-08-16 23:45:00+00:00,BikePoints_359,"Butler Place, Westminster",51.497829,-0.13544,0,0,0,18,17,1
2026-08-16 23:45:00+00:00,BikePoints_360,"Howick Place, Westminster",51.496753,-0.138733,0,0,0,27,26,1
2026-08-16 23:45:00+00:00,BikePoints_361,"Waterloo Station 2, Waterloo",51.503919,-0.113426,15,1,14,55,40,0
2026-08-16 23:45:00+00:00,BikePoints_362,"Royal College Street, Camden Town",51.536264,-0.133952,47,3,44,57,7,3
2026-08-16 23:45:00+00:00,BikePoints_363,"Lord's, St. John's Wood",51.529121,-0.171185,10,0,10,24,13,1
2026-08-16 23:45:00+00:00,BikePoints_364,"Store Street, Bloomsbury",51.519572,-0.13214,5,4,1,32,26,1
2026-08-16 23:45:00+00:00,BikePoints_365,"City Road, Angel",51.530344,-0.100168,26,6,20,47,18,3
2026-08-16 23:45:00+00:00,BikePoints_367,"Harrowby Street, Marylebone",51.517372,-0.164207,1,0,1,16,13,2
2026-08-16 23:45:00+00:00,BikePoints_368,"Lowndes Square, Knightsbridge",51.50058,-0.158837,0,0,0,23,22,1
2026-08-16 23:45:00+00:00,BikePoints_370,"Paddington Green, Paddington",51.520205,-0.174593,9,3,6,20,11,0
2026-08-16 23:45:00+00:00,BikePoints_371,"Brockwell Lido, Brixton",51.453118,-0.104955,26,0,26,30,3,1
2026-08-16 23:45:00+00:00,BikePoints_372,"Sardinia Street, Holborn",51.515208,-0.117863,0,0,0,24,24,0
2026-08-16 23:45:00+00:00,BikePoints_373,"Prince Consort Road, Knightsbridge",51.499806,-0.176415,0,0,0,18,17,1
2026-08-16 23:45:00+00:00,BikePoints_374,"Waterloo Station 1, Waterloo",51.504027,-0.113864,10,0,10,36,21,5
2026-08-16 23:45:00+00:00,BikePoints_375,"Kensington Town Hall, Kensington",51.501945,-0.194392,3,0,3,18,14,1
2026-08-16 23:45:00+00:00,BikePoints_376,"Millbank Tower, Pimlico",51.491884,-0.125674,4,1,3,24,18,2
2026-08-16 23:45:00+00:00,BikePoints_377,"Waterloo Bridge, South Bank",51.505354,-0.113656,9,2,7,15,5,1
2026-08-16 23:45:00+00:00,BikePoints_378,"Natural History Museum, South Kensington",51.495592,-0.179077,1,0,1,42,40,1
2026-08-16 23:45:00+00:00,BikePoints_379,"Turquoise Island, Notting Hill",51.514311,-0.200838,6,0,6,21,15,0
2026-08-16 23:45:00+00:00,BikePoints_380,"Stanhope Gate, Mayfair",51.506864,-0.150666,3,0,3,21,18,0
2026-08-16 23:45:00+00:00,BikePoints_381,"Charlotte Street, Fitzrovia",51.51953,-0.135777,0,0,0,14,14,0
2026-08-16 23:45:00+00:00,BikePoints_382,"Farm Street, Mayfair",51.509351,-0.147449,0,0,0,15,15,0
2026-08-16 23:45:00+00:00,BikePoints_383,"Frith Street, Soho",51.513103,-0.131213,1,0,1,18,15,2
2026-08-16 23:45:00+00:00,BikePoints_384,"Marloes Road, Kensington",51.496481,-0.192404,3,0,3,15,12,0
2026-08-16 23:45:00+00:00,BikePoints_386,"Moor Street, Soho",51.513527,-0.13011,0,0,0,16,12,4
2026-08-16 23:45:00+00:00,BikePoints_387,"Fire Brigade Pier, Vauxhall",51.493699,-0.121394,0,0,0,30,27,3
2026-08-16 23:45:00+00:00,BikePoints_388,"Southampton Street, Strand",51.510701,-0.121723,1,0,1,14,12,1
2026-08-16 23:45:00+00:00,BikePoints_389,"Upper Grosvenor Street, Mayfair",51.51013,-0.155757,2,0,2,18,16,0
2026-08-16 23:45:00+00:00,BikePoints_390,"Buxton Street 1, Shoreditch",51.521776,-0.068856,10,0,10,41,30,1
2026-08-16 23:45:00+00:00,BikePoints_391,"Clifford Street, Mayfair",51.510662,-0.142345,2,1,1,17,14,1
2026-08-16 23:45:00+00:00,BikePoints_392,"Imperial College, Knightsbridge",51.499428,-0.179702,0,0,0,33,32,1
2026-08-16 23:45:00+00:00,BikePoints_393,"Snow Hill, Farringdon",51.517334,-0.103604,2,0,2,15,13,0
2026-08-16 23:45:00+00:00,BikePoints_394,"Aberdeen Place, St. John's Wood",51.524826,-0.176268,17,5,12,18,0,1
2026-08-16 23:45:00+00:00,BikePoints_395,"Cadogan Gardens, Chelsea",51.492462,-0.159919,3,1,2,15,11,1
2026-08-16 23:45:00+00:00,BikePoints_396,"Shouldham Street, Marylebone",51.51809,-0.163609,2,0,2,16,13,1
2026-08-16 23:45:00+00:00,BikePoints_397,"Devonshire Terrace, Bayswater",51.51348,-0.17977,9,4,5,16,3,4
2026-08-16 23:45:00+00:00,BikePoints_398,"Holland Park, Kensington",51.502319,-0.200742,18,0,18,30,12,0
2026-08-16 23:45:00+00:00,BikePoints_399,"Brick Lane Market, Shoreditch",51.522617,-0.071653,10,1,9,24,13,1
2026-08-16 23:45:00+00:00,BikePoints_400,"George Street, Marylebone",51.517703,-0.154106,14,0,14,27,13,0
2026-08-16 23:45:00+00:00,BikePoints_401,"Columbia Road, Shoreditch",51.528187,-0.075375,14,2,12,24,9,1
2026-08-16 23:45:00+00:00,BikePoints_402,"Penfold Street, Marylebone",51.522892,-0.171681,0,0,0,15,14,1
2026-08-16 23:45:00+00:00,BikePoints_403,"George Place Mews, Marylebone",51.516892,-0.158249,2,1,1,16,12,2
2026-08-16 23:45:00+00:00,BikePoints_404,"Palace Gate, Kensington Gardens",51.502042,-0.1844,8,0,8,13,0,5
2026-08-16 23:45:00+00:00,BikePoints_405,"Gloucester Road Station, South Kensington",51.494185,-0.18267,0,0,0,15,14,1
2026-08-16 23:45:00+00:00,BikePoints_408,"Sun Street, Liverpool Street",51.520009,-0.083935,3,1,2,24,21,0
2026-08-16 23:45:00+00:00,BikePoints_409,"Strata, Elephant & Castle",51.493146,-0.099828,13,6,7,41,20,8
2026-08-16 23:45:00+00:00,BikePoints_410,"Orchard Place, Blackwall Tunnel",51.510212,0.004979,15,3,12,24,8,1
2026-08-16 23:45:00+00:00,BikePoints_411,"Rotherhithe Roundabout, Rotherhithe",51.499169,-0.055846,17,1,16,19,1,1
2026-08-16 23:45:00+00:00,BikePoints_412,"Cleaver Street, Kennington",51.488105,-0.110121,9,0,9,17,8,0
2026-08-16 23:45:00+00:00,BikePoints_419,"Chelsea Bridge, Pimlico",51.485821,-0.149004,1,0,1,15,14,0
2026-08-16 23:45:00+00:00,BikePoints_423,"Eaton Square (South), Belgravia",51.494561,-0.153933,8,0,8,31,23,0
2026-08-16 23:45:00+00:00,BikePoints_424,"Ebury Bridge, Pimlico",51.490491,-0.149186,17,1,16,29,10,2
2026-08-16 23:45:00+00:00,BikePoints_426,"Vincent Street, Pimlico",51.493072,-0.129925,12,5,7,17,5,0
2026-08-16 23:45:00+00:00,BikePoints_427,"Cheapside, Bank",51.51397,-0.09294,0,0,0,43,43,0
2026-08-16 23:45:00+00:00,BikePoints_428,"Exhibition Road, Knightsbridge",51.499917,-0.174554,0,0,0,20,20,0
2026-08-16 23:45:00+00:00,BikePoints_430,"South Parade, Chelsea",51.48902,-0.17524,5,1,4,18,11,2
2026-08-16 23:45:00+00:00,BikePoints_431,"Crinan Street, King's Cross",51.534474,-0.122203,5,3,2,20,14,1
2026-08-16 23:45:00+00:00,BikePoints_432,"Exhibition Road Museums 1, South Kensington",51.496468,-0.173796,0,0,0,13,13,0
2026-08-16 23:45:00+00:00,BikePoints_433,"Wren Street, Holborn",51.524564,-0.116279,3,0,3,33,27,3
2026-08-16 23:45:00+00:00,BikePoints_435,"Kennington Station, Kennington",51.488852,-0.105593,5,1,4,23,18,0
2026-08-16 23:45:00+00:00,BikePoints_436,"Red Lion Street, Holborn",51.51824,-0.11655,1,1,0,36,35,0
2026-08-16 23:45:00+00:00,BikePoints_437,"Vauxhall Walk, Vauxhall",51.488124,-0.120903,19,1,18,27,8,0
2026-08-16 23:45:00+00:00,BikePoints_439,"Killick Street, King's Cross",51.5338,-0.118677,15,2,13,22,5,2
2026-08-16 23:45:00+00:00,BikePoints_440,"Kennington Oval, Oval",51.483145,-0.113134,30,0,30,33,0,3
2026-08-16 23:45:00+00:00,BikePoints_441,"Sail Street, Vauxhall",51.495656,-0.114605,13,0,13,24,10,1
2026-08-16 23:45:00+00:00,BikePoints_442,"Walmer Road, Avondale",51.510101,-0.211358,8,1,7,24,16,0
2026-08-16 23:45:00+00:00,BikePoints_443,"Philpot Street, Whitechapel",51.515256,-0.058641,6,0,6,30,21,3
2026-08-16 23:45:00+00:00,BikePoints_444,"Bethnal Green Garden, Bethnal Green",51.52568,-0.055312,2,0,2,24,21,1
2026-08-16 23:45:00+00:00,BikePoints_445,"Cheshire Street, Bethnal Green",51.52388,-0.065076,4,0,4,28,24,0
2026-08-16 23:45:00+00:00,BikePoints_446,"York Hall, Bethnal Green",51.528936,-0.055894,14,0,14,27,11,2
2026-08-16 23:45:00+00:00,BikePoints_447,"Jubilee Crescent, Cubitt Town",51.493381,-0.007542,6,1,5,54,46,2
2026-08-16 23:45:00+00:00,BikePoints_448,"Fisherman's Walk West, Canary Wharf",51.50623,-0.02296,15,0,15,36,20,1
2026-08-16 23:45:00+00:00,BikePoints_449,"Shadwell Station, Shadwell",51.511088,-0.057159,27,2,25,35,5,3
2026-08-16 23:45:00+00:00,BikePoints_450,"Jubilee Street, Stepney",51.515975,-0.053177,7,2,5,28,21,0
2026-08-16 23:45:00+00:00,BikePoints_451,"Hermitage Court, Wapping",51.504719,-0.063531,10,4,6,16,5,1
2026-08-16 23:45:00+00:00,BikePoints_452,"St. Katharine's Way, Tower",51.505697,-0.070542,1,1,0,24,21,2
2026-08-16 23:45:00+00:00,BikePoints_453,"Garnet Street, Shadwell",51.508447,-0.055167,10,0,10,24,13,1
2026-08-16 23:45:00+00:00,BikePoints_454,"Napier Avenue, Millwall",51.487679,-0.021582,15,6,9,20,3,2
2026-08-16 23:45:00+00:00,BikePoints_455,"East Ferry Road, Cubitt Town",51.49447,-0.014409,16,2,14,17,0,1
2026-08-16 23:45:00+00:00,BikePoints_456,"Albert Street, Camden Town",51.537706,-0.144801,11,4,7,26,10,5
2026-08-16 23:45:00+00:00,BikePoints_457,"Castlehaven Road, Camden Town",51.542138,-0.145393,9,3,6,29,19,1
2026-08-16 23:45:00+00:00,BikePoints_458,"Wapping Lane, Wapping",51.504749,-0.057544,10,1,9,28,15,3
2026-08-16 23:45:00+00:00,BikePoints_459,"Gunmakers Lane, Old Ford",51.535179,-0.03338,14,1,13,17,2,1
2026-08-16 23:45:00+00:00,BikePoints_461,"Aston Street, Stepney",51.516,-0.038775,12,2,10,26,14,0
2026-08-16 23:45:00+00:00,BikePoints_462,"Bonny Street, Camden Town",51.541603,-0.138853,33,11,22,45,8,4
2026-08-16 23:45:00+00:00,BikePoints_463,"Thurtle Road, Haggerston",51.534776,-0.071881,3,1,2,22,17,2
2026-08-16 23:45:00+00:00,BikePoints_464,"St. Mary & St. Michael Church, Stepney",51.51417,-0.052099,6,0,6,25,19,0
2026-08-16 23:45:00+00:00,BikePoints_465,"Pitfield Street North,Hoxton",51.53558,-0.08249,21,4,17,28,5,2
2026-08-16 23:45:00+00:00,BikePoints_466,"Whiston Road, Haggerston",51.534464,-0.076341,8,4,4,21,11,2
2026-08-16 23:45:00+00:00,BikePoints_467,"Southern Grove, Bow",51.523538,-0.030556,3,0,3,17,14,0
2026-08-16 23:45:00+00:00,BikePoints_468,"Cantrell Road, Bow",51.521564,-0.022694,18,0,18,24,4,2
2026-08-16 23:45:00+00:00,BikePoints_469,"Lindfield Street, Poplar",51.513757,-0.020467,20,2,18,44,22,2
2026-08-16 23:45:00+00:00,BikePoints_470,"Mostyn Grove, Bow",51.530535,-0.025492,19,4,15,46,26,1
2026-08-16 23:45:00+00:00,BikePoints_471,"Hewison Street, Old Ford",51.533283,-0.028155,14,4,10,19,5,0
2026-08-16 23:45:00+00:00,BikePoints_472,"Malmesbury Road, Bow",51.529452,-0.027616,7,3,4,21,12,2
2026-08-16 23:45:00+00:00,BikePoints_473,"Millharbour, Millwall",51.496137,-0.019355,8,1,7,19,7,4
2026-08-16 23:45:00+00:00,BikePoints_474,"Gascoyne Road, Victoria Park",51.541515,-0.038557,10,7,3,20,7,3
2026-08-16 23:45:00+00:00,BikePoints_475,"Lightermans Road, Millwall",51.499041,-0.020157,8,3,5,31,21,2
2026-08-16 23:45:00+00:00,BikePoints_476,"Stebondale Street, Cubitt Town",51.489096,-0.009205,5,0,5,29,20,4
2026-08-16 23:45:00+00:00,BikePoints_477,"Spindrift Avenue, Millwall",51.49109,-0.018716,16,2,14,36,18,2
2026-08-16 23:45:00+00:00,BikePoints_478,"Stepney Green Station, Stepney",51.521889,-0.04667,17,1,16,21,0,4
2026-08-16 23:45:00+00:00,BikePoints_479,"Pott Street, Bethnal Green",51.527152,-0.058005,13,1,12,20,3,4
2026-08-16 23:45:00+00:00,BikePoints_480,"Flamborough Street, Limehouse",51.512871,-0.038986,23,3,20,25,1,1
2026-08-16 23:45:00+00:00,BikePoints_481,"Saunders Ness Road, Cubitt Town",51.487129,-0.009001,9,1,8,35,23,3
2026-08-16 23:45:00+00:00,BikePoints_482,"Exhibition Road Museums 2, South Kensington",51.495947,-0.173689,0,0,0,14,14,0
2026-08-16 23:45:00+00:00,BikePoints_483,"Albert Gardens, Stepney",51.51328,-0.047784,26,2,24,33,4,3
2026-08-16 23:45:00+00:00,BikePoints_484,"Bromley High Street, Bow",51.528828,-0.013258,11,2,9,24,9,4
2026-08-16 23:45:00+00:00,BikePoints_485,"Old Ford Road, Bethnal Green",51.531127,-0.048017,14,2,12,24,4,6
2026-08-16 23:45:00+00:00,BikePoints_486,"Granby Street, Shoreditch",51.525645,-0.069543,3,0,3,37,33,1
2026-08-16 23:45:00+00:00,BikePoints_487,"Canton Street, Poplar",51.511811,-0.025626,8,1,7,23,14,1
2026-08-16 23:45:00+00:00,BikePoints_488,"Reardon Street, Wapping",51.506946,-0.058681,3,0,3,22,14,5
2026-08-16 23:45:00+00:00,BikePoints_489,"Christian Street, Whitechapel",51.513074,-0.064094,20,7,13,34,14,0
2026-08-16 23:45:00+00:00,BikePoints_490,"Pennington Street, Wapping",51.508622,-0.065006,9,4,5,45,34,2
2026-08-16 23:45:00+00:00,BikePoints_491,"Queen Mary's, Mile End",51.522507,-0.041378,9,0,9,45,31,5
2026-08-16 23:45:00+00:00,BikePoints_494,"South Quay East, Canary Wharf",51.50196,-0.016251,14,2,12,36,22,0
2026-08-16 23:45:00+00:00,BikePoints_495,"Bow Church Station, Bow",51.528169,-0.018703,25,6,19,39,13,1
2026-08-16 23:45:00+00:00,BikePoints_496,"Devons Road, Bow",51.52512,-0.015578,30,4,26,39,4,5
2026-08-16 23:45:00+00:00,BikePoints_497,"Merchant Street, Bow",51.526578,-0.027581,25,5,20,27,1,1
2026-08-16 23:45:00+00:00,BikePoints_498,"Bow Road Station, Bow",51.527058,-0.025296,9,4,5,42,32,1
2026-08-16 23:45:00+00:00,BikePoints_499,"Furze Green, Bow",51.519265,-0.021345,20,3,17,36,13,3
2026-08-16 23:45:00+00:00,BikePoints_500,"Ansell House, Stepney",51.520019,-0.05438,1,0,1,41,38,2
2026-08-16 23:45:00+00:00,BikePoints_501,"Cephas Street, Bethnal Green",51.522561,-0.054883,10,1,9,24,11,3
2026-08-16 23:45:00+00:00,BikePoints_502,"Bonner Gate, Victoria Park",51.53341,-0.049591,2,0,2,21,15,4
2026-08-16 23:45:00+00:00,BikePoints_503,"Cleveland Way, Stepney",51.520893,-0.051394,3,1,2,36,32,1
2026-08-16 23:45:00+00:00,BikePoints_504,"St. John's Park, Cubitt Town",51.496454,-0.009506,7,0,7,30,21,2
2026-08-16 23:45:00+00:00,BikePoints_505,"Ackroyd Drive, Bow",51.520398,-0.026768,24,6,18,29,0,5
2026-08-16 23:45:00+00:00,BikePoints_506,"Bell Lane, Liverpool Street",51.517475,-0.075855,0,0,0,23,22,1
2026-08-16 23:45:00+00:00,BikePoints_507,"Clarkson Street, Bethnal Green",51.528692,-0.059091,14,3,11,31,16,1
2026-08-16 23:45:00+00:00,BikePoints_508,"Fournier Street, Whitechapel",51.519362,-0.074431,1,1,0,18,15,2
2026-08-16 23:45:00+00:00,BikePoints_509,"Fore Street Avenue, Guildhall",51.517842,-0.090075,0,0,0,19,17,2
2026-08-16 23:45:00+00:00,BikePoints_510,"Westferry DLR, Limehouse",51.509303,-0.025996,17,1,16,41,22,2
2026-08-16 23:45:00+00:00,BikePoints_511,"Sutton Street, Shadwell",51.511066,-0.053558,28,4,24,33,2,3
2026-08-16 23:45:00+00:00,BikePoints_513,"Watney Market, Stepney",51.514222,-0.055656,10,2,8,51,40,1
2026-08-16 23:45:00+00:00,BikePoints_514,"Portman Square, Marylebone",51.516204,-0.155525,1,1,0,17,15,1
2026-08-16 23:45:00+00:00,BikePoints_515,"Russell Gardens, Olympia",51.500088,-0.211316,5,0,5,24,19,0
2026-08-16 23:45:00+00:00,BikePoints_516,"Chrisp Street Market, Poplar",51.5112,-0.014438,14,3,11,18,3,1
2026-08-16 23:45:00+00:00,BikePoints_517,"Ford Road, Old Ford",51.532513,-0.033085,9,0,9,18,6,3
2026-08-16 23:45:00+00:00,BikePoints_518,"Antill Road, Mile End",51.528224,-0.037471,9,1,8,30,20,1
2026-08-16 23:45:00+00:00,BikePoints_519,"Teviot Street, Poplar",51.518811,-0.011662,32,1,31,33,0,1
2026-08-16 23:45:00+00:00,BikePoints_520,"Bancroft Road, Bethnal Green",51.526041,-0.047218,19,5,14,21,0,2
2026-08-16 23:45:00+00:00,BikePoints_521,"Driffield Road, Old Ford",51.534137,-0.037366,18,0,18,19,0,1
2026-08-16 23:45:00+00:00,BikePoints_522,"Clinton Road, Mile End",51.525941,-0.036017,17,3,14,36,18,1
2026-08-16 23:45:00+00:00,BikePoints_523,"Langdon Park, Poplar",51.51549,-0.013475,17,2,15,24,6,1
2026-08-16 23:45:00+00:00,BikePoints_524,"Lancaster Gate , Bayswater",51.511654,-0.179668,26,0,26,38,11,1
2026-08-16 23:45:00+00:00,BikePoints_525,"Blythe Road, Olympia",51.496927,-0.2135,6,1,5,24,17,1
2026-08-16 23:45:00+00:00,BikePoints_526,"Lancaster Drive, Blackwall",51.503143,-0.008428,13,2,11,27,13,1
2026-08-16 23:45:00+00:00,BikePoints_527,"Hansard Mews, Holland Park",51.503802,-0.215808,12,5,7,20,8,0
2026-08-16 23:45:00+00:00,BikePoints_528,"Clarges Street, Mayfair",51.507326,-0.145827,0,0,0,16,16,0
2026-08-16 23:45:00+00:00,BikePoints_529,"Manresa Road, Chelsea",51.486892,-0.170983,3,0,3,18,13,2
2026-08-16 23:45:00+00:00,BikePoints_530,"Newby Place, Poplar",51.508896,-0.012413,17,2,15,18,0,1
2026-08-16 23:45:00+00:00,BikePoints_531,"Twig Folly Bridge, Mile End",51.530326,-0.042744,8,2,6,21,13,0
2026-08-16 23:45:00+00:00,BikePoints_532,"Jubilee Plaza, Canary Wharf",51.5034,-0.020242,0,0,0,63,59,4
2026-08-16 23:45:00+00:00,BikePoints_533,"Wellington Row, Bethnal Green",51.528222,-0.069743,24,4,20,33,7,2
2026-08-16 23:45:00+00:00,BikePoints_534,"Goldsmith's Row, Haggerston",51.531864,-0.066035,24,3,21,27,0,3
2026-08-16 23:45:00+00:00,BikePoints_536,"Queensbridge Road, Haggerston",51.53385,-0.06992,11,0,11,35,21,3
2026-08-16 23:45:00+00:00,BikePoints_537,"Old Montague Street, Whitechapel",51.51793,-0.067937,13,5,8,18,5,0
2026-08-16 23:45:00+00:00,BikePoints_538,"Naval Row, Blackwall",51.508981,-0.00699,19,4,15,21,1,1
2026-08-16 23:45:00+00:00,BikePoints_539,"Hoxton Station, Hoxton",51.531091,-0.075901,5,1,4,22,17,0
2026-08-16 23:45:00+00:00,BikePoints_541,"Green Park Station, Mayfair",51.506613,-0.142844,0,0,0,28,24,4
2026-08-16 23:45:00+00:00,BikePoints_542,"Salmon Lane, Limehouse",51.514115,-0.033828,12,5,7,33,20,1
2026-08-16 23:45:00+00:00,BikePoints_543,"Lansdowne Walk, Ladbroke Grove",51.509591,-0.204666,12,2,10,21,8,1
2026-08-16 23:45:00+00:00,BikePoints_544,"Percival Street, Finsbury",51.526153,-0.102208,4,1,3,22,16,2
2026-08-16 23:45:00+00:00,BikePoints_545,"Arlington Road, Camden Town",51.539957,-0.145246,14,0,14,24,9,1
2026-08-16 23:45:00+00:00,BikePoints_546,"New Fetter Lane, Holborn",51.517428,-0.107987,0,0,0,21,20,1
2026-08-16 23:45:00+00:00,BikePoints_547,"East India DLR, Blackwall",51.509474,-0.002275,24,7,17,51,22,5
2026-08-16 23:45:00+00:00,BikePoints_548,"Westminster Bridge Road, Elephant & Castle",51.498386,-0.107913,14,0,14,26,11,1
2026-08-16 23:45:00+00:00,BikePoints_549,"Gaywood  Street, Elephant & Castle",51.49605,-0.104193,5,0,5,45,38,2
2026-08-16 23:45:00+00:00,BikePoints_550,"Harford Street, Mile End",51.521564,-0.039264,23,0,23,23,0,0
2026-08-16 23:45:00+00:00,BikePoints_551,"Import Dock, Canary Wharf",51.505772,-0.01646,14,1,13,39,20,5
2026-08-16 23:45:00+00:00,BikePoints_552,"Watney Street, Shadwell",51.511542,-0.056667,5,0,5,27,22,0
2026-08-16 23:45:00+00:00,BikePoints_553,"Regent's Row , Haggerston",51.535678,-0.062546,6,2,4,24,16,2
2026-08-16 23:45:00+00:00,BikePoints_554,"Aberfeldy Street, Poplar",51.513548,-0.005659,11,2,9,16,0,5
2026-08-16 23:45:00+00:00,BikePoints_556,"Heron Quays DLR, Canary Wharf",51.502661,-0.021596,0,0,0,27,25,2
2026-08-16 23:45:00+00:00,BikePoints_557,"King Edward Street, St Pauls",51.51601,-0.0985,1,0,1,20,19,0
2026-08-16 23:45:00+00:00,BikePoints_558,"Page Street, Westminster",51.493978,-0.127554,8,5,3,24,14,2
2026-08-16 23:45:00+00:00,BikePoints_559,"Abbotsbury Road, Holland Park",51.501391,-0.205991,5,0,5,24,19,0
2026-08-16 23:45:00+00:00,BikePoints_560,"Ladbroke Grove Central, Ladbroke Grove",51.511624,-0.205921,6,1,5,21,14,1
2026-08-16 23:45:00+00:00,BikePoints_561,"Rectory Square, Stepney",51.518369,-0.043371,7,1,6,22,14,1
2026-08-16 23:45:00+00:00,BikePoints_562,"Bury Place, Holborn",51.51742,-0.123189,1,1,0,21,20,0
2026-08-16 23:45:00+00:00,BikePoints_563,"Preston's Road, Cubitt Town",51.499286,-0.009152,13,0,13,26,9,4
2026-08-16 23:45:00+00:00,BikePoints_564,"Somerset House, Strand",51.509943,-0.117619,1,1,0,41,39,1
2026-08-16 23:45:00+00:00,BikePoints_565,"Selby Street, Whitechapel",51.521905,-0.063386,6,2,4,17,9,2
2026-08-16 23:45:00+00:00,BikePoints_568,"Bishop's Bridge Road West, Bayswater",51.51616,-0.18697,4,0,4,18,10,4
2026-08-16 23:45:00+00:00,BikePoints_569,"Pitfield Street Central, Hoxton",51.53213,-0.08299,3,0,3,30,23,4
2026-08-16 23:45:00+00:00,BikePoints_570,"Upper Bank Street, Canary Wharf",51.503083,-0.017676,8,0,8,36,23,5
2026-08-16 23:45:00+00:00,BikePoints_571,"Westfield Southern Terrace ,Shepherd's Bush",51.506256,-0.218337,8,0,8,29,19,2
2026-08-16 23:45:00+00:00,BikePoints_572,"Greenland Road, Camden Town",51.539099,-0.141728,34,4,30,36,1,1
2026-08-16 23:45:00+00:00,BikePoints_573,"Limerston Street, West Chelsea",51.485587,-0.18119,2,2,0,18,15,1
2026-08-16 23:45:00+00:00,BikePoints_574,"Eagle Wharf Road, Hoxton",51.53356,-0.09315,18,4,14,45,22,5
2026-08-16 23:45:00+00:00,BikePoints_576,"Alpha Grove, Millwall",51.497304,-0.022793,18,7,11,23,0,5
2026-08-16 23:45:00+00:00,BikePoints_577,"Globe Town Market, Bethnal Green",51.528869,-0.047548,19,3,16,20,0,1
2026-08-16 23:45:00+00:00,BikePoints_578,"Hollybush Gardens, Bethnal Green",51.527607,-0.057133,25,1,24,32,7,0
2026-08-16 23:45:00+00:00,BikePoints_579,"Queen Street 2, Bank",51.511246,-0.093051,3,0,3,36,32,1
2026-08-16 23:45:00+00:00,BikePoints_580,"Doddington Grove, Kennington",51.486929,-0.102996,28,8,20,36,7,1
2026-08-16 23:45:00+00:00,BikePoints_581,"New Cavendish Street, Marylebone",51.519167,-0.147983,4,1,3,18,12,2
2026-08-16 23:45:00+00:00,BikePoints_583,"Abingdon Green, Westminster",51.49764,-0.125972,0,0,0,20,20,0
2026-08-16 23:45:00+00:00,BikePoints_584,"Ilchester Gardens, Bayswater",51.51244,-0.19096,11,3,8,21,10,0
2026-08-16 23:45:00+00:00,BikePoints_586,"Mudchute DLR, Cubitt Town",51.490645,-0.014582,17,3,14,31,13,1
2026-08-16 23:45:00+00:00,BikePoints_587,"Monument Street, Monument",51.50964,-0.08497,5,0,5,22,16,1
2026-08-16 23:45:00+00:00,BikePoints_589,"Drayton Gardens, West Chelsea",51.487196,-0.179369,5,1,4,18,13,0
2026-08-16 23:45:00+00:00,BikePoints_590,"Greenberry Street, St.John's Wood",51.53256,-0.16862,20,2,18,26,6,0
2026-08-16 23:45:00+00:00,BikePoints_591,"Westfield Library Corner, Shepherd's Bush",51.506093,-0.224223,19,4,15,27,8,0
2026-08-16 23:45:00+00:00,BikePoints_592,"Bishop's Bridge Road East, Bayswater",51.5171,-0.18377,2,1,1,20,18,0
2026-08-16 23:45:00+00:00,BikePoints_593,"Northdown Street, King's Cross",51.531066,-0.11934,9,1,8,21,8,4
2026-08-16 23:45:00+00:00,BikePoints_594,"Kingsway Southbound, Strand",51.513875,-0.117774,0,0,0,33,32,1
2026-08-16 23:45:00+00:00,BikePoints_595,"Hammersmith Road, Hammersmith",51.493267,-0.21985,1,0,1,22,20,1
2026-08-16 23:45:00+00:00,BikePoints_596,"Parson's Green , Parson's Green",51.472817,-0.199783,9,1,8,21,12,0
2026-08-16 23:45:00+00:00,BikePoints_597,"Fulham Park Road, Fulham",51.473471,-0.20782,5,1,4,27,22,0
2026-08-16 23:45:00+00:00,BikePoints_598,"Southerton Road, Hammersmith",51.494499,-0.228188,21,2,19,38,15,2
2026-08-16 23:45:00+00:00,BikePoints_599,"Manbre Road, Hammersmith",51.485743,-0.223616,10,0,10,28,18,0
2026-08-16 23:45:00+00:00,BikePoints_600,"South Lambeth Road, Vauxhall",51.481747,-0.124642,16,4,12,21,0,5
2026-08-16 23:45:00+00:00,BikePoints_602,"Union Grove, Wandsworth Road",51.472993,-0.133972,31,1,30,45,13,1
2026-08-16 23:45:00+00:00,BikePoints_603,"Caldwell Street, Stockwell",51.477839,-0.116493,25,0,25,44,19,0
2026-08-16 23:45:00+00:00,BikePoints_604,"St Martins Close, Camden Town",51.538792,-0.138535,17,8,9,18,0,1
2026-08-16 23:45:00+00:00,BikePoints_605,"Seymour Place, Marylebone",51.520331,-0.163667,2,0,2,29,25,2
2026-08-16 23:45:00+00:00,BikePoints_606,"Addison Road, Holland Park",51.504199,-0.210941,4,0,4,26,21,1
2026-08-16 23:45:00+00:00,BikePoints_607,"Putney Bridge Station, Fulham",51.468814,-0.210279,9,1,8,21,12,0
2026-08-16 23:45:00+00:00,BikePoints_608,"Colet Gardens, Hammersmith",51.491093,-0.216493,5,1,4,30,25,0
2026-08-16 23:45:00+00:00,BikePoints_609,"Sugden Road, Clapham",51.465123,-0.157788,15,7,8,19,1,3
2026-08-16 23:45:00+00:00,BikePoints_610,"Danvers Street, West Chelsea",51.482567,-0.172078,5,1,4,21,14,2
2026-08-16 23:45:00+00:00,BikePoints_611,"Princedale Road , Holland Park",51.506465,-0.208486,11,2,9,20,5,4
2026-08-16 23:45:00+00:00,BikePoints_612,"Wandsworth Rd, Isley Court, Wandsworth Road",51.469259,-0.141812,24,3,21,30,6,0
2026-08-16 23:45:00+00:00,BikePoints_613,"Woodstock Grove, Shepherd's Bush",51.504038,-0.2174,1,1,0,24,21,2
2026-08-16 23:45:00+00:00,BikePoints_615,"Finlay Street, Fulham",51.476885,-0.215895,17,1,16,24,7,0
2026-08-16 23:45:00+00:00,BikePoints_616,"Aintree Street, Fulham",51.481021,-0.209973,14,6,8,24,8,2
2026-08-16 23:45:00+00:00,BikePoints_617,"Elysium Place, Fulham",51.471079,-0.207842,15,3,12,21,6,0
2026-08-16 23:45:00+00:00,BikePoints_618,"Eel Brook Common, Walham Green",51.476259,-0.193254,23,1,22,24,1,0
2026-08-16 23:45:00+00:00,BikePoints_619,"Irene Road, Parsons Green",51.473763,-0.19701,17,0,17,23,6,0
2026-08-16 23:45:00+00:00,BikePoints_620,"Surrey Lane, Battersea",51.47518,-0.16716,25,4,21,26,0,1
2026-08-16 23:45:00+00:00,BikePoints_621,"Wandsworth Town Station, Wandsworth",51.460864,-0.187427,30,1,29,33,0,3
2026-08-16 23:45:00+00:00,BikePoints_622,"Lansdowne Road, Ladbroke Grove",51.507481,-0.205535,19,3,16,29,10,0
2026-08-16 23:45:00+00:00,BikePoints_623,"Nantes Close, Wandsworth",51.46193,-0.180791,17,0,17,22,4,1
2026-08-16 23:45:00+00:00,BikePoints_624,"Courland Grove, Wandsworth Road",51.472918,-0.132102,37,1,36,40,0,3
2026-08-16 23:45:00+00:00,BikePoints_625,"Queen's Circus, Battersea Park",51.477619,-0.149551,23,3,20,28,5,0
2026-08-16 23:45:00+00:00,BikePoints_626,"Normand Park, West Kensington",51.484386,-0.204815,19,1,18,24,5,0
2026-08-16 23:45:00+00:00,BikePoints_627,"Holden Street, Battersea",51.46879,-0.15823,18,1,17,20,1,1
2026-08-16 23:45:00+00:00,BikePoints_628,"William Morris Way, Sands End",51.468819,-0.184318,25,2,23,26,1,0
2026-08-16 23:45:00+00:00,BikePoints_629,"Morie Street, Wandsworth",51.459953,-0.190184,25,2,23,28,1,2
2026-08-16 23:45:00+00:00,BikePoints_630,"Clarence Walk, Stockwell",51.470732,-0.126994,27,1,26,28,1,0
2026-08-16 23:45:00+00:00,BikePoints_631,"Battersea Park Road, Nine Elms",51.479501,-0.14177,3,3,0,27,21,3
2026-08-16 23:45:00+00:00,BikePoints_632,"Sheepcote Lane, Battersea",51.470538,-0.163041,26,0,26,28,1,1
2026-08-16 23:45:00+00:00,BikePoints_633,"Vereker Road, West Kensington",51.489591,-0.209378,7,1,6,32,24,1
2026-08-16 23:45:00+00:00,BikePoints_634,"Brook Green South, Brook Green",51.494347,-0.215804,2,0,2,33,30,1
2026-08-16 23:45:00+00:00,BikePoints_635,"Greyhound Road, Hammersmith",51.486062,-0.214428,24,5,19,37,12,1
2026-08-16 23:45:00+00:00,BikePoints_636,"South Park, Sands End",51.467064,-0.193502,23,2,21,28,4,1
2026-08-16 23:45:00+00:00,BikePoints_638,"Falcon Road, Clapham Junction",51.466633,-0.169821,19,2,17,28,7,2
2026-08-16 23:45:00+00:00,BikePoints_640,"Silverthorne Road, Battersea",51.472865,-0.148059,15,0,15,28,11,2
2026-08-16 23:45:00+00:00,BikePoints_641,"Archbishop's Park, Waterloo",51.498241,-0.117495,9,0,9,23,14,0
2026-08-16 23:45:00+00:00,BikePoints_642,"Fawcett Close, Battersea",51.469161,-0.174485,16,2,14,30,11,3
2026-08-16 23:45:00+00:00,BikePoints_643,"All Saints' Road, Portobello",51.519042,-0.204764,4,4,0,22,18,0
2026-08-16 23:45:00+00:00,BikePoints_644,"Rainville Road, Hammersmith",51.483732,-0.223852,3,0,3,36,31,2
2026-08-16 23:45:00+00:00,BikePoints_645,"Great Suffolk Street, The Borough",51.501732,-0.100292,4,2,2,21,14,3
2026-08-16 23:45:00+00:00,BikePoints_646,"Buckingham Gate, Westminster",51.498865,-0.137424,2,2,0,16,10,4
2026-08-16 23:45:00+00:00,BikePoints_647,"Richmond Way, Shepherd's Bush",51.500353,-0.217515,8,0,8,27,19,0
2026-08-16 23:45:00+00:00,BikePoints_648,"Peterborough Road, Sands End",51.46904,-0.196274,12,1,11,20,8,0
2026-08-16 23:45:00+00:00,BikePoints_649,"World's End Place, West Chelsea",51.481805,-0.180274,6,0,6,22,15,1
2026-08-16 23:45:00+00:00,BikePoints_650,"St. Mark's Road, North Kensington",51.51687,-0.213872,12,6,6,21,9,0
2026-08-16 23:45:00+00:00,BikePoints_651,"Thorndike Close, West Chelsea",51.480898,-0.183853,7,3,4,25,18,0
2026-08-16 23:45:00+00:00,BikePoints_652,"Evesham Street, Avondale",51.511486,-0.21819,7,1,6,20,13,0
2026-08-16 23:45:00+00:00,BikePoints_653,"Simpson Street, Clapham Junction",51.470847,-0.170703,24,3,21,25,1,0
2026-08-16 23:45:00+00:00,BikePoints_654,"Ashmole Estate, Oval",51.482678,-0.117661,20,1,19,34,13,1
2026-08-16 23:45:00+00:00,BikePoints_655,"Crabtree Lane, Fulham",51.482944,-0.219346,22,2,20,27,4,1
2026-08-16 23:45:00+00:00,BikePoints_656,"Broomhouse Lane, Parsons Green",51.468418,-0.199135,21,1,20,29,8,0
2026-08-16 23:45:00+00:00,BikePoints_657,"Blythe Road West, Shepherd's Bush",51.49968,-0.221791,4,0,4,21,17,0
2026-08-16 23:45:00+00:00,BikePoints_658,"Ethelburga Estate, Battersea Park",51.477292,-0.164786,19,5,14,30,9,2
2026-08-16 23:45:00+00:00,BikePoints_659,"Blackfriars Station, St. Paul's",51.511934,-0.103078,6,0,6,35,27,2
2026-08-16 23:45:00+00:00,BikePoints_660,"West Kensington Station, West Kensington",51.49087,-0.206029,14,3,11,22,7,1
2026-08-16 23:45:00+00:00,BikePoints_661,"All Saints Church, Portobello",51.51632,-0.202608,8,2,6,37,28,1
2026-08-16 23:45:00+00:00,BikePoints_662,"Phene Street, Chelsea",51.484984,-0.167919,3,1,2,24,20,1
2026-08-16 23:45:00+00:00,BikePoints_663,"Clarendon Road, Avondale",51.51323,-0.211593,5,2,3,24,17,2
2026-08-16 23:45:00+00:00,BikePoints_664,"Austin Road, Battersea Park",51.474376,-0.155442,19,0,19,24,4,1
2026-08-16 23:45:00+00:00,BikePoints_665,"Smugglers Way, Wandsworth",51.461083,-0.191722,26,2,24,27,1,0
2026-08-16 23:45:00+00:00,BikePoints_666,"Harris Academy, Bermondsey",51.492668,-0.07235,14,3,11,18,2,2
2026-08-16 23:45:00+00:00,BikePoints_667,"Shepherd's Bush Road North, Shepherd's Bush",51.501594,-0.222293,30,1,29,34,0,4
2026-08-16 23:45:00+00:00,BikePoints_668,"Ravenscourt Park Station, Hammersmith",51.494223,-0.236769,12,3,9,26,11,3
2026-08-16 23:45:00+00:00,BikePoints_669,"Teversham Lane, Stockwell",51.476149,-0.123258,26,5,21,39,12,1
2026-08-16 23:45:00+00:00,BikePoints_670,"Ashley Crescent, Battersea",51.467185,-0.152248,23,7,16,28,2,3
2026-08-16 23:45:00+00:00,BikePoints_671,"Parsons Green Station, Parsons Green",51.475089,-0.201968,33,3,30,56,21,2
2026-08-16 23:45:00+00:00,BikePoints_672,"Chicheley Street, South Bank",51.502698,-0.116747,12,4,8,24,11,1
2026-08-16 23:45:00+00:00,BikePoints_673,"Hibbert Street, Battersea",51.46517,-0.180389,32,1,31,36,4,0
2026-08-16 23:45:00+00:00,BikePoints_674,"Carnegie Street, King's Cross",51.535467,-0.116191,14,2,12,40,24,2
2026-08-16 23:45:00+00:00,BikePoints_675,"Usk Road, Clapham Junction",51.463489,-0.182126,22,0,22,30,6,2
2026-08-16 23:45:00+00:00,BikePoints_676,"Hartington Road, Stockwell",51.47787,-0.126874,30,2,28,35,5,0
2026-08-16 23:45:00+00:00,BikePoints_677,"Heath Road, Battersea",51.468669,-0.146544,23,2,21,27,4,0
2026-08-16 23:45:00+00:00,BikePoints_678,"Esmond Street, Putney",51.462312,-0.211468,29,7,22,30,1,0
2026-08-16 23:45:00+00:00,BikePoints_679,"Orbel Street, Battersea",51.474535,-0.17021,20,2,18,26,6,0
2026-08-16 23:45:00+00:00,BikePoints_680,"Westbridge Road, Battersea",51.477684,-0.170329,24,3,21,28,1,3
2026-08-16 23:45:00+00:00,BikePoints_681,"Bishop's Avenue, Fulham",51.473036,-0.214749,23,1,22,46,21,2
2026-08-16 23:45:00+00:00,BikePoints_682,"Crisp Road, Hammersmith",51.488108,-0.226606,24,0,24,46,21,1
2026-08-16 23:45:00+00:00,BikePoints_683,"Dorothy Road, Clapham Junction",51.465064,-0.16375,14,1,13,28,13,1
2026-08-16 23:45:00+00:00,BikePoints_684,"Neville Gill Close, Wandsworth",51.454752,-0.195197,30,1,29,32,0,2
2026-08-16 23:45:00+00:00,BikePoints_685,"Osiers Road, Wandsworth",51.46067,-0.198735,14,3,11,30,14,2
2026-08-16 23:45:00+00:00,BikePoints_686,"Beryl Road, Hammersmith",51.488144,-0.222456,8,0,8,26,18,0
2026-08-16 23:45:00+00:00,BikePoints_687,"Clements Road, Bermondsey",51.4954,-0.061698,9,1,8,23,11,3
2026-08-16 23:45:00+00:00,BikePoints_688,"Northfields, Wandsworth",51.460951,-0.200667,22,1,21,28,6,0
2026-08-16 23:45:00+00:00,BikePoints_689,"Spanish Road, Clapham Junction",51.459225,-0.180884,17,3,14,30,13,0
2026-08-16 23:45:00+00:00,BikePoints_690,"Stanley Grove, Battersea",51.470475,-0.15213,21,2,19,24,2,1
2026-08-16 23:45:00+00:00,BikePoints_691,"Erin Close, Walham Green",51.479463,-0.195777,16,1,15,24,8,0
2026-08-16 23:45:00+00:00,BikePoints_692,"Cadogan Close, Victoria Park",51.542118,-0.028941,13,3,10,22,6,3
2026-08-16 23:45:00+00:00,BikePoints_693,"Felsham Road, Putney",51.464786,-0.215618,16,1,15,18,1,1
2026-08-16 23:45:00+00:00,BikePoints_694,"Putney Rail Station, Putney",51.460717,-0.216526,18,7,11,20,1,1
2026-08-16 23:45:00+00:00,BikePoints_695,"Islington Green, Angel",51.536384,-0.102757,10,2,8,21,8,3
2026-08-16 23:45:00+00:00,BikePoints_696,"Charing Cross Hospital, Hammersmith",51.487285,-0.217995,18,2,16,21,3,0
2026-08-16 23:45:00+00:00,BikePoints_697,"Charlotte Terrace, Angel",51.536392,-0.112721,15,7,8,25,8,2
2026-08-16 23:45:00+00:00,BikePoints_698,"Shoreditch Court, Haggerston",51.539083,-0.070329,21,8,13,35,13,1
2026-08-16 23:45:00+00:00,BikePoints_699,"Belford House, Haggerston",51.536654,-0.07023,15,2,13,39,24,0
2026-08-16 23:45:00+00:00,BikePoints_700,"Battersea Church Road, Battersea",51.476964,-0.174347,19,8,11,25,4,2
2026-08-16 23:45:00+00:00,BikePoints_701,"Vicarage Crescent, Battersea",51.472876,-0.176267,20,3,17,30,10,0
2026-08-16 23:45:00+00:00,BikePoints_702,"Durant Street, Bethnal Green",51.528681,-0.06555,15,3,12,24,9,0
2026-08-16 23:45:00+00:00,BikePoints_703,"St. Bride Street, Holborn",51.514665,-0.104583,2,1,1,24,19,3
2026-08-16 23:45:00+00:00,BikePoints_704,"Mexfield Road, East Putney",51.45682,-0.202802,5,5,0,18,11,2
2026-08-16 23:45:00+00:00,BikePoints_705,"Upper Richmond Road, Putney",51.459715,-0.212145,23,6,17,25,0,2
2026-08-16 23:45:00+00:00,BikePoints_706,"Snowsfields, London Bridge",51.502153,-0.083632,1,0,1,31,28,2
2026-08-16 23:45:00+00:00,BikePoints_707,"Barons Court Station, West Kensington",51.490217,-0.215087,26,0,26,32,5,1
2026-08-16 23:45:00+00:00,BikePoints_708,"Disraeli Road, Putney",51.46161,-0.216145,29,0,29,33,3,1
2026-08-16 23:45:00+00:00,BikePoints_709,"Montserrat Road , Putney",51.463211,-0.21555,23,0,23,23,0,0
2026-08-16 23:45:00+00:00,BikePoints_710,"Albert Bridge Road, Battersea Park",51.474392,-0.163347,18,1,17,20,0,2
2026-08-16 23:45:00+00:00,BikePoints_711,"Everington Street, Fulham",51.483356,-0.216305,9,4,5,31,21,1
2026-08-16 23:45:00+00:00,BikePoints_712,"Mile End Stadium, Mile End",51.518541,-0.034903,17,0,17,22,5,0
2026-08-16 23:45:00+00:00,BikePoints_713,"Hawley Crescent, Camden Town",51.541007,-0.14326,19,4,15,22,2,1
2026-08-16 23:45:00+00:00,BikePoints_714,"Stewart's Road, Wandsworth Road",51.473116,-0.137235,23,0,23,28,5,0
2026-08-16 23:45:00+00:00,BikePoints_715,"Aylward Street, Stepney",51.51563,-0.049067,13,2,11,22,8,1
2026-08-16 23:45:00+00:00,BikePoints_716,"Stainsby Road , Poplar",51.515427,-0.023565,12,2,10,24,11,1
2026-08-16 23:45:00+00:00,BikePoints_717,"Dunston Road , Haggerston",51.536585,-0.075885,34,8,26,43,9,0
2026-08-16 23:45:00+00:00,BikePoints_718,"Ada Street, Hackney Central",51.535716,-0.060291,31,5,26,45,14,0
2026-08-16 23:45:00+00:00,BikePoints_719,"Victoria Park Road, Hackney Central",51.536424,-0.054162,9,3,6,34,25,0
2026-08-16 23:45:00+00:00,BikePoints_720,"Star Road, West Kensington",51.487244,-0.205279,18,3,15,23,3,2
2026-08-16 23:45:00+00:00,BikePoints_721,"Wendon Street, Old Ford",51.536039,-0.026262,11,3,8,18,4,3
2026-08-16 23:45:00+00:00,BikePoints_722,"Finnis Street, Bethnal Green",51.524583,-0.058631,5,2,3,19,14,0
2026-08-16 23:45:00+00:00,BikePoints_723,"Stephendale Road, Sands End",51.46822,-0.190346,46,1,45,48,0,2
2026-08-16 23:45:00+00:00,BikePoints_724,"Alma Road, Wandsworth",51.457991,-0.184806,21,6,15,28,6,1
2026-08-16 23:45:00+00:00,BikePoints_725,"Walworth Square, Walworth",51.491327,-0.096518,23,2,21,24,0,1
2026-08-16 23:45:00+00:00,BikePoints_726,"Alfreda Street, Battersea Park",51.47505,-0.150908,19,2,17,22,2,1
2026-08-16 23:45:00+00:00,BikePoints_727,"Chesilton Road, Fulham",51.475698,-0.205876,14,4,10,23,7,2
2026-08-16 23:45:00+00:00,BikePoints_728,"Putney Bridge Road, East Putney",51.461999,-0.20624,28,6,22,29,0,1
2026-08-16 23:45:00+00:00,BikePoints_729,"St. Peter's Terrace, Fulham",51.478939,-0.208485,18,2,16,24,5,1
2026-08-16 23:45:00+00:00,BikePoints_730,"Bridge Avenue, Hammersmith",51.492084,-0.229116,12,1,11,18,6,0
2026-08-16 23:45:00+00:00,BikePoints_731,"Michael Road, Walham Green",51.477276,-0.18921,13,0,13,37,22,2
2026-08-16 23:45:00+00:00,BikePoints_732,"Duke Street Hill, London Bridge",51.506304,-0.087262,1,0,1,21,14,6
2026-08-16 23:45:00+00:00,BikePoints_733,"Park Lane, Mayfair",51.505426,-0.150817,0,0,0,18,17,1
2026-08-16 23:45:00+00:00,BikePoints_734,"Plough Terrace, Clapham Junction",51.462305,-0.175407,26,1,25,31,4,1
2026-08-16 23:45:00+00:00,BikePoints_735,"Grant Road East, Clapham Junction",51.464894,-0.173029,15,0,15,28,10,3
2026-08-16 23:45:00+00:00,BikePoints_736,"Queensdale Road, Shepherd's Bush",51.50659,-0.216104,7,1,6,28,21,0
2026-08-16 23:45:00+00:00,BikePoints_737,"Fulham Broadway, Walham Green",51.479932,-0.194116,10,3,7,26,15,1
2026-08-16 23:45:00+00:00,BikePoints_738,"Imperial Road, Sands End",51.475142,-0.187278,17,2,15,37,20,0
2026-08-16 23:45:00+00:00,BikePoints_739,"Hortensia Road, West Brompton",51.481765,-0.185273,13,2,11,28,15,0
2026-08-16 23:45:00+00:00,BikePoints_740,"Sirdar Road, Avondale",51.510928,-0.214594,8,1,7,20,12,0
2026-08-16 23:45:00+00:00,BikePoints_741,"Freston Road, Avondale",51.512981,-0.219486,15,0,15,23,5,3
2026-08-16 23:45:00+00:00,BikePoints_742,"Blenheim Crescent, Ladbroke Grove",51.515108,-0.208565,5,2,3,22,16,1
2026-08-16 23:45:00+00:00,BikePoints_743,"Oxford Road, Putney",51.460792,-0.212607,18,6,12,20,0,2
2026-08-16 23:45:00+00:00,BikePoints_744,"Ingrave Street, Clapham Junction",51.467454,-0.172293,29,2,27,30,1,0
2026-08-16 23:45:00+00:00,BikePoints_745,"Upcerne Road, West Chelsea",51.478169,-0.182435,7,3,4,29,20,2
2026-08-16 23:45:00+00:00,BikePoints_746,"Lots Road, West Chelsea",51.479573,-0.179038,11,1,10,24,13,0
2026-08-16 23:45:00+00:00,BikePoints_747,"Ormonde Gate, Chelsea",51.487964,-0.161765,18,4,14,24,5,1
2026-08-16 23:45:00+00:00,BikePoints_748,"Hertford Road, De Beauvoir Town",51.537277,-0.079201,23,0,23,25,0,2
2026-08-16 23:45:00+00:00,BikePoints_749,"Haggerston Road, Haggerston",51.539328,-0.074284,25,4,21,37,10,2
2026-08-16 23:45:00+00:00,BikePoints_750,"Culvert Road, Battersea",51.471095,-0.15785,18,2,16,27,9,0
2026-08-16 23:45:00+00:00,BikePoints_751,"Newton Street, Covent Garden",51.516128,-0.120909,0,0,0,24,24,0
2026-08-16 23:45:00+00:00,BikePoints_752,"London Street, Paddington",51.515117,-0.173712,2,0,2,19,17,0
2026-08-16 23:45:00+00:00,BikePoints_753,"Clapham South, Clapham South",51.452997,-0.148651,19,4,15,28,9,0
2026-08-16 23:45:00+00:00,BikePoints_754,"Grenfell Road, Avondale",51.5129,-0.214762,7,2,5,24,16,1
2026-08-16 23:45:00+00:00,BikePoints_755,"The Vale, Chelsea",51.485121,-0.174971,3,2,1,24,21,0
2026-08-16 23:45:00+00:00,BikePoints_756,"Prince of Wales Drive, Battersea Park",51.475153,-0.159169,19,3,16,21,0,2
2026-08-16 23:45:00+00:00,BikePoints_757,"Harcourt Terrace, West Brompton",51.487958,-0.187404,22,3,19,24,0,2
2026-08-16 23:45:00+00:00,BikePoints_758,"Westbourne Park Road, Portobello",51.51787,-0.201005,12,2,10,23,11,0
2026-08-16 23:45:00+00:00,BikePoints_759,"Broadley Terrace, Marylebone",51.524561,-0.165668,3,2,1,18,15,0
2026-08-16 23:45:00+00:00,BikePoints_760,"Elgin Avenue, Maida Hill",51.524309,-0.201234,13,6,7,18,4,1
2026-08-16 23:45:00+00:00,BikePoints_761,"Humbolt Road, Fulham",51.483217,-0.21186,26,1,25,26,0,0
2026-08-16 23:45:00+00:00,BikePoints_762,"Storey's Gate, Westminster",51.500703,-0.129698,1,1,0,21,18,2
2026-08-16 23:45:00+00:00,BikePoints_763,"Mile End Park Leisure Centre, Mile End",51.520597,-0.032566,28,7,21,47,16,3
2026-08-16 23:45:00+00:00,BikePoints_764,"St. John's Road, Clapham Junction",51.462392,-0.168292,30,1,29,33,3,0
2026-08-16 23:45:00+00:00,BikePoints_765,"Ranelagh Gardens, Fulham",51.467601,-0.206827,24,4,20,29,2,3
2026-08-16 23:45:00+00:00,BikePoints_766,"Ram Street, Wandsworth",51.457529,-0.192165,17,1,16,25,6,2
2026-08-16 23:45:00+00:00,BikePoints_767,"Santos Road, Wandsworth",51.457059,-0.200806,25,0,25,30,5,0
2026-08-16 23:45:00+00:00,BikePoints_768,"Clapham Common North Side, Clapham Common",51.461343,-0.159322,23,3,20,37,14,0
2026-08-16 23:45:00+00:00,BikePoints_769,"Sandilands Road, Walham Green",51.473611,-0.191803,12,1,11,21,9,0
2026-08-16 23:45:00+00:00,BikePoints_770,"Gwendwr Road, West Kensington",51.491026,-0.209121,28,1,27,30,2,0
2026-08-16 23:45:00+00:00,BikePoints_771,"Rifle Place, Avondale",51.509224,-0.216016,15,1,14,21,6,0
2026-08-16 23:45:00+00:00,BikePoints_772,"Binfield Road, Stockwell",51.472509,-0.122831,34,4,30,35,0,1
2026-08-16 23:45:00+00:00,BikePoints_773,"Tallis Street, Temple",51.511891,-0.107349,0,0,0,24,22,2
2026-08-16 23:45:00+00:00,BikePoints_774,"Hurlingham Park, Parsons Green",51.470131,-0.20464,15,0,15,20,5,0
2026-08-16 23:45:00+00:00,BikePoints_775,"Little Brook Green, Brook Green",51.496664,-0.223868,16,0,16,33,16,1
2026-08-16 23:45:00+00:00,BikePoints_776,"Adeline Place, Bloomsbury",51.517632,-0.129985,1,1,0,22,21,0
2026-08-16 23:45:00+00:00,BikePoints_779,"Houndsditch, Aldgate",51.514449,-0.077178,2,2,0,28,25,1
2026-08-16 23:45:00+00:00,BikePoints_780,"Imperial Wharf Station, Sands End",51.474665,-0.183165,23,1,22,25,0,2
2026-08-16 23:45:00+00:00,BikePoints_782,"Halford Road, West Kensington",51.483911,-0.197609,20,1,19,24,4,0
2026-08-16 23:45:00+00:00,BikePoints_783,"Monier Road, Hackney Wick",51.540311,-0.02163,25,7,18,27,0,2
2026-08-16 23:45:00+00:00,BikePoints_784,"East Village, Queen Elizabeth Olympic Park",51.546326,-0.009935,11,4,7,34,23,0
2026-08-16 23:45:00+00:00,BikePoints_785,"Aquatic Centre, Queen Elizabeth Olympic Park",51.541482,-0.010437,8,0,8,30,16,6
2026-08-16 23:45:00+00:00,BikePoints_786,"Lee Valley VeloPark, Queen Elizabeth Olympic Park",51.549369,-0.015717,30,8,22,44,12,2
2026-08-16 23:45:00+00:00,BikePoints_787,"Timber Lodge, Queen Elizabeth Olympic Park",51.546805,-0.014691,16,1,15,35,15,4
2026-08-16 23:45:00+00:00,BikePoints_788,"Copper Box Arena, Queen Elizabeth Olympic Park",51.544909,-0.020542,11,2,9,31,15,5
2026-08-16 23:45:00+00:00,BikePoints_789,"Podium, Queen Elizabeth Olympic Park",51.538718,-0.011889,22,10,12,40,8,10
2026-08-16 23:45:00+00:00,BikePoints_790,"Stratford Station, Stratford",51.541793,-0.00481,16,0,16,28,7,5
2026-08-16 23:45:00+00:00,BikePoints_792,"Blackfriars Road, Southwark",51.505461,-0.10454,2,0,2,42,39,1
2026-08-16 23:45:00+00:00,BikePoints_793,"Cromer Street, Bloomsbury",51.528279,-0.119558,20,1,19,28,7,1
2026-08-16 23:45:00+00:00,BikePoints_795,"Euston Square Gardens, Euston",51.527068,-0.131861,0,0,0,30,29,1
2026-08-16 23:45:00+00:00,BikePoints_796,"Coram Street, Bloomsbury",51.524,-0.126409,10,1,9,29,18,1
2026-08-16 23:45:00+00:00,BikePoints_797,"Ossulston Street, Somers Town",51.5293,-0.128279,15,0,15,30,11,4
2026-08-16 23:45:00+00:00,BikePoints_798,"Birkenhead Street, King's Cross",51.530199,-0.122299,13,4,9,27,10,4
2026-08-16 23:45:00+00:00,BikePoints_799,"Kings Gate House, Westminster",51.497698,-0.137598,0,0,0,24,23,1
2026-08-16 23:45:00+00:00,BikePoints_800,"Sopwith Way, Battersea Park",51.481121,-0.149035,18,2,16,30,10,2
2026-08-16 23:45:00+00:00,BikePoints_801,"Lavington Street, Bankside",51.505224,-0.098031,4,0,4,29,22,3
2026-08-16 23:45:00+00:00,BikePoints_802,"Albert Square, Stockwell",51.47659,-0.118256,30,5,25,32,2,0
2026-08-16 23:45:00+00:00,BikePoints_803,"Southwark Street, Bankside",51.505409,-0.098341,5,0,5,23,18,0
2026-08-16 23:45:00+00:00,BikePoints_804,"Good's Way, King's Cross",51.534667,-0.125078,1,1,0,27,23,3
2026-08-16 23:45:00+00:00,BikePoints_805,"The Metropolitan, Portobello",51.520509,-0.200804,2,0,2,18,15,1
2026-08-16 23:45:00+00:00,BikePoints_807,"Bevington Road West, North Kensington",51.5212,-0.208888,11,3,8,24,10,3
2026-08-16 23:45:00+00:00,BikePoints_808,"Gauden Road, Clapham",51.464995,-0.130908,26,1,25,28,0,2
2026-08-16 23:45:00+00:00,BikePoints_809,"Lincoln's Inn Fields, Holborn",51.516277,-0.118272,0,0,0,28,28,0
2026-08-16 23:45:00+00:00,BikePoints_810,"Tate Modern, Bankside",51.506725,-0.098807,12,0,12,30,15,3
2026-08-16 23:45:00+00:00,BikePoints_811,"Westferry Circus, Canary Wharf",51.505703,-0.027772,17,6,11,36,13,6
2026-08-16 23:45:00+00:00,BikePoints_812,"Here East North, Queen Elizabeth Olympic Park",51.548731,-0.022606,15,0,15,28,12,1
2026-08-16 23:45:00+00:00,BikePoints_813,"New Spring Gardens Walk, Vauxhall",51.487807,-0.122759,6,0,6,33,26,1
2026-08-16 23:45:00+00:00,BikePoints_814,"Clapham Road, Lingham Street, Stockwell",51.471433,-0.12367,29,2,27,30,0,1
2026-08-16 23:45:00+00:00,BikePoints_815,"Lambeth Palace Road, Waterloo",51.500089,-0.116628,16,4,12,35,17,2
2026-08-16 23:45:00+00:00,BikePoints_816,"Here East South, Queen Elizabeth Olympic Park",51.546532,-0.020597,9,1,8,20,11,0
2026-08-16 23:45:00+00:00,BikePoints_818,"Westminster Pier, Westminster",51.501513,-0.123823,17,0,17,27,10,0
2026-08-16 23:45:00+00:00,BikePoints_819,"Belvedere Road 2, South Bank",51.50621,-0.114842,6,1,5,38,31,1
2026-08-16 23:45:00+00:00,BikePoints_820,"Victory Place, Walworth",51.492807,-0.091938,16,3,13,24,8,0
2026-08-16 23:45:00+00:00,BikePoints_821,"Battersea Power Station, Battersea Park",51.483507,-0.147714,6,0,6,27,15,6
2026-08-16 23:45:00+00:00,BikePoints_826,"Allington Street, Victoria",51.496863,-0.142943,0,0,0,28,26,2
2026-08-16 23:45:00+00:00,BikePoints_827,"Cranmer Road, Stockwell",51.479601,-0.111471,22,4,18,24,2,0
2026-08-16 23:45:00+00:00,BikePoints_828,"Normandy Road, Stockwell",51.473874,-0.11258,18,1,17,32,13,1
2026-08-16 23:45:00+00:00,BikePoints_829,"Wynne Road, Stockwell",51.469217,-0.112686,17,1,16,25,7,1
2026-08-16 23:45:00+00:00,BikePoints_830,"Sidney Road, Stockwell",51.469202,-0.119022,16,3,13,27,10,1
2026-08-16 23:45:00+00:00,BikePoints_831,"St John's Crescent, Brixton",51.466232,-0.113179,18,3,15,25,7,0
2026-08-16 23:45:00+00:00,BikePoints_832,"Ferndale Road, Brixton",51.464019,-0.115781,21,3,18,30,7,2
2026-08-16 23:45:00+00:00,BikePoints_833,"Saltoun Road, Brixton",51.460232,-0.115375,31,2,29,42,9,2
2026-08-16 23:45:00+00:00,BikePoints_834,"Gas Holders, Battersea Park",51.477966,-0.147857,17,4,13,26,6,3
2026-08-16 23:45:00+00:00,BikePoints_835,"Farringdon Street, Holborn",51.516785,-0.104947,0,0,0,25,25,0
2026-08-16 23:45:00+00:00,BikePoints_836,"York Way, Kings Cross",51.541596,-0.125441,10,3,7,24,12,2
2026-08-16 23:45:00+00:00,BikePoints_838,"Fore Street, Guildhall",51.518093,-0.091401,1,0,1,25,23,1
2026-08-16 23:45:00+00:00,BikePoints_839,"Sea Containers, South Bank",51.508033,-0.106823,1,0,1,30,28,1
2026-08-16 23:45:00+00:00,BikePoints_840,"George Row, Bermondsey",51.498585,-0.068981,15,1,14,22,4,3
2026-08-16 23:45:00+00:00,BikePoints_841,"Tower Wharf, Bermondsey",51.500845,-0.074704,11,0,11,20,6,3
2026-08-16 23:45:00+00:00,BikePoints_842,"Temple Gardens, Temple",51.510981,-0.108322,0,0,0,24,23,1
2026-08-16 23:45:00+00:00,BikePoints_844,"Canada Water Station, Rotherhithe",51.498439,-0.04915,30,4,26,35,1,4
2026-08-16 23:45:00+00:00,BikePoints_845,"Bermondsey Station, Bermondsey",51.497995,-0.063471,25,6,19,30,0,5
2026-08-16 23:45:00+00:00,BikePoints_846,"Burgess Park Albany Road, Walworth",51.48224,-0.094284,26,4,22,30,0,4
2026-08-16 23:45:00+00:00,BikePoints_847,"South Bermondsey Station, Bermondsey",51.488067,-0.057774,23,5,18,24,1,0
2026-08-16 23:45:00+00:00,BikePoints_849,"Crimscott Street, Bermondsey",51.495598,-0.078893,15,3,12,19,3,1
2026-08-16 23:45:00+00:00,BikePoints_850,"Brandon Street, Walworth",51.489102,-0.091548,22,0,22,22,0,0
2026-08-16 23:45:00+00:00,BikePoints_851,"The Blue, Bermondsey",51.492221,-0.062513,21,4,17,22,0,1
2026-08-16 23:45:00+00:00,BikePoints_852,"Coomer Place, West Kensington",51.48357,-0.202038,23,1,22,27,3,1
2026-08-16 23:45:00+00:00,BikePoints_857,"Strand, Strand",51.512582,-0.115057,0,0,0,35,35,0
2026-08-16 23:45:00+00:00,BikePoints_864,"Abbey Orchard Street, Westminster",51.498125,-0.132102,3,1,2,29,25,1
2026-08-16 23:45:00+00:00,BikePoints_865,"Leonard Circus , Shoreditch",51.524696,-0.084439,2,1,1,43,39,2
2026-08-16 23:45:00+00:00,BikePoints_866,"Limburg Road, Clapham Junction",51.461923,-0.165297,19,3,16,21,1,1
2026-08-16 23:45:00+00:00,BikePoints_867,"Pritchard's Road, Bethnal Green",51.532091,-0.061419,16,5,11,30,11,3
2026-08-16 23:45:00+00:00,BikePoints_868,"Kennington Lane Rail Bridge, Vauxhall",51.486343,-0.122492,15,3,12,31,15,1
2026-08-16 23:45:00+00:00,BikePoints_869,"Albert Embankment, Vauxhall",51.490435,-0.122806,6,0,6,24,18,0
2026-08-16 23:45:00+00:00,BikePoints_870,"Lower Marsh, Waterloo",51.500139,-0.113935,0,0,0,17,17,0
2026-08-16 23:45:00+00:00,BikePoints_872,"Risinghill Street, Angel",51.533319,-0.111781,4,4,0,25,17,4
2026-08-16 23:45:00+00:00,BikePoints_873,"St. Pancras Way, Camden Town",51.537071,-0.13285,6,2,4,20,12,2
2026-08-16 23:45:00+00:00,BikePoints_874,"Handyside Street, King's Cross",51.53724,-0.124807,14,3,11,27,9,4
2026-08-16 23:45:00+00:00,BikePoints_875,"Victoria Rise, Clapham Common",51.461376,-0.147804,19,2,17,23,0,4
2026-08-16 23:45:00+00:00,BikePoints_876,"Old Quebec Street, Marylebone",51.514577,-0.158264,4,2,2,16,11,1
2026-08-16 23:45:00+00:00,BikePoints_877,"Spencer Park, Wandsworth Common",51.45787,-0.174691,15,1,14,25,10,0
2026-08-16 23:45:00+00:00,BikePoints_878,"Victoria & Albert Museum, South Kensington",51.495898,-0.173009,2,0,2,30,28,0
2026-08-16 23:45:00+00:00,BikePoints_879,"BBC White City, White City",51.514767,-0.225786,8,2,6,36,27,1
2026-08-16 23:45:00+00:00,BikePoints_881,"Albany Street, The Regent's Park",51.528302,-0.144465,6,0,6,27,19,2
2026-08-16 23:45:00+00:00,BikePoints_882,"Maplin Street, Mile End",51.525501,-0.032267,21,0,21,39,16,2
2026-08-16 23:45:00+00:00,BikePoints_883,"London Fields, Hackney Central",51.54119,-0.058826,10,1,9,21,4,7
2026-08-16 23:45:00+00:00,BikePoints_884,"Westfield Ariel Way, White City",51.509158,-0.224103,31,0,31,42,6,5
2026-08-16 23:45:00+00:00,BikePoints_885,"Gloucester Avenue, Camden Town",51.537349,-0.147154,8,5,3,24,14,2
2026-08-16 23:45:00+00:00,BikePoints_887,"London Zoo Car Park, The Regent's Park",51.536922,-0.150181,6,1,5,36,30,0
2026-08-16 23:45:00+00:00,BikePoints_888,"Norton Folgate, Liverpool Street",51.521113,-0.078869,1,0,1,23,19,3
2026-08-16 23:45:00+00:00,BikePoints_889,"Horse Guards Avenue, Westminster",51.505031,-0.123,5,0,5,29,22,2
2026-08-16 23:45:00+00:00,BikePoints_890,"Burdett Road, Mile End",51.516196,-0.029137,21,3,18,33,5,7
2026-08-17 00:30:00+00:00,BikePoints_1,"River Street , Clerkenwell",51.529163,-0.10997,3,3,0,19,14,2
2026-08-17 00:30:00+00:00,BikePoints_2,"Phillimore Gardens, Kensington",51.499606,-0.197574,10,0,10,37,26,1
2026-08-17 00:30:00+00:00,BikePoints_3,"Christopher Street, Liverpool Street",51.521283,-0.084605,0,0,0,32,32,0
2026-08-17 00:30:00+00:00,BikePoints_4,"St. Chad's Street, King's Cross",51.530059,-0.120973,22,1,21,23,0,1
2026-08-17 00:30:00+00:00,BikePoints_5,"Sedding Street, Sloane Square",51.49313,-0.156876,0,0,0,27,25,2
2026-08-17 00:30:00+00:00,BikePoints_6,"Broadcasting House, Marylebone",51.518117,-0.144228,1,1,0,18,11,6
2026-08-17 00:30:00+00:00,BikePoints_7,"Charlbert Street, St. John's Wood",51.5343,-0.168074,5,0,5,16,5,6
2026-08-17 00:30:00+00:00,BikePoints_8,"Maida Vale, Maida Vale",51.529857,-0.183486,33,8,25,39,0,6
2026-08-17 00:30:00+00:00,BikePoints_9,"New Globe Walk, Bankside",51.507385,-0.09644,8,0,8,19,11,0
2026-08-17 00:30:00+00:00,BikePoints_10,"Park Street, Bankside",51.505974,-0.092754,6,1,5,18,12,0
2026-08-17 00:30:00+00:00,BikePoints_11,"Brunswick Square, Bloomsbury",51.523951,-0.122502,6,4,2,24,17,1
2026-08-17 00:30:00+00:00,BikePoints_12,"Malet Street, Bloomsbury",51.52168,-0.130431,14,3,11,49,35,0
2026-08-17 00:30:00+00:00,BikePoints_13,"Scala Street, Fitzrovia",51.519914,-0.136039,1,0,1,21,20,0
2026-08-17 00:30:00+00:00,BikePoints_14,"Argyle Street, Kings Cross",51.529416,-0.123944,18,0,18,45,24,3
2026-08-17 00:30:00+00:00,BikePoints_15,"Great Russell Street, Bloomsbury",51.517727,-0.127854,1,1,0,26,25,0
2026-08-17 00:30:00+00:00,BikePoints_16,"Cartwright Gardens , Bloomsbury",51.526357,-0.125979,2,1,1,21,19,0
2026-08-17 00:30:00+00:00,BikePoints_17,"Hatton Wall, Holborn",51.521661,-0.109006,4,2,2,26,20,2
2026-08-17 00:30:00+00:00,BikePoints_18,"Drury Lane, Covent Garden",51.51477,-0.122219,0,0,0,27,24,3
2026-08-17 00:30:00+00:00,BikePoints_19,"Taviton Street, Bloomsbury",51.52505,-0.131161,7,0,7,30,23,0
2026-08-17 00:30:00+00:00,BikePoints_20,"Drummond Street , Euston",51.527326,-0.136052,26,0,26,28,0,2
2026-08-17 00:30:00+00:00,BikePoints_21,"Lansdowne Drive, Hackney Central",51.539834,-0.062806,14,7,7,26,11,1
2026-08-17 00:30:00+00:00,BikePoints_22,"Northington Street , Holborn",51.522264,-0.114079,7,1,6,19,12,0
2026-08-17 00:30:00+00:00,BikePoints_23,"Red Lion Square, Holborn",51.519435,-0.119123,2,1,1,16,13,1
2026-08-17 00:30:00+00:00,BikePoints_24,"British Museum, Bloomsbury",51.51908,-0.124678,0,0,0,35,35,0
2026-08-17 00:30:00+00:00,BikePoints_25,"Doric Way , Somers Town",51.528833,-0.13225,23,0,23,50,25,2
2026-08-17 00:30:00+00:00,BikePoints_26,"Ampton Street , Clerkenwell",51.52728,-0.118295,11,2,9,21,9,1
2026-08-17 00:30:00+00:00,BikePoints_28,"Bolsover Street, Fitzrovia",51.523518,-0.143613,9,3,6,19,10,0
2026-08-17 00:30:00+00:00,BikePoints_29,"Hereford Road, Bayswater",51.513735,-0.193487,17,4,13,22,5,0
2026-08-17 00:30:00+00:00,BikePoints_30,"Windsor Terrace, Hoxton",51.529154,-0.093421,17,0,17,24,5,2
2026-08-17 00:30:00+00:00,BikePoints_31,"Fanshaw Street, Hoxton",51.529537,-0.083353,28,1,27,36,7,1
2026-08-17 00:30:00+00:00,BikePoints_33,"Central House, Aldgate",51.515231,-0.07015,0,0,0,24,23,1
2026-08-17 00:30:00+00:00,BikePoints_34,"Pancras Road, King's Cross",51.534123,-0.129386,2,0,2,16,12,2
2026-08-17 00:30:00+00:00,BikePoints_36,"De Vere Gardens, Kensington",51.501737,-0.18498,2,0,2,28,25,1
2026-08-17 00:30:00+00:00,BikePoints_37,"Penywern Road, Earl's Court",51.491593,-0.192369,0,0,0,17,15,2
2026-08-17 00:30:00+00:00,BikePoints_38,"Abingdon Villas, Kensington",51.497387,-0.197245,8,1,7,17,8,1
2026-08-17 00:30:00+00:00,BikePoints_39,"Shoreditch High Street, Shoreditch",51.526377,-0.07813,24,7,17,41,16,1
2026-08-17 00:30:00+00:00,BikePoints_40,"Commercial Street, Shoreditch",51.52127,-0.075578,2,2,0,16,13,1
2026-08-17 00:30:00+00:00,BikePoints_41,"Pindar Street, Liverpool Street",51.520955,-0.083493,0,0,0,24,23,1
2026-08-17 00:30:00+00:00,BikePoints_42,"Wenlock Road , Hoxton",51.530991,-0.093903,11,1,10,28,17,0
2026-08-17 00:30:00+00:00,BikePoints_43,"Crawford Street, Marylebone",51.52026,-0.157183,1,0,1,18,17,0
2026-08-17 00:30:00+00:00,BikePoints_44,"Bruton Street, Mayfair",51.510736,-0.144165,2,0,2,21,18,1
2026-08-17 00:30:00+00:00,BikePoints_45,"Boston Place, Marylebone",51.522511,-0.162298,1,1,0,26,24,1
2026-08-17 00:30:00+00:00,BikePoints_46,"Nesham Street, Wapping",51.507131,-0.06691,9,1,8,16,6,1
2026-08-17 00:30:00+00:00,BikePoints_47,"Warwick Avenue Station, Maida Vale",51.523344,-0.183846,14,2,12,19,1,4
2026-08-17 00:30:00+00:00,BikePoints_48,"Godliman Street, St. Paul's",51.512484,-0.099141,8,1,7,25,16,1
2026-08-17 00:30:00+00:00,BikePoints_49,"Curzon Street, Mayfair",51.507069,-0.145904,0,0,0,16,16,0
2026-08-17 00:30:00+00:00,BikePoints_50,"East Road, Hoxton",51.528673,-0.087459,11,2,9,27,15,1
2026-08-17 00:30:00+00:00,BikePoints_51,"Finsbury Library , Finsbury",51.526717,-0.104298,6,2,4,29,23,0
2026-08-17 00:30:00+00:00,BikePoints_52,"Roscoe Street, St. Luke's",51.522954,-0.094934,4,2,2,18,14,0
2026-08-17 00:30:00+00:00,BikePoints_53,"Grafton Street, Mayfair",51.509992,-0.143495,0,0,0,18,18,0
2026-08-17 00:30:00+00:00,BikePoints_54,"Golden Lane, Barbican",51.521747,-0.094475,1,0,1,27,22,4
2026-08-17 00:30:00+00:00,BikePoints_55,"Finsbury Circus, Liverpool Street",51.517075,-0.086685,0,0,0,33,32,1
2026-08-17 00:30:00+00:00,BikePoints_56,"Paddington Street, Marylebone",51.520583,-0.154701,10,2,8,16,4,2
2026-08-17 00:30:00+00:00,BikePoints_57,"Guilford Street , Bloomsbury",51.523346,-0.120202,8,2,6,32,24,0
2026-08-17 00:30:00+00:00,BikePoints_58,"New Inn Yard, Shoreditch",51.524526,-0.079248,5,1,4,20,12,3
2026-08-17 00:30:00+00:00,BikePoints_60,"Lisson Grove, St. John's Wood",51.526448,-0.17219,10,0,10,18,6,2
2026-08-17 00:30:00+00:00,BikePoints_61,"Great Dover Street, The Borough",51.497382,-0.089446,23,2,21,33,9,1
2026-08-17 00:30:00+00:00,BikePoints_62,"Cotton Garden Estate, Kennington",51.490757,-0.106323,18,4,14,24,6,0
2026-08-17 00:30:00+00:00,BikePoints_63,"Murray Grove , Hoxton",51.53089,-0.089782,17,2,15,27,8,2
2026-08-17 00:30:00+00:00,BikePoints_64,"William IV Street, Strand",51.509462,-0.124749,7,0,7,26,18,1
2026-08-17 00:30:00+00:00,BikePoints_65,"Gower Place , Euston",51.525227,-0.135188,1,0,1,17,16,0
2026-08-17 00:30:00+00:00,BikePoints_66,"Holborn Circus, Holborn",51.51795,-0.108657,1,0,1,40,37,2
2026-08-17 00:30:00+00:00,BikePoints_67,"Hatton Garden, Holborn",51.518825,-0.108028,0,0,0,28,27,1
2026-08-17 00:30:00+00:00,BikePoints_68,"Theobald's Road , Holborn",51.520596,-0.116688,2,0,2,26,23,1
2026-08-17 00:30:00+00:00,BikePoints_69,"Euston Road, Euston",51.526236,-0.134407,0,0,0,24,22,2
2026-08-17 00:30:00+00:00,BikePoints_70,"Calshot Street , King's Cross",51.53136,-0.117069,15,4,11,24,6,3
2026-08-17 00:30:00+00:00,BikePoints_71,"Newgate Street , St. Paul's",51.515768,-0.099894,0,0,0,35,33,2
2026-08-17 00:30:00+00:00,BikePoints_72,"Farringdon Lane, Clerkenwell",51.52352,-0.10834,3,0,3,16,12,1
2026-08-17 00:30:00+00:00,BikePoints_73,"Old Street Station, St. Luke's",51.525615,-0.088532,4,1,3,34,25,5
2026-08-17 00:30:00+00:00,BikePoints_74,"Vauxhall Cross, Vauxhall",51.485917,-0.124469,12,1,11,17,3,2
2026-08-17 00:30:00+00:00,BikePoints_75,"Torrens Street, Angel",51.532199,-0.10548,0,0,0,19,15,4
2026-08-17 00:30:00+00:00,BikePoints_76,"Longford Street, The Regent's Park",51.525595,-0.144083,1,0,1,21,18,2
2026-08-17 00:30:00+00:00,BikePoints_77,"Russell Square Station, Bloomsbury",51.523418,-0.124121,8,0,8,26,16,2
2026-08-17 00:30:00+00:00,BikePoints_78,"Sadlers Sports Centre, Finsbury",51.524868,-0.099489,4,1,3,17,11,2
2026-08-17 00:30:00+00:00,BikePoints_79,"Arundel Street, Temple",51.511726,-0.113855,0,0,0,18,18,0
2026-08-17 00:30:00+00:00,BikePoints_80,"Webber Street , Southwark",51.500693,-0.102091,5,0,5,45,35,5
2026-08-17 00:30:00+00:00,BikePoints_81,"Great Titchfield Street, Fitzrovia",51.520253,-0.141327,3,2,1,19,16,0
2026-08-17 00:30:00+00:00,BikePoints_83,"Panton Street, West End",51.509639,-0.13151,0,0,0,21,18,3
2026-08-17 00:30:00+00:00,BikePoints_84,"Breams Buildings, Holborn",51.515937,-0.111778,0,0,0,25,24,1
2026-08-17 00:30:00+00:00,BikePoints_85,"Tanner Street, Bermondsey",51.500647,-0.0786,33,1,32,41,6,2
2026-08-17 00:30:00+00:00,BikePoints_86,"Sancroft Street, Vauxhall",51.489479,-0.115156,22,1,21,24,1,1
2026-08-17 00:30:00+00:00,BikePoints_87,"Devonshire Square, Liverpool Street",51.516468,-0.079684,0,0,0,16,16,0
2026-08-17 00:30:00+00:00,BikePoints_88,"Percy Street, Bloomsbury",51.51863,-0.132676,1,0,1,29,28,0
2026-08-17 00:30:00+00:00,BikePoints_89,"Tavistock Place, Bloomsbury",51.52625,-0.123509,3,2,1,19,13,3
2026-08-17 00:30:00+00:00,BikePoints_90,"Harrington Square 1, Camden Town",51.533019,-0.139174,5,2,3,27,20,2
2026-08-17 00:30:00+00:00,BikePoints_91,"Walnut Tree Walk, Vauxhall",51.493686,-0.111014,12,2,10,20,7,1
2026-08-17 00:30:00+00:00,BikePoints_92,"Borough Road, Elephant & Castle",51.498898,-0.10044,21,0,21,41,18,2
2026-08-17 00:30:00+00:00,BikePoints_93,"Cloudesley Road, Angel",51.534408,-0.109025,10,5,5,37,25,2
2026-08-17 00:30:00+00:00,BikePoints_94,"Bricklayers Arms, Borough",51.495061,-0.085814,27,4,23,28,1,0
2026-08-17 00:30:00+00:00,BikePoints_95,"Aldersgate Street, Barbican",51.520841,-0.09734,2,2,0,15,12,1
2026-08-17 00:30:00+00:00,BikePoints_96,"Falkirk Street, Hoxton",51.53095,-0.078505,8,4,4,26,16,2
2026-08-17 00:30:00+00:00,BikePoints_97,"Gloucester Road (North), Kensington",51.497924,-0.183834,0,0,0,18,18,0
2026-08-17 00:30:00+00:00,BikePoints_98,"Hampstead Road, Euston",51.525542,-0.138231,8,0,8,54,44,2
2026-08-17 00:30:00+00:00,BikePoints_101,"Queen Street 1, Bank",51.511553,-0.09294,0,0,0,22,21,1
2026-08-17 00:30:00+00:00,BikePoints_102,"Jewry Street, Aldgate",51.513406,-0.076793,3,1,2,17,12,2
2026-08-17 00:30:00+00:00,BikePoints_103,"Vicarage Gate, Kensington",51.504723,-0.192538,2,1,1,18,16,0
2026-08-17 00:30:00+00:00,BikePoints_104,"Crosswall, Tower",51.511594,-0.077121,5,0,5,34,27,2
2026-08-17 00:30:00+00:00,BikePoints_105,"Westbourne Grove, Bayswater",51.515529,-0.19024,7,1,6,26,19,0
2026-08-17 00:30:00+00:00,BikePoints_106,"Woodstock Street, Mayfair",51.514105,-0.147301,2,2,0,21,18,1
2026-08-17 00:30:00+00:00,BikePoints_107,"Finsbury Leisure Centre, St. Luke's",51.526008,-0.096317,5,0,5,20,11,4
2026-08-17 00:30:00+00:00,BikePoints_109,"Soho Square , Soho",51.515631,-0.132328,0,0,0,57,56,1
2026-08-17 00:30:00+00:00,BikePoints_110,"Wellington Road, St. John's Wood",51.533043,-0.172528,8,2,6,17,8,1
2026-08-17 00:30:00+00:00,BikePoints_111,"Park Lane , Hyde Park",51.510017,-0.157275,7,3,4,28,17,4
2026-08-17 00:30:00+00:00,BikePoints_112,"Stonecutter Street, Holborn",51.515809,-0.10527,1,0,1,21,20,0
2026-08-17 00:30:00+00:00,BikePoints_113,"Gloucester Road (Central), South Kensington",51.496462,-0.183289,0,0,0,19,18,1
2026-08-17 00:30:00+00:00,BikePoints_114,"Park Road (Baker Street), The Regent's Park",51.524517,-0.158963,11,2,9,22,5,6
2026-08-17 00:30:00+00:00,BikePoints_115,"Braham Street, Aldgate",51.514233,-0.073537,11,4,7,34,23,0
2026-08-17 00:30:00+00:00,BikePoints_116,"Little Argyll Street, West End",51.514499,-0.141423,0,0,0,21,15,6
2026-08-17 00:30:00+00:00,BikePoints_117,"Lollard Street, Vauxhall",51.49288,-0.114934,24,1,23,25,0,1
2026-08-17 00:30:00+00:00,BikePoints_118,"Rochester Row, Westminster",51.495827,-0.135478,12,2,10,13,0,1
2026-08-17 00:30:00+00:00,BikePoints_119,"Bath Street, St. Luke's",51.525893,-0.090847,5,1,4,18,11,2
2026-08-17 00:30:00+00:00,BikePoints_120,"The Guildhall, Guildhall",51.515735,-0.09308,0,0,0,17,16,1
2026-08-17 00:30:00+00:00,BikePoints_121,"Baker Street, Marylebone",51.518913,-0.156166,7,3,4,22,15,0
2026-08-17 00:30:00+00:00,BikePoints_123,"St. John Street, Finsbury",51.52836,-0.104724,8,2,6,18,10,0
2026-08-17 00:30:00+00:00,BikePoints_124,"Eaton Square, Belgravia",51.496544,-0.150905,8,1,7,18,10,0
2026-08-17 00:30:00+00:00,BikePoints_125,"Borough High Street, The Borough",51.500694,-0.094524,1,0,1,21,19,1
2026-08-17 00:30:00+00:00,BikePoints_126,"Museum of London, Barbican",51.517821,-0.096496,1,0,1,52,50,1
2026-08-17 00:30:00+00:00,BikePoints_127,"Wood Street, Guildhall",51.517008,-0.093885,1,0,1,17,15,1
2026-08-17 00:30:00+00:00,BikePoints_128,"Emperor's Gate, South Kensington",51.495362,-0.185296,9,2,7,22,9,4
2026-08-17 00:30:00+00:00,BikePoints_129,"Golden Square, Soho",51.511897,-0.137043,2,1,1,18,15,1
2026-08-17 00:30:00+00:00,BikePoints_130,"Tower Gardens , Tower",51.509506,-0.075459,7,4,3,24,15,2
2026-08-17 00:30:00+00:00,BikePoints_131,"Eversholt Street , Camden Town",51.533005,-0.136792,0,0,0,16,15,1
2026-08-17 00:30:00+00:00,BikePoints_132,"Bethnal Green Road, Shoreditch",51.523648,-0.074754,11,1,10,38,27,0
2026-08-17 00:30:00+00:00,BikePoints_133,"Derry Street, Kensington",51.501364,-0.191462,6,1,5,18,9,3
2026-08-17 00:30:00+00:00,BikePoints_134,"Wapping High Street, Wapping",51.504904,-0.06797,6,3,3,20,12,2
2026-08-17 00:30:00+00:00,BikePoints_135,"Clerkenwell Green, Clerkenwell",51.52326,-0.104708,13,4,9,21,4,4
2026-08-17 00:30:00+00:00,BikePoints_136,"Queen Victoria Street, St. Paul's",51.511961,-0.097441,0,0,0,32,31,1
2026-08-17 00:30:00+00:00,BikePoints_138,"Green Street, Mayfair",51.512276,-0.157436,0,0,0,19,18,1
2026-08-17 00:30:00+00:00,BikePoints_139,"Lambeth Road, Vauxhall",51.494881,-0.117974,11,1,10,18,7,0
2026-08-17 00:30:00+00:00,BikePoints_140,"Finsbury Square , Moorgate",51.520962,-0.085634,6,1,5,33,27,0
2026-08-17 00:30:00+00:00,BikePoints_141,"Chapel Place, Marylebone",51.515308,-0.147203,0,0,0,29,29,0
2026-08-17 00:30:00+00:00,BikePoints_142,"West Cromwell Road, Earl's Court",51.493724,-0.198286,8,0,8,24,15,1
2026-08-17 00:30:00+00:00,BikePoints_143,"Pont Street, Knightsbridge",51.496886,-0.161203,10,0,10,24,12,2
2026-08-17 00:30:00+00:00,BikePoints_144,"Kennington Cross, Kennington",51.48894,-0.111435,40,5,35,47,2,5
2026-08-17 00:30:00+00:00,BikePoints_145,"Ilchester Place, Kensington",51.500743,-0.202759,0,0,0,24,24,0
2026-08-17 00:30:00+00:00,BikePoints_146,"Vauxhall Bridge , Pimlico",51.488365,-0.129361,2,0,2,35,32,1
2026-08-17 00:30:00+00:00,BikePoints_147,"Portugal Street, Holborn",51.514943,-0.116146,0,0,0,16,16,0
2026-08-17 00:30:00+00:00,BikePoints_148,"Tachbrook Street, Victoria",51.492111,-0.138364,12,3,9,16,1,3
2026-08-17 00:30:00+00:00,BikePoints_149,"Kennington Road Post Office, Oval",51.484788,-0.110683,11,0,11,18,6,1
2026-08-17 00:30:00+00:00,BikePoints_150,"Holy Trinity Brompton, Knightsbridge",51.497056,-0.168917,11,0,11,28,16,1
2026-08-17 00:30:00+00:00,BikePoints_151,"Chepstow Villas, Notting Hill",51.512136,-0.201554,21,0,21,26,5,0
2026-08-17 00:30:00+00:00,BikePoints_152,"Hampton Street, Walworth",51.49217,-0.101536,19,7,12,21,1,1
2026-08-17 00:30:00+00:00,BikePoints_153,"Bayswater Road, Hyde Park",51.511933,-0.174411,6,3,3,27,18,3
2026-08-17 00:30:00+00:00,BikePoints_154,"Waterloo Station 3, Waterloo",51.503791,-0.112824,6,0,6,35,27,2
2026-08-17 00:30:00+00:00,BikePoints_155,"Lexham Gardens, Kensington",51.495866,-0.191933,6,0,6,19,12,1
2026-08-17 00:30:00+00:00,BikePoints_156,"New Kent Road, The Borough",51.494436,-0.092921,26,0,26,33,5,2
2026-08-17 00:30:00+00:00,BikePoints_157,"Wright's Lane, Kensington",51.500397,-0.193068,9,1,8,37,24,4
2026-08-17 00:30:00+00:00,BikePoints_158,"Trebovir Road, Earl's Court",51.490853,-0.19617,6,0,6,18,10,2
2026-08-17 00:30:00+00:00,BikePoints_160,"Waterloo Place, St. James's",51.506633,-0.131773,1,1,0,20,18,1
2026-08-17 00:30:00+00:00,BikePoints_162,"Southampton Place, Holborn",51.517606,-0.121328,1,1,0,20,19,0
2026-08-17 00:30:00+00:00,BikePoints_163,"Sloane Avenue, Knightsbridge",51.493184,-0.167894,4,0,4,27,22,1
2026-08-17 00:30:00+00:00,BikePoints_164,"Cleveland Gardens, Bayswater",51.515607,-0.183118,15,1,14,16,0,1
2026-08-17 00:30:00+00:00,BikePoints_165,"Orsett Terrace, Bayswater",51.517932,-0.183716,6,0,6,15,8,1
2026-08-17 00:30:00+00:00,BikePoints_166,"Seville Street, Knightsbridge",51.501855,-0.159237,1,0,1,27,25,1
2026-08-17 00:30:00+00:00,BikePoints_167,"Eccleston Place, Victoria",51.49395,-0.147624,13,0,13,19,5,1
2026-08-17 00:30:00+00:00,BikePoints_168,"Argyll Road, Kensington",51.500401,-0.195455,17,0,17,19,2,0
2026-08-17 00:30:00+00:00,BikePoints_169,"Porchester Place, Paddington",51.514746,-0.165164,15,0,15,18,2,1
2026-08-17 00:30:00+00:00,BikePoints_170,"Hardwick Street, Clerkenwell",51.527842,-0.108068,3,2,1,30,25,2
2026-08-17 00:30:00+00:00,BikePoints_171,"Collingham Gardens, Earl's Court",51.491615,-0.186753,5,1,4,14,7,2
2026-08-17 00:30:00+00:00,BikePoints_172,"Sumner Place, South Kensington",51.491211,-0.173715,3,0,3,19,14,2
2026-08-17 00:30:00+00:00,BikePoints_173,"Waterloo Road, South Bank",51.50486,-0.113001,3,1,2,15,9,3
2026-08-17 00:30:00+00:00,BikePoints_175,"Worship Street, Shoreditch",51.521668,-0.079608,1,0,1,51,48,2
2026-08-17 00:30:00+00:00,BikePoints_176,"Gloucester Terrace, Bayswater",51.517919,-0.188098,6,0,6,23,16,1
2026-08-17 00:30:00+00:00,BikePoints_177,"Ashley Place, Victoria",51.49616,-0.140947,8,0,8,25,17,0
2026-08-17 00:30:00+00:00,BikePoints_178,"Warwick Square, Pimlico",51.489856,-0.141923,15,1,14,19,3,1
2026-08-17 00:30:00+00:00,BikePoints_180,"North Audley Street, Mayfair",51.512911,-0.153645,4,1,3,17,11,2
2026-08-17 00:30:00+00:00,BikePoints_181,"Belgrave Square, Belgravia",51.499412,-0.152317,2,0,2,21,18,1
2026-08-17 00:30:00+00:00,BikePoints_182,"Bell Street , Marylebone",51.522029,-0.165842,7,5,2,18,10,1
2026-08-17 00:30:00+00:00,BikePoints_183,"Riverlight North, Nine Elms",51.482362,-0.136123,17,1,16,24,4,3
2026-08-17 00:30:00+00:00,BikePoints_184,"Portland Place, Marylebone",51.520715,-0.145211,2,2,0,34,32,0
2026-08-17 00:30:00+00:00,BikePoints_185,"Alderney Street, Pimlico",51.488057,-0.140741,14,2,12,14,0,0
2026-08-17 00:30:00+00:00,BikePoints_186,"South Wharf Road, Paddington",51.517335,-0.17581,4,3,1,16,9,3
2026-08-17 00:30:00+00:00,BikePoints_187,"Queen's Gate (South), South Kensington",51.492479,-0.178433,14,0,14,25,10,1
2026-08-17 00:30:00+00:00,BikePoints_188,"Nutford Place, Marylebone",51.516517,-0.164393,2,2,0,18,15,1
2026-08-17 00:30:00+00:00,BikePoints_189,"Claremont Square, Angel",51.531666,-0.109914,4,2,2,18,11,3
2026-08-17 00:30:00+00:00,BikePoints_190,"Rampayne Street, Pimlico",51.489975,-0.132845,11,2,9,21,9,1
2026-08-17 00:30:00+00:00,BikePoints_191,"Hyde Park Corner, Hyde Park",51.503117,-0.15352,3,0,3,36,25,8
2026-08-17 00:30:00+00:00,BikePoints_192,"Wardour Street, Soho",51.512515,-0.133201,0,0,0,16,10,6
2026-08-17 00:30:00+00:00,BikePoints_193,"Bankside Mix, Bankside",51.505817,-0.100186,8,1,7,60,51,1
2026-08-17 00:30:00+00:00,BikePoints_194,"Hop Exchange, The Borough",51.504627,-0.091773,5,4,1,55,45,5
2026-08-17 00:30:00+00:00,BikePoints_195,"Milroy Walk, South Bank",51.507244,-0.106237,0,0,0,30,30,0
2026-08-17 00:30:00+00:00,BikePoints_196,"Union Street, The Borough",51.503688,-0.098497,3,0,3,17,12,2
2026-08-17 00:30:00+00:00,BikePoints_197,"Stamford Street, South Bank",51.505569,-0.111606,0,0,0,27,26,1
2026-08-17 00:30:00+00:00,BikePoints_199,"Great Tower Street, Monument",51.510484,-0.082989,3,0,3,24,18,3
2026-08-17 00:30:00+00:00,BikePoints_200,"LMU Commercial Road, Whitechapel",51.514924,-0.066078,9,3,6,14,5,0
2026-08-17 00:30:00+00:00,BikePoints_201,"Dorset Square, Marylebone",51.522596,-0.161113,3,1,2,16,12,1
2026-08-17 00:30:00+00:00,BikePoints_202,"Leman Street, Aldgate",51.512363,-0.069542,13,4,9,37,23,1
2026-08-17 00:30:00+00:00,BikePoints_203,"West Smithfield Rotunda, Farringdon",51.518218,-0.100791,2,2,0,15,11,2
2026-08-17 00:30:00+00:00,BikePoints_204,"Margery Street, Clerkenwell",51.526599,-0.112432,9,1,8,19,10,0
2026-08-17 00:30:00+00:00,BikePoints_206,"New Road 1 , Whitechapel",51.518154,-0.062697,17,2,15,36,15,4
2026-08-17 00:30:00+00:00,BikePoints_207,"Grosvenor Crescent, Belgravia",51.501352,-0.153194,0,0,0,18,18,0
2026-08-17 00:30:00+00:00,BikePoints_208,"Mallory Street, Marylebone",51.525051,-0.166304,4,0,4,20,15,1
2026-08-17 00:30:00+00:00,BikePoints_209,"Denyer Street, Knightsbridge",51.493583,-0.165101,3,0,3,30,26,1
2026-08-17 00:30:00+00:00,BikePoints_210,"Hinde Street, Marylebone",51.516814,-0.151926,2,1,1,21,18,1
2026-08-17 00:30:00+00:00,BikePoints_211,"Cadogan Place, Knightsbridge",51.494645,-0.158105,8,0,8,34,25,1
2026-08-17 00:30:00+00:00,BikePoints_212,"Campden Hill Road, Notting Hill",51.506584,-0.199004,11,3,8,17,6,0
2026-08-17 00:30:00+00:00,BikePoints_213,"Wellington Arch, Hyde Park",51.50274,-0.149569,4,0,4,36,29,3
2026-08-17 00:30:00+00:00,BikePoints_214,"Endsleigh Gardens, Euston",51.526838,-0.130504,18,0,18,32,11,3
2026-08-17 00:30:00+00:00,BikePoints_215,"Moorfields, Moorgate",51.519069,-0.088285,1,1,0,54,51,2
2026-08-17 00:30:00+00:00,BikePoints_216,"Old Brompton Road, South Kensington",51.490945,-0.18119,13,0,13,30,15,2
2026-08-17 00:30:00+00:00,BikePoints_217,"Wormwood Street, Liverpool Street",51.516154,-0.082422,0,0,0,16,16,0
2026-08-17 00:30:00+00:00,BikePoints_218,"St. Luke's Church, Chelsea",51.489716,-0.170194,2,0,2,20,18,0
2026-08-17 00:30:00+00:00,BikePoints_219,"Bramham Gardens, Earl's Court",51.490163,-0.190393,19,3,16,29,9,1
2026-08-17 00:30:00+00:00,BikePoints_220,"Chelsea Green, Chelsea",51.490664,-0.166485,3,2,1,15,12,0
2026-08-17 00:30:00+00:00,BikePoints_221,"Horseferry Road, Westminster",51.494816,-0.130458,3,1,2,16,13,0
2026-08-17 00:30:00+00:00,BikePoints_222,"Knightsbridge, Hyde Park",51.502757,-0.155349,25,0,25,43,16,2
2026-08-17 00:30:00+00:00,BikePoints_223,"Rodney Road , Walworth",51.491484,-0.09022,21,0,21,24,1,2
2026-08-17 00:30:00+00:00,BikePoints_224,"Queensway, Kensington Gardens",51.51031,-0.187402,16,2,14,17,0,1
2026-08-17 00:30:00+00:00,BikePoints_225,"Notting Hill Gate Station, Notting Hill",51.509353,-0.196422,10,1,9,30,16,4
2026-08-17 00:30:00+00:00,BikePoints_226,"Charles II Street, West End",51.508446,-0.131961,1,0,1,24,22,1
2026-08-17 00:30:00+00:00,BikePoints_227,"Great Percy Street, Clerkenwell",51.528915,-0.11548,13,2,11,23,10,0
2026-08-17 00:30:00+00:00,BikePoints_228,"St. James's Square, St. James's",51.507424,-0.134621,1,0,1,40,36,3
2026-08-17 00:30:00+00:00,BikePoints_229,"Whitehall Place, Strand",51.506543,-0.123179,1,0,1,46,45,0
2026-08-17 00:30:00+00:00,BikePoints_230,"Poured Lines, Bankside",51.506692,-0.103137,3,3,0,31,27,1
2026-08-17 00:30:00+00:00,BikePoints_231,"Queen's Gate (Central), South Kensington",51.493967,-0.178732,3,0,3,31,28,0
2026-08-17 00:30:00+00:00,BikePoints_232,"Carey Street, Holborn",51.51501,-0.112753,0,0,0,16,16,0
2026-08-17 00:30:00+00:00,BikePoints_233,"Pall Mall East, West End",51.50777,-0.130699,0,0,0,22,17,5
2026-08-17 00:30:00+00:00,BikePoints_234,"Liverpool Road (N1 Centre), Angel",51.534504,-0.106992,3,3,0,24,19,2
2026-08-17 00:30:00+00:00,BikePoints_235,"Kennington Road, Vauxhall",51.495718,-0.110889,7,1,6,36,29,0
2026-08-17 00:30:00+00:00,BikePoints_236,"Fashion Street, Whitechapel",51.51838,-0.073438,0,0,0,30,30,0
2026-08-17 00:30:00+00:00,BikePoints_237,"Dock Street, Wapping",51.509786,-0.068161,11,2,9,30,17,2
2026-08-17 00:30:00+00:00,BikePoints_238,"Frampton Street, Paddington",51.523353,-0.175116,20,1,19,32,12,0
2026-08-17 00:30:00+00:00,BikePoints_239,"Warren Street Station, Euston",51.524438,-0.138019,3,0,3,26,21,2
2026-08-17 00:30:00+00:00,BikePoints_240,"Colombo Street, Southwark",51.505459,-0.105692,0,0,0,14,12,2
2026-08-17 00:30:00+00:00,BikePoints_242,"Beaumont Street, Marylebone",51.522008,-0.151359,2,1,1,23,21,0
2026-08-17 00:30:00+00:00,BikePoints_243,"Gloucester Street, Pimlico",51.490962,-0.139625,21,2,19,25,3,1
2026-08-17 00:30:00+00:00,BikePoints_244,"Bucknall Street, Covent Garden",51.51615,-0.128417,6,5,1,18,8,4
2026-08-17 00:30:00+00:00,BikePoints_245,"Grosvenor Road, Pimlico",51.485357,-0.142207,19,3,16,29,9,1
2026-08-17 00:30:00+00:00,BikePoints_246,"Berry Street, Clerkenwell",51.522853,-0.099994,7,2,5,41,33,1
2026-08-17 00:30:00+00:00,BikePoints_247,"St. John's Wood Church, The Regent's Park",51.530529,-0.167515,20,0,20,50,27,3
2026-08-17 00:30:00+00:00,BikePoints_248,"Triangle Car Park, Hyde Park",51.506451,-0.170279,12,2,10,27,13,2
2026-08-17 00:30:00+00:00,BikePoints_249,"Harper Road, The Borough",51.498597,-0.096191,1,0,1,42,39,2
2026-08-17 00:30:00+00:00,BikePoints_250,"Royal Avenue 1, Chelsea",51.489932,-0.162727,2,0,2,10,6,2
2026-08-17 00:30:00+00:00,BikePoints_251,"Brushfield Street, Liverpool Street",51.518908,-0.079249,0,0,0,34,33,1
2026-08-17 00:30:00+00:00,BikePoints_253,"Shoreditch Park, Hoxton",51.534042,-0.086379,7,0,7,30,19,4
2026-08-17 00:30:00+00:00,BikePoints_254,"Chadwell Street, Angel",51.530515,-0.106408,3,1,2,18,14,1
2026-08-17 00:30:00+00:00,BikePoints_255,"Clifton Road, Maida Vale",51.525575,-0.179592,14,2,12,22,5,3
2026-08-17 00:30:00+00:00,BikePoints_256,"Houghton Street, Strand",51.51362,-0.116764,0,0,0,15,14,1
2026-08-17 00:30:00+00:00,BikePoints_257,"Westminster University, Marylebone",51.522481,-0.154907,5,0,5,16,9,2
2026-08-17 00:30:00+00:00,BikePoints_258,"Kensington Gore, Knightsbridge",51.501432,-0.178656,0,0,0,23,23,0
2026-08-17 00:30:00+00:00,BikePoints_259,"Bourne Street, Belgravia",51.490959,-0.153233,5,1,4,16,11,0
2026-08-17 00:30:00+00:00,BikePoints_260,"Broadwick Street, Soho",51.513684,-0.13558,0,0,0,18,15,3
2026-08-17 00:30:00+00:00,BikePoints_261,"Princes Square, Bayswater",51.513489,-0.191351,9,3,6,16,6,1
2026-08-17 00:30:00+00:00,BikePoints_262,"LSBU (Borough Road), Elephant & Castle",51.498744,-0.103132,7,1,6,35,28,0
2026-08-17 00:30:00+00:00,BikePoints_263,"St. Mary Axe, Aldgate",51.514225,-0.08066,1,1,0,21,17,3
2026-08-17 00:30:00+00:00,BikePoints_264,"Tysoe Street, Clerkenwell",51.526443,-0.109256,2,2,0,20,17,1
2026-08-17 00:30:00+00:00,BikePoints_265,"Southwick Street, Paddington",51.515953,-0.169249,6,3,3,17,11,0
2026-08-17 00:30:00+00:00,BikePoints_266,"Queen's Gate (North), Kensington",51.501026,-0.180246,0,0,0,41,39,2
2026-08-17 00:30:00+00:00,BikePoints_268,"Belgrave Road, Victoria",51.493204,-0.144132,26,0,26,29,1,2
2026-08-17 00:30:00+00:00,BikePoints_269,"Empire Square, The Borough",51.500823,-0.08974,44,1,43,46,0,2
2026-08-17 00:30:00+00:00,BikePoints_271,"London Zoo,  The Regent's Park",51.535836,-0.156285,10,0,10,32,22,0
2026-08-17 00:30:00+00:00,BikePoints_272,"Baylis Road, Waterloo",51.501444,-0.110699,0,0,0,22,20,2
2026-08-17 00:30:00+00:00,BikePoints_273,"Belvedere Road 1, South Bank",51.506133,-0.114686,13,1,12,38,21,4
2026-08-17 00:30:00+00:00,BikePoints_274,"Warwick Road, Olympia",51.496712,-0.205284,13,5,8,36,23,0
2026-08-17 00:30:00+00:00,BikePoints_275,"Barbican Centre, Barbican",51.520044,-0.092176,0,0,0,19,18,1
2026-08-17 00:30:00+00:00,BikePoints_276,"Lower Thames Street, Monument",51.509301,-0.084985,0,0,0,24,23,1
2026-08-17 00:30:00+00:00,BikePoints_277,"Kensington Church Street, Kensington",51.503157,-0.191496,8,1,7,17,7,2
2026-08-17 00:30:00+00:00,BikePoints_278,"Tooley Street, Bermondsey",51.503493,-0.07962,20,8,12,27,3,4
2026-08-17 00:30:00+00:00,BikePoints_279,"North Wharf Road, Paddington",51.518623,-0.176603,5,3,2,23,17,1
2026-08-17 00:30:00+00:00,BikePoints_280,"Royal Avenue 2, Chelsea",51.490083,-0.162418,10,0,10,10,0,0
2026-08-17 00:30:00+00:00,BikePoints_281,"Smith Square, Westminster",51.495805,-0.127575,13,3,10,18,5,0
2026-08-17 00:30:00+00:00,BikePoints_282,"Royal London Hospital, Whitechapel",51.518675,-0.06111,29,5,24,42,7,6
2026-08-17 00:30:00+00:00,BikePoints_283,"Kingsway, Covent Garden",51.514409,-0.118478,0,0,0,16,16,0
2026-08-17 00:30:00+00:00,BikePoints_284,"Lambeth North Station, Waterloo",51.49914,-0.112031,12,1,11,20,8,0
2026-08-17 00:30:00+00:00,BikePoints_286,"St. John's Wood Road, St. John's Wood",51.527294,-0.174653,21,4,17,35,12,2
2026-08-17 00:30:00+00:00,BikePoints_287,"Bedford Way, Bloomsbury",51.523673,-0.128377,4,1,3,23,18,1
2026-08-17 00:30:00+00:00,BikePoints_288,"Elizabeth Bridge, Victoria",51.492369,-0.147478,34,0,34,34,0,0
2026-08-17 00:30:00+00:00,BikePoints_289,"South Audley Street, Mayfair",51.50923,-0.151289,1,0,1,15,14,0
2026-08-17 00:30:00+00:00,BikePoints_290,"St Mary's Hospital, Paddington",51.518268,-0.171103,2,0,2,20,15,3
2026-08-17 00:30:00+00:00,BikePoints_291,"Claverton Street, Pimlico",51.484839,-0.138089,31,1,30,32,0,1
2026-08-17 00:30:00+00:00,BikePoints_292,"Montpelier Street, Knightsbridge",51.498884,-0.165471,7,0,7,16,9,0
2026-08-17 00:30:00+00:00,BikePoints_293,"Kensington Olympia Station, Olympia",51.498157,-0.209494,11,0,11,25,14,0
2026-08-17 00:30:00+00:00,BikePoints_294,"St. George's Square, Pimlico",51.488226,-0.135635,13,1,12,16,1,2
2026-08-17 00:30:00+00:00,BikePoints_295,"Swan Street, The Borough",51.500296,-0.092762,4,0,4,27,22,1
2026-08-17 00:30:00+00:00,BikePoints_296,"Knaresborough Place, Earl's Court",51.493631,-0.190603,6,1,5,18,10,2
2026-08-17 00:30:00+00:00,BikePoints_297,"Geraldine Street, Elephant & Castle",51.496127,-0.106,13,2,11,17,3,1
2026-08-17 00:30:00+00:00,BikePoints_298,"Curlew Street, Shad Thames",51.502279,-0.074189,12,2,10,21,5,4
2026-08-17 00:30:00+00:00,BikePoints_299,"Vincent Square, Westminster",51.493985,-0.136928,16,0,16,19,3,0
2026-08-17 00:30:00+00:00,BikePoints_300,"Serpentine Car Park, Hyde Park",51.505014,-0.17306,4,0,4,18,11,3
2026-08-17 00:30:00+00:00,BikePoints_301,"Marylebone Lane, Marylebone",51.514759,-0.148105,2,1,1,24,18,4
2026-08-17 00:30:00+00:00,BikePoints_302,"Putney Pier, Wandsworth",51.466907,-0.216573,20,4,16,28,5,3
2026-08-17 00:30:00+00:00,BikePoints_303,"Albert Gate, Hyde Park",51.502953,-0.158456,2,1,1,34,27,5
2026-08-17 00:30:00+00:00,BikePoints_306,"Rathbone Street, Fitzrovia",51.518162,-0.135025,0,0,0,16,14,2
2026-08-17 00:30:00+00:00,BikePoints_307,"Black Lion Gate, Kensington Gardens",51.509908,-0.187842,19,9,10,24,0,5
2026-08-17 00:30:00+00:00,BikePoints_308,"Long Lane , Bermondsey",51.499075,-0.085666,20,4,16,20,0,0
2026-08-17 00:30:00+00:00,BikePoints_309,"Embankment (Savoy), Strand",51.509631,-0.119047,0,0,0,41,40,1
2026-08-17 00:30:00+00:00,BikePoints_310,"Black Prince Road, Vauxhall",51.490867,-0.116911,15,3,12,19,3,1
2026-08-17 00:30:00+00:00,BikePoints_311,"Foley Street, Fitzrovia",51.519181,-0.140485,4,1,3,24,20,0
2026-08-17 00:30:00+00:00,BikePoints_312,"Grove End Road, St. John's Wood",51.530889,-0.17677,18,5,13,20,0,2
2026-08-17 00:30:00+00:00,BikePoints_313,"Wells Street, Fitzrovia",51.517344,-0.138072,3,1,2,38,32,3
2026-08-17 00:30:00+00:00,BikePoints_314,"Tyers Gate, Bermondsey",51.500889,-0.083159,33,1,32,36,1,2
2026-08-17 00:30:00+00:00,BikePoints_315,"The Tennis Courts, The Regent's Park",51.525367,-0.153463,6,6,0,16,8,2
2026-08-17 00:30:00+00:00,BikePoints_316,"Warwick Row, Westminster",51.497998,-0.14296,0,0,0,21,18,3
2026-08-17 00:30:00+00:00,BikePoints_317,"Dickens Square, Borough",51.496791,-0.093913,6,0,6,32,26,0
2026-08-17 00:30:00+00:00,BikePoints_318,"Sackville Street, Mayfair",51.510048,-0.138846,2,2,0,18,15,1
2026-08-17 00:30:00+00:00,BikePoints_319,"Baldwin Street, St. Luke's",51.527025,-0.088542,6,1,5,21,13,2
2026-08-17 00:30:00+00:00,BikePoints_320,"Queen Mother Sports Centre, Victoria",51.493573,-0.139956,21,0,21,26,5,0
2026-08-17 00:30:00+00:00,BikePoints_321,"Bermondsey Street, Bermondsey",51.497855,-0.081608,15,3,12,24,8,1
2026-08-17 00:30:00+00:00,BikePoints_322,"Palissy Street, Shoreditch",51.526293,-0.073955,24,1,23,26,0,2
2026-08-17 00:30:00+00:00,BikePoints_323,"Clifton Street, Shoreditch",51.523196,-0.083067,6,1,5,24,18,0
2026-08-17 00:30:00+00:00,BikePoints_324,"Ontario Street, Elephant & Castle",51.49652,-0.101384,10,0,10,15,4,1
2026-08-17 00:30:00+00:00,BikePoints_326,"Graham Street, Angel",51.532661,-0.099981,19,1,18,26,6,1
2026-08-17 00:30:00+00:00,BikePoints_327,"Westbourne Green, Westbourne",51.522168,-0.192814,9,1,8,21,11,1
2026-08-17 00:30:00+00:00,BikePoints_328,"New North Road 2, Hoxton",51.53114,-0.086016,4,2,2,22,18,0
2026-08-17 00:30:00+00:00,BikePoints_329,"Prince Albert Road, The Regent's Park",51.535892,-0.160854,4,3,1,24,16,4
2026-08-17 00:30:00+00:00,BikePoints_330,"Eastbourne Mews, Paddington",51.516417,-0.179135,11,3,8,34,21,2
2026-08-17 00:30:00+00:00,BikePoints_331,"Bunhill Row, Moorgate",51.520858,-0.089887,0,0,0,30,26,4
2026-08-17 00:30:00+00:00,BikePoints_332,"Nevern Place, Earl's Court",51.493343,-0.194757,9,0,9,20,10,1
2026-08-17 00:30:00+00:00,BikePoints_333,"Palace Gardens Terrace, Notting Hill",51.508605,-0.193764,17,4,13,37,18,2
2026-08-17 00:30:00+00:00,BikePoints_334,"Agar Grove, Camden Town",51.542891,-0.132253,13,4,9,18,4,1
2026-08-17 00:30:00+00:00,BikePoints_335,"Tavistock Street, Covent Garden",51.511968,-0.120718,0,0,0,33,30,3
2026-08-17 00:30:00+00:00,BikePoints_336,"Concert Hall Approach, South Bank",51.504841,-0.115153,22,0,22,30,6,2
2026-08-17 00:30:00+00:00,BikePoints_337,"Pembridge Villas, Notting Hill",51.511084,-0.197524,6,2,4,16,9,1
2026-08-17 00:30:00+00:00,BikePoints_338,"Wellington Street , Strand",51.511756,-0.119643,0,0,0,24,20,4
2026-08-17 00:30:00+00:00,BikePoints_340,"Bank of England Museum, Bank",51.514441,-0.087587,0,0,0,16,14,2
2026-08-17 00:30:00+00:00,BikePoints_341,"Craven Street, Strand",51.508103,-0.126021,0,0,0,23,21,2
2026-08-17 00:30:00+00:00,BikePoints_344,"Goswell Road (City Uni), Finsbury",51.528246,-0.101026,10,1,9,16,5,1
2026-08-17 00:30:00+00:00,BikePoints_345,"Flood Street, Chelsea",51.488023,-0.166878,4,0,4,33,28,1
2026-08-17 00:30:00+00:00,BikePoints_348,"Grosvenor Square, Mayfair",51.51217,-0.150481,2,1,1,17,11,4
2026-08-17 00:30:00+00:00,BikePoints_349,"St. George Street, Mayfair",51.51196,-0.142783,0,0,0,18,16,2
2026-08-17 00:30:00+00:00,BikePoints_350,"Queen's Gate, Kensington Gardens",51.501715,-0.179854,4,2,2,21,12,5
2026-08-17 00:30:00+00:00,BikePoints_351,"Macclesfield Rd, St Lukes",51.529423,-0.097122,9,0,9,28,17,2
2026-08-17 00:30:00+00:00,BikePoints_352,"Vauxhall Street, Vauxhall",51.486965,-0.116625,17,2,15,19,2,0
2026-08-17 00:30:00+00:00,BikePoints_353,"Greycoat Street , Westminster",51.494591,-0.134234,13,0,13,17,4,0
2026-08-17 00:30:00+00:00,BikePoints_354,"Northumberland Avenue, Strand",51.506767,-0.123702,2,0,2,37,35,0
2026-08-17 00:30:00+00:00,BikePoints_355,"Clapham Common Station, Clapham Common",51.461388,-0.139221,17,0,17,21,2,2
2026-08-17 00:30:00+00:00,BikePoints_356,"South Kensington Station, South Kensington",51.494412,-0.173881,2,0,2,15,12,1
2026-08-17 00:30:00+00:00,BikePoints_357,"Howland Street, Fitzrovia",51.520994,-0.139016,7,1,6,30,23,0
2026-08-17 00:30:00+00:00,BikePoints_358,"High Holborn , Covent Garden",51.516398,-0.124257,0,0,0,20,20,0
2026-08-17 00:30:00+00:00,BikePoints_359,"Butler Place, Westminster",51.497829,-0.13544,0,0,0,18,17,1
2026-08-17 00:30:00+00:00,BikePoints_360,"Howick Place, Westminster",51.496753,-0.138733,1,0,1,27,25,1
2026-08-17 00:30:00+00:00,BikePoints_361,"Waterloo Station 2, Waterloo",51.503919,-0.113426,15,1,14,55,40,0
2026-08-17 00:30:00+00:00,BikePoints_362,"Royal College Street, Camden Town",51.536264,-0.133952,47,3,44,57,7,3
2026-08-17 00:30:00+00:00,BikePoints_363,"Lord's, St. John's Wood",51.529121,-0.171185,9,0,9,24,14,1
2026-08-17 00:30:00+00:00,BikePoints_364,"Store Street, Bloomsbury",51.519572,-0.13214,3,2,1,32,28,1
2026-08-17 00:30:00+00:00,BikePoints_365,"City Road, Angel",51.530344,-0.100168,25,5,20,47,18,4
2026-08-17 00:30:00+00:00,BikePoints_367,"Harrowby Street, Marylebone",51.517372,-0.164207,1,0,1,16,13,2
2026-08-17 00:30:00+00:00,BikePoints_368,"Lowndes Square, Knightsbridge",51.50058,-0.158837,0,0,0,23,22,1
2026-08-17 00:30:00+00:00,BikePoints_370,"Paddington Green, Paddington",51.520205,-0.174593,9,3,6,20,11,0
2026-08-17 00:30:00+00:00,BikePoints_371,"Brockwell Lido, Brixton",51.453118,-0.104955,26,0,26,30,3,1
2026-08-17 00:30:00+00:00,BikePoints_372,"Sardinia Street, Holborn",51.515208,-0.117863,0,0,0,24,24,0
2026-08-17 00:30:00+00:00,BikePoints_373,"Prince Consort Road, Knightsbridge",51.499806,-0.176415,0,0,0,18,17,1
2026-08-17 00:30:00+00:00,BikePoints_374,"Waterloo Station 1, Waterloo",51.504027,-0.113864,10,0,10,36,21,5
2026-08-17 00:30:00+00:00,BikePoints_375,"Kensington Town Hall, Kensington",51.501945,-0.194392,3,0,3,18,14,1
2026-08-17 00:30:00+00:00,BikePoints_376,"Millbank Tower, Pimlico",51.491884,-0.125674,4,1,3,24,18,2
2026-08-17 00:30:00+00:00,BikePoints_377,"Waterloo Bridge, South Bank",51.505354,-0.113656,8,1,7,15,6,1
2026-08-17 00:30:00+00:00,BikePoints_378,"Natural History Museum, South Kensington",51.495592,-0.179077,0,0,0,42,41,1
2026-08-17 00:30:00+00:00,BikePoints_379,"Turquoise Island, Notting Hill",51.514311,-0.200838,6,0,6,21,15,0
2026-08-17 00:30:00+00:00,BikePoints_380,"Stanhope Gate, Mayfair",51.506864,-0.150666,3,0,3,21,18,0
2026-08-17 00:30:00+00:00,BikePoints_381,"Charlotte Street, Fitzrovia",51.51953,-0.135777,0,0,0,14,14,0
2026-08-17 00:30:00+00:00,BikePoints_382,"Farm Street, Mayfair",51.509351,-0.147449,0,0,0,15,15,0
2026-08-17 00:30:00+00:00,BikePoints_383,"Frith Street, Soho",51.513103,-0.131213,1,0,1,18,15,2
2026-08-17 00:30:00+00:00,BikePoints_384,"Marloes Road, Kensington",51.496481,-0.192404,3,0,3,15,12,0
2026-08-17 00:30:00+00:00,BikePoints_386,"Moor Street, Soho",51.513527,-0.13011,0,0,0,16,12,4
2026-08-17 00:30:00+00:00,BikePoints_387,"Fire Brigade Pier, Vauxhall",51.493699,-0.121394,0,0,0,30,27,3
2026-08-17 00:30:00+00:00,BikePoints_388,"Southampton Street, Strand",51.510701,-0.121723,1,0,1,14,12,1
2026-08-17 00:30:00+00:00,BikePoints_389,"Upper Grosvenor Street, Mayfair",51.51013,-0.155757,2,0,2,18,16,0
2026-08-17 00:30:00+00:00,BikePoints_390,"Buxton Street 1, Shoreditch",51.521776,-0.068856,10,0,10,41,30,1
2026-08-17 00:30:00+00:00,BikePoints_391,"Clifford Street, Mayfair",51.510662,-0.142345,2,1,1,17,14,1
2026-08-17 00:30:00+00:00,BikePoints_392,"Imperial College, Knightsbridge",51.499428,-0.179702,0,0,0,33,32,1
2026-08-17 00:30:00+00:00,BikePoints_393,"Snow Hill, Farringdon",51.517334,-0.103604,4,0,4,15,11,0
2026-08-17 00:30:00+00:00,BikePoints_394,"Aberdeen Place, St. John's Wood",51.524826,-0.176268,17,5,12,18,0,1
2026-08-17 00:30:00+00:00,BikePoints_395,"Cadogan Gardens, Chelsea",51.492462,-0.159919,3,1,2,15,11,1
2026-08-17 00:30:00+00:00,BikePoints_396,"Shouldham Street, Marylebone",51.51809,-0.163609,2,0,2,16,13,1
2026-08-17 00:30:00+00:00,BikePoints_397,"Devonshire Terrace, Bayswater",51.51348,-0.17977,10,5,5,16,2,4
2026-08-17 00:30:00+00:00,BikePoints_398,"Holland Park, Kensington",51.502319,-0.200742,18,0,18,30,12,0
2026-08-17 00:30:00+00:00,BikePoints_399,"Brick Lane Market, Shoreditch",51.522617,-0.071653,10,1,9,24,13,1
2026-08-17 00:30:00+00:00,BikePoints_400,"George Street, Marylebone",51.517703,-0.154106,14,0,14,27,13,0
2026-08-17 00:30:00+00:00,BikePoints_401,"Columbia Road, Shoreditch",51.528187,-0.075375,14,2,12,24,9,1
2026-08-17 00:30:00+00:00,BikePoints_402,"Penfold Street, Marylebone",51.522892,-0.171681,0,0,0,15,14,1
2026-08-17 00:30:00+00:00,BikePoints_403,"George Place Mews, Marylebone",51.516892,-0.158249,2,1,1,16,12,2
2026-08-17 00:30:00+00:00,BikePoints_404,"Palace Gate, Kensington Gardens",51.502042,-0.1844,8,0,8,13,0,5
2026-08-17 00:30:00+00:00,BikePoints_405,"Gloucester Road Station, South Kensington",51.494185,-0.18267,0,0,0,15,14,1
2026-08-17 00:30:00+00:00,BikePoints_408,"Sun Street, Liverpool Street",51.520009,-0.083935,3,1,2,24,21,0
2026-08-17 00:30:00+00:00,BikePoints_409,"Strata, Elephant & Castle",51.493146,-0.099828,13,6,7,41,20,8
2026-08-17 00:30:00+00:00,BikePoints_410,"Orchard Place, Blackwall Tunnel",51.510212,0.004979,15,3,12,24,8,1
2026-08-17 00:30:00+00:00,BikePoints_411,"Rotherhithe Roundabout, Rotherhithe",51.499169,-0.055846,17,1,16,19,1,1
2026-08-17 00:30:00+00:00,BikePoints_412,"Cleaver Street, Kennington",51.488105,-0.110121,9,0,9,17,8,0
2026-08-17 00:30:00+00:00,BikePoints_419,"Chelsea Bridge, Pimlico",51.485821,-0.149004,1,0,1,15,14,0
2026-08-17 00:30:00+00:00,BikePoints_423,"Eaton Square (South), Belgravia",51.494561,-0.153933,8,0,8,31,23,0
2026-08-17 00:30:00+00:00,BikePoints_424,"Ebury Bridge, Pimlico",51.490491,-0.149186,17,1,16,29,10,2
2026-08-17 00:30:00+00:00,BikePoints_426,"Vincent Street, Pimlico",51.493072,-0.129925,12,5,7,17,5,0
2026-08-17 00:30:00+00:00,BikePoints_427,"Cheapside, Bank",51.51397,-0.09294,0,0,0,43,43,0
2026-08-17 00:30:00+00:00,BikePoints_428,"Exhibition Road, Knightsbridge",51.499917,-0.174554,0,0,0,20,20,0
2026-08-17 00:30:00+00:00,BikePoints_430,"South Parade, Chelsea",51.48902,-0.17524,5,1,4,18,11,2
2026-08-17 00:30:00+00:00,BikePoints_431,"Crinan Street, King's Cross",51.534474,-0.122203,5,3,2,20,14,1
2026-08-17 00:30:00+00:00,BikePoints_432,"Exhibition Road Museums 1, South Kensington",51.496468,-0.173796,0,0,0,13,13,0
2026-08-17 00:30:00+00:00,BikePoints_433,"Wren Street, Holborn",51.524564,-0.116279,3,0,3,33,27,3
2026-08-17 00:30:00+00:00,BikePoints_435,"Kennington Station, Kennington",51.488852,-0.105593,5,1,4,23,18,0
2026-08-17 00:30:00+00:00,BikePoints_436,"Red Lion Street, Holborn",51.51824,-0.11655,1,1,0,36,35,0
2026-08-17 00:30:00+00:00,BikePoints_437,"Vauxhall Walk, Vauxhall",51.488124,-0.120903,19,1,18,27,8,0
2026-08-17 00:30:00+00:00,BikePoints_439,"Killick Street, King's Cross",51.5338,-0.118677,15,2,13,22,5,2
2026-08-17 00:30:00+00:00,BikePoints_440,"Kennington Oval, Oval",51.483145,-0.113134,30,0,30,33,0,3
2026-08-17 00:30:00+00:00,BikePoints_441,"Sail Street, Vauxhall",51.495656,-0.114605,13,0,13,24,10,1
2026-08-17 00:30:00+00:00,BikePoints_442,"Walmer Road, Avondale",51.510101,-0.211358,8,1,7,24,16,0
2026-08-17 00:30:00+00:00,BikePoints_443,"Philpot Street, Whitechapel",51.515256,-0.058641,6,0,6,30,21,3
2026-08-17 00:30:00+00:00,BikePoints_444,"Bethnal Green Garden, Bethnal Green",51.52568,-0.055312,3,0,3,24,20,1
2026-08-17 00:30:00+00:00,BikePoints_445,"Cheshire Street, Bethnal Green",51.52388,-0.065076,4,0,4,28,24,0
2026-08-17 00:30:00+00:00,BikePoints_446,"York Hall, Bethnal Green",51.528936,-0.055894,14,0,14,27,11,2
2026-08-17 00:30:00+00:00,BikePoints_447,"Jubilee Crescent, Cubitt Town",51.493381,-0.007542,6,1,5,54,46,2
2026-08-17 00:30:00+00:00,BikePoints_448,"Fisherman's Walk West, Canary Wharf",51.50623,-0.02296,15,0,15,36,20,1
2026-08-17 00:30:00+00:00,BikePoints_449,"Shadwell Station, Shadwell",51.511088,-0.057159,29,3,26,35,3,3
2026-08-17 00:30:00+00:00,BikePoints_450,"Jubilee Street, Stepney",51.515975,-0.053177,6,2,4,28,22,0
2026-08-17 00:30:00+00:00,BikePoints_451,"Hermitage Court, Wapping",51.504719,-0.063531,10,4,6,16,5,1
2026-08-17 00:30:00+00:00,BikePoints_452,"St. Katharine's Way, Tower",51.505697,-0.070542,1,1,0,24,21,2
2026-08-17 00:30:00+00:00,BikePoints_453,"Garnet Street, Shadwell",51.508447,-0.055167,10,0,10,24,13,1
2026-08-17 00:30:00+00:00,BikePoints_454,"Napier Avenue, Millwall",51.487679,-0.021582,15,6,9,20,3,2
2026-08-17 00:30:00+00:00,BikePoints_455,"East Ferry Road, Cubitt Town",51.49447,-0.014409,16,2,14,17,0,1
2026-08-17 00:30:00+00:00,BikePoints_456,"Albert Street, Camden Town",51.537706,-0.144801,11,4,7,26,10,5
2026-08-17 00:30:00+00:00,BikePoints_457,"Castlehaven Road, Camden Town",51.542138,-0.145393,9,3,6,29,19,1
2026-08-17 00:30:00+00:00,BikePoints_458,"Wapping Lane, Wapping",51.504749,-0.057544,10,1,9,28,15,3
2026-08-17 00:30:00+00:00,BikePoints_459,"Gunmakers Lane, Old Ford",51.535179,-0.03338,14,1,13,17,2,1
2026-08-17 00:30:00+00:00,BikePoints_461,"Aston Street, Stepney",51.516,-0.038775,13,3,10,26,13,0
2026-08-17 00:30:00+00:00,BikePoints_462,"Bonny Street, Camden Town",51.541603,-0.138853,33,11,22,45,8,4
2026-08-17 00:30:00+00:00,BikePoints_463,"Thurtle Road, Haggerston",51.534776,-0.071881,3,1,2,22,17,2
2026-08-17 00:30:00+00:00,BikePoints_464,"St. Mary & St. Michael Church, Stepney",51.51417,-0.052099,6,0,6,25,19,0
2026-08-17 00:30:00+00:00,BikePoints_465,"Pitfield Street North,Hoxton",51.53558,-0.08249,21,4,17,28,5,2
2026-08-17 00:30:00+00:00,BikePoints_466,"Whiston Road, Haggerston",51.534464,-0.076341,8,4,4,21,11,2
2026-08-17 00:30:00+00:00,BikePoints_467,"Southern Grove, Bow",51.523538,-0.030556,3,0,3,17,14,0
2026-08-17 00:30:00+00:00,BikePoints_468,"Cantrell Road, Bow",51.521564,-0.022694,18,0,18,24,4,2
2026-08-17 00:30:00+00:00,BikePoints_469,"Lindfield Street, Poplar",51.513757,-0.020467,20,2,18,44,22,2
2026-08-17 00:30:00+00:00,BikePoints_470,"Mostyn Grove, Bow",51.530535,-0.025492,19,4,15,46,26,1
2026-08-17 00:30:00+00:00,BikePoints_471,"Hewison Street, Old Ford",51.533283,-0.028155,14,4,10,19,5,0
2026-08-17 00:30:00+00:00,BikePoints_472,"Malmesbury Road, Bow",51.529452,-0.027616,7,3,4,21,12,2
2026-08-17 00:30:00+00:00,BikePoints_473,"Millharbour, Millwall",51.496137,-0.019355,8,1,7,19,7,4
2026-08-17 00:30:00+00:00,BikePoints_474,"Gascoyne Road, Victoria Park",51.541515,-0.038557,10,7,3,20,7,3
2026-08-17 00:30:00+00:00,BikePoints_475,"Lightermans Road, Millwall",51.499041,-0.020157,8,3,5,31,21,2
2026-08-17 00:30:00+00:00,BikePoints_476,"Stebondale Street, Cubitt Town",51.489096,-0.009205,5,0,5,29,20,4
2026-08-17 00:30:00+00:00,BikePoints_477,"Spindrift Avenue, Millwall",51.49109,-0.018716,16,2,14,36,18,2
2026-08-17 00:30:00+00:00,BikePoints_478,"Stepney Green Station, Stepney",51.521889,-0.04667,16,1,15,21,1,4
2026-08-17 00:30:00+00:00,BikePoints_479,"Pott Street, Bethnal Green",51.527152,-0.058005,14,1,13,20,2,4
2026-08-17 00:30:00+00:00,BikePoints_480,"Flamborough Street, Limehouse",51.512871,-0.038986,23,3,20,25,1,1
2026-08-17 00:30:00+00:00,BikePoints_481,"Saunders Ness Road, Cubitt Town",51.487129,-0.009001,9,1,8,35,23,3
2026-08-17 00:30:00+00:00,BikePoints_482,"Exhibition Road Museums 2, South Kensington",51.495947,-0.173689,0,0,0,14,14,0
2026-08-17 00:30:00+00:00,BikePoints_483,"Albert Gardens, Stepney",51.51328,-0.047784,26,2,24,33,3,4
2026-08-17 00:30:00+00:00,BikePoints_484,"Bromley High Street, Bow",51.528828,-0.013258,11,2,9,24,9,4
2026-08-17 00:30:00+00:00,BikePoints_485,"Old Ford Road, Bethnal Green",51.531127,-0.048017,14,2,12,24,4,6
2026-08-17 00:30:00+00:00,BikePoints_486,"Granby Street, Shoreditch",51.525645,-0.069543,4,0,4,37,32,1
2026-08-17 00:30:00+00:00,BikePoints_487,"Canton Street, Poplar",51.511811,-0.025626,8,1,7,23,14,1
2026-08-17 00:30:00+00:00,BikePoints_488,"Reardon Street, Wapping",51.506946,-0.058681,3,0,3,22,14,5
2026-08-17 00:30:00+00:00,BikePoints_489,"Christian Street, Whitechapel",51.513074,-0.064094,20,7,13,34,14,0
2026-08-17 00:30:00+00:00,BikePoints_490,"Pennington Street, Wapping",51.508622,-0.065006,9,4,5,45,34,2
2026-08-17 00:30:00+00:00,BikePoints_491,"Queen Mary's, Mile End",51.522507,-0.041378,9,0,9,45,31,5
2026-08-17 00:30:00+00:00,BikePoints_494,"South Quay East, Canary Wharf",51.50196,-0.016251,14,2,12,36,22,0
2026-08-17 00:30:00+00:00,BikePoints_495,"Bow Church Station, Bow",51.528169,-0.018703,25,6,19,39,13,1
2026-08-17 00:30:00+00:00,BikePoints_496,"Devons Road, Bow",51.52512,-0.015578,30,4,26,39,4,5
2026-08-17 00:30:00+00:00,BikePoints_497,"Merchant Street, Bow",51.526578,-0.027581,24,4,20,27,2,1
2026-08-17 00:30:00+00:00,BikePoints_498,"Bow Road Station, Bow",51.527058,-0.025296,10,5,5,42,31,1
2026-08-17 00:30:00+00:00,BikePoints_499,"Furze Green, Bow",51.519265,-0.021345,20,3,17,36,13,3
2026-08-17 00:30:00+00:00,BikePoints_500,"Ansell House, Stepney",51.520019,-0.05438,2,0,2,41,37,2
2026-08-17 00:30:00+00:00,BikePoints_501,"Cephas Street, Bethnal Green",51.522561,-0.054883,9,1,8,24,12,3
2026-08-17 00:30:00+00:00,BikePoints_502,"Bonner Gate, Victoria Park",51.53341,-0.049591,2,0,2,21,15,4
2026-08-17 00:30:00+00:00,BikePoints_503,"Cleveland Way, Stepney",51.520893,-0.051394,3,1,2,36,32,1
2026-08-17 00:30:00+00:00,BikePoints_504,"St. John's Park, Cubitt Town",51.496454,-0.009506,7,0,7,30,21,2
2026-08-17 00:30:00+00:00,BikePoints_505,"Ackroyd Drive, Bow",51.520398,-0.026768,24,6,18,29,0,5
2026-08-17 00:30:00+00:00,BikePoints_506,"Bell Lane, Liverpool Street",51.517475,-0.075855,0,0,0,23,22,1
2026-08-17 00:30:00+00:00,BikePoints_507,"Clarkson Street, Bethnal Green",51.528692,-0.059091,14,3,11,31,16,1
2026-08-17 00:30:00+00:00,BikePoints_508,"Fournier Street, Whitechapel",51.519362,-0.074431,1,1,0,18,15,2
2026-08-17 00:30:00+00:00,BikePoints_509,"Fore Street Avenue, Guildhall",51.517842,-0.090075,0,0,0,19,17,2
2026-08-17 00:30:00+00:00,BikePoints_510,"Westferry DLR, Limehouse",51.509303,-0.025996,17,1,16,41,22,2
2026-08-17 00:30:00+00:00,BikePoints_511,"Sutton Street, Shadwell",51.511066,-0.053558,29,4,25,33,1,3
2026-08-17 00:30:00+00:00,BikePoints_513,"Watney Market, Stepney",51.514222,-0.055656,10,2,8,51,40,1
2026-08-17 00:30:00+00:00,BikePoints_514,"Portman Square, Marylebone",51.516204,-0.155525,1,1,0,17,15,1
2026-08-17 00:30:00+00:00,BikePoints_515,"Russell Gardens, Olympia",51.500088,-0.211316,5,0,5,24,19,0
2026-08-17 00:30:00+00:00,BikePoints_516,"Chrisp Street Market, Poplar",51.5112,-0.014438,14,3,11,18,3,1
2026-08-17 00:30:00+00:00,BikePoints_517,"Ford Road, Old Ford",51.532513,-0.033085,9,0,9,18,6,3
2026-08-17 00:30:00+00:00,BikePoints_518,"Antill Road, Mile End",51.528224,-0.037471,9,1,8,30,20,1
2026-08-17 00:30:00+00:00,BikePoints_519,"Teviot Street, Poplar",51.518811,-0.011662,32,1,31,33,0,1
2026-08-17 00:30:00+00:00,BikePoints_520,"Bancroft Road, Bethnal Green",51.526041,-0.047218,19,5,14,21,0,2
2026-08-17 00:30:00+00:00,BikePoints_521,"Driffield Road, Old Ford",51.534137,-0.037366,18,0,18,19,0,1
2026-08-17 00:30:00+00:00,BikePoints_522,"Clinton Road, Mile End",51.525941,-0.036017,17,3,14,36,18,1
2026-08-17 00:30:00+00:00,BikePoints_523,"Langdon Park, Poplar",51.51549,-0.013475,17,2,15,24,6,1
2026-08-17 00:30:00+00:00,BikePoints_524,"Lancaster Gate , Bayswater",51.511654,-0.179668,26,0,26,38,11,1
2026-08-17 00:30:00+00:00,BikePoints_525,"Blythe Road, Olympia",51.496927,-0.2135,6,1,5,24,17,1
2026-08-17 00:30:00+00:00,BikePoints_526,"Lancaster Drive, Blackwall",51.503143,-0.008428,13,2,11,27,13,1
2026-08-17 00:30:00+00:00,BikePoints_527,"Hansard Mews, Holland Park",51.503802,-0.215808,12,5,7,20,8,0
2026-08-17 00:30:00+00:00,BikePoints_528,"Clarges Street, Mayfair",51.507326,-0.145827,0,0,0,16,16,0
2026-08-17 00:30:00+00:00,BikePoints_529,"Manresa Road, Chelsea",51.486892,-0.170983,3,0,3,18,13,2
2026-08-17 00:30:00+00:00,BikePoints_530,"Newby Place, Poplar",51.508896,-0.012413,17,2,15,18,0,1
2026-08-17 00:30:00+00:00,BikePoints_531,"Twig Folly Bridge, Mile End",51.530326,-0.042744,9,3,6,21,12,0
2026-08-17 00:30:00+00:00,BikePoints_532,"Jubilee Plaza, Canary Wharf",51.5034,-0.020242,0,0,0,63,59,4
2026-08-17 00:30:00+00:00,BikePoints_533,"Wellington Row, Bethnal Green",51.528222,-0.069743,24,4,20,33,7,2
2026-08-17 00:30:00+00:00,BikePoints_534,"Goldsmith's Row, Haggerston",51.531864,-0.066035,24,3,21,27,0,3
2026-08-17 00:30:00+00:00,BikePoints_536,"Queensbridge Road, Haggerston",51.53385,-0.06992,11,0,11,35,21,3
2026-08-17 00:30:00+00:00,BikePoints_537,"Old Montague Street, Whitechapel",51.51793,-0.067937,13,5,8,18,5,0
2026-08-17 00:30:00+00:00,BikePoints_538,"Naval Row, Blackwall",51.508981,-0.00699,19,4,15,21,1,1
2026-08-17 00:30:00+00:00,BikePoints_539,"Hoxton Station, Hoxton",51.531091,-0.075901,5,1,4,22,17,0
2026-08-17 00:30:00+00:00,BikePoints_541,"Green Park Station, Mayfair",51.506613,-0.142844,0,0,0,28,24,4
2026-08-17 00:30:00+00:00,BikePoints_542,"Salmon Lane, Limehouse",51.514115,-0.033828,13,5,8,33,19,1
2026-08-17 00:30:00+00:00,BikePoints_543,"Lansdowne Walk, Ladbroke Grove",51.509591,-0.204666,12,2,10,21,8,1
2026-08-17 00:30:00+00:00,BikePoints_544,"Percival Street, Finsbury",51.526153,-0.102208,4,1,3,22,16,2
2026-08-17 00:30:00+00:00,BikePoints_545,"Arlington Road, Camden Town",51.539957,-0.145246,14,0,14,24,9,1
2026-08-17 00:30:00+00:00,BikePoints_546,"New Fetter Lane, Holborn",51.517428,-0.107987,0,0,0,21,20,1
2026-08-17 00:30:00+00:00,BikePoints_547,"East India DLR, Blackwall",51.509474,-0.002275,25,8,17,51,21,5
2026-08-17 00:30:00+00:00,BikePoints_548,"Westminster Bridge Road, Elephant & Castle",51.498386,-0.107913,14,0,14,26,11,1
2026-08-17 00:30:00+00:00,BikePoints_549,"Gaywood  Street, Elephant & Castle",51.49605,-0.104193,5,0,5,45,38,2
2026-08-17 00:30:00+00:00,BikePoints_550,"Harford Street, Mile End",51.521564,-0.039264,23,0,23,23,0,0
2026-08-17 00:30:00+00:00,BikePoints_551,"Import Dock, Canary Wharf",51.505772,-0.01646,14,1,13,39,20,5
2026-08-17 00:30:00+00:00,BikePoints_552,"Watney Street, Shadwell",51.511542,-0.056667,5,0,5,27,22,0
2026-08-17 00:30:00+00:00,BikePoints_553,"Regent's Row , Haggerston",51.535678,-0.062546,6,2,4,24,16,2
2026-08-17 00:30:00+00:00,BikePoints_554,"Aberfeldy Street, Poplar",51.513548,-0.005659,11,2,9,16,0,5
2026-08-17 00:30:00+00:00,BikePoints_556,"Heron Quays DLR, Canary Wharf",51.502661,-0.021596,0,0,0,27,25,2
2026-08-17 00:30:00+00:00,BikePoints_557,"King Edward Street, St Pauls",51.51601,-0.0985,1,0,1,20,19,0
2026-08-17 00:30:00+00:00,BikePoints_558,"Page Street, Westminster",51.493978,-0.127554,8,5,3,24,14,2
2026-08-17 00:30:00+00:00,BikePoints_559,"Abbotsbury Road, Holland Park",51.501391,-0.205991,5,0,5,24,19,0
2026-08-17 00:30:00+00:00,BikePoints_560,"Ladbroke Grove Central, Ladbroke Grove",51.511624,-0.205921,6,1,5,21,14,1
2026-08-17 00:30:00+00:00,BikePoints_561,"Rectory Square, Stepney",51.518369,-0.043371,7,1,6,22,14,1
2026-08-17 00:30:00+00:00,BikePoints_562,"Bury Place, Holborn",51.51742,-0.123189,1,1,0,21,20,0
2026-08-17 00:30:00+00:00,BikePoints_563,"Preston's Road, Cubitt Town",51.499286,-0.009152,16,1,15,26,6,4
2026-08-17 00:30:00+00:00,BikePoints_564,"Somerset House, Strand",51.509943,-0.117619,0,0,0,41,40,1
2026-08-17 00:30:00+00:00,BikePoints_565,"Selby Street, Whitechapel",51.521905,-0.063386,6,2,4,17,9,2
2026-08-17 00:30:00+00:00,BikePoints_568,"Bishop's Bridge Road West, Bayswater",51.51616,-0.18697,4,0,4,18,10,4
2026-08-17 00:30:00+00:00,BikePoints_569,"Pitfield Street Central, Hoxton",51.53213,-0.08299,4,0,4,30,22,4
2026-08-17 00:30:00+00:00,BikePoints_570,"Upper Bank Street, Canary Wharf",51.503083,-0.017676,8,0,8,36,23,5
2026-08-17 00:30:00+00:00,BikePoints_571,"Westfield Southern Terrace ,Shepherd's Bush",51.506256,-0.218337,8,0,8,29,19,2
2026-08-17 00:30:00+00:00,BikePoints_572,"Greenland Road, Camden Town",51.539099,-0.141728,34,4,30,36,1,1
2026-08-17 00:30:00+00:00,BikePoints_573,"Limerston Street, West Chelsea",51.485587,-0.18119,2,2,0,18,15,1
2026-08-17 00:30:00+00:00,BikePoints_574,"Eagle Wharf Road, Hoxton",51.53356,-0.09315,18,4,14,45,22,5
2026-08-17 00:30:00+00:00,BikePoints_576,"Alpha Grove, Millwall",51.497304,-0.022793,18,7,11,23,0,5
2026-08-17 00:30:00+00:00,BikePoints_577,"Globe Town Market, Bethnal Green",51.528869,-0.047548,19,3,16,20,0,1
2026-08-17 00:30:00+00:00,BikePoints_578,"Hollybush Gardens, Bethnal Green",51.527607,-0.057133,25,1,24,32,7,0
2026-08-17 00:30:00+00:00,BikePoints_579,"Queen Street 2, Bank",51.511246,-0.093051,3,0,3,36,32,1
2026-08-17 00:30:00+00:00,BikePoints_580,"Doddington Grove, Kennington",51.486929,-0.102996,28,8,20,36,7,1
2026-08-17 00:30:00+00:00,BikePoints_581,"New Cavendish Street, Marylebone",51.519167,-0.147983,6,1,5,18,10,2
2026-08-17 00:30:00+00:00,BikePoints_583,"Abingdon Green, Westminster",51.49764,-0.125972,0,0,0,20,20,0
2026-08-17 00:30:00+00:00,BikePoints_584,"Ilchester Gardens, Bayswater",51.51244,-0.19096,11,3,8,21,10,0
2026-08-17 00:30:00+00:00,BikePoints_586,"Mudchute DLR, Cubitt Town",51.490645,-0.014582,17,3,14,31,13,1
2026-08-17 00:30:00+00:00,BikePoints_587,"Monument Street, Monument",51.50964,-0.08497,3,0,3,22,18,1
2026-08-17 00:30:00+00:00,BikePoints_589,"Drayton Gardens, West Chelsea",51.487196,-0.179369,4,1,3,18,14,0
2026-08-17 00:30:00+00:00,BikePoints_590,"Greenberry Street, St.John's Wood",51.53256,-0.16862,20,2,18,26,6,0
2026-08-17 00:30:00+00:00,BikePoints_591,"Westfield Library Corner, Shepherd's Bush",51.506093,-0.224223,19,4,15,27,8,0
2026-08-17 00:30:00+00:00,BikePoints_592,"Bishop's Bridge Road East, Bayswater",51.5171,-0.18377,2,1,1,20,18,0
2026-08-17 00:30:00+00:00,BikePoints_593,"Northdown Street, King's Cross",51.531066,-0.11934,9,1,8,21,8,4
2026-08-17 00:30:00+00:00,BikePoints_594,"Kingsway Southbound, Strand",51.513875,-0.117774,0,0,0,33,32,1
2026-08-17 00:30:00+00:00,BikePoints_595,"Hammersmith Road, Hammersmith",51.493267,-0.21985,1,0,1,22,20,1
2026-08-17 00:30:00+00:00,BikePoints_596,"Parson's Green , Parson's Green",51.472817,-0.199783,9,1,8,21,12,0
2026-08-17 00:30:00+00:00,BikePoints_597,"Fulham Park Road, Fulham",51.473471,-0.20782,5,1,4,27,22,0
2026-08-17 00:30:00+00:00,BikePoints_598,"Southerton Road, Hammersmith",51.494499,-0.228188,21,2,19,38,15,2
2026-08-17 00:30:00+00:00,BikePoints_599,"Manbre Road, Hammersmith",51.485743,-0.223616,10,0,10,28,18,0
2026-08-17 00:30:00+00:00,BikePoints_600,"South Lambeth Road, Vauxhall",51.481747,-0.124642,16,4,12,21,0,5
2026-08-17 00:30:00+00:00,BikePoints_602,"Union Grove, Wandsworth Road",51.472993,-0.133972,31,1,30,45,13,1
2026-08-17 00:30:00+00:00,BikePoints_603,"Caldwell Street, Stockwell",51.477839,-0.116493,26,0,26,44,18,0
2026-08-17 00:30:00+00:00,BikePoints_604,"St Martins Close, Camden Town",51.538792,-0.138535,16,7,9,18,0,2
2026-08-17 00:30:00+00:00,BikePoints_605,"Seymour Place, Marylebone",51.520331,-0.163667,2,0,2,29,25,2
2026-08-17 00:30:00+00:00,BikePoints_606,"Addison Road, Holland Park",51.504199,-0.210941,4,0,4,26,21,1
2026-08-17 00:30:00+00:00,BikePoints_607,"Putney Bridge Station, Fulham",51.468814,-0.210279,9,1,8,21,12,0
2026-08-17 00:30:00+00:00,BikePoints_608,"Colet Gardens, Hammersmith",51.491093,-0.216493,5,1,4,30,25,0
2026-08-17 00:30:00+00:00,BikePoints_609,"Sugden Road, Clapham",51.465123,-0.157788,15,7,8,19,1,3
2026-08-17 00:30:00+00:00,BikePoints_610,"Danvers Street, West Chelsea",51.482567,-0.172078,5,1,4,21,14,2
2026-08-17 00:30:00+00:00,BikePoints_611,"Princedale Road , Holland Park",51.506465,-0.208486,11,2,9,20,5,4
2026-08-17 00:30:00+00:00,BikePoints_612,"Wandsworth Rd, Isley Court, Wandsworth Road",51.469259,-0.141812,24,3,21,30,6,0
2026-08-17 00:30:00+00:00,BikePoints_613,"Woodstock Grove, Shepherd's Bush",51.504038,-0.2174,1,1,0,24,21,2
2026-08-17 00:30:00+00:00,BikePoints_615,"Finlay Street, Fulham",51.476885,-0.215895,17,1,16,24,7,0
2026-08-17 00:30:00+00:00,BikePoints_616,"Aintree Street, Fulham",51.481021,-0.209973,14,6,8,24,8,2
2026-08-17 00:30:00+00:00,BikePoints_617,"Elysium Place, Fulham",51.471079,-0.207842,15,3,12,21,6,0
2026-08-17 00:30:00+00:00,BikePoints_618,"Eel Brook Common, Walham Green",51.476259,-0.193254,23,1,22,24,1,0
2026-08-17 00:30:00+00:00,BikePoints_619,"Irene Road, Parsons Green",51.473763,-0.19701,17,0,17,23,6,0
2026-08-17 00:30:00+00:00,BikePoints_620,"Surrey Lane, Battersea",51.47518,-0.16716,25,4,21,26,0,1
2026-08-17 00:30:00+00:00,BikePoints_621,"Wandsworth Town Station, Wandsworth",51.460864,-0.187427,30,1,29,33,0,3
2026-08-17 00:30:00+00:00,BikePoints_622,"Lansdowne Road, Ladbroke Grove",51.507481,-0.205535,19,3,16,29,10,0
2026-08-17 00:30:00+00:00,BikePoints_623,"Nantes Close, Wandsworth",51.46193,-0.180791,17,0,17,22,4,1
2026-08-17 00:30:00+00:00,BikePoints_624,"Courland Grove, Wandsworth Road",51.472918,-0.132102,37,1,36,40,0,3
2026-08-17 00:30:00+00:00,BikePoints_625,"Queen's Circus, Battersea Park",51.477619,-0.149551,23,3,20,28,5,0
2026-08-17 00:30:00+00:00,BikePoints_626,"Normand Park, West Kensington",51.484386,-0.204815,19,1,18,24,5,0
2026-08-17 00:30:00+00:00,BikePoints_627,"Holden Street, Battersea",51.46879,-0.15823,18,1,17,20,1,1
2026-08-17 00:30:00+00:00,BikePoints_628,"William Morris Way, Sands End",51.468819,-0.184318,25,2,23,26,1,0
2026-08-17 00:30:00+00:00,BikePoints_629,"Morie Street, Wandsworth",51.459953,-0.190184,25,2,23,28,1,2
2026-08-17 00:30:00+00:00,BikePoints_630,"Clarence Walk, Stockwell",51.470732,-0.126994,27,1,26,28,1,0
2026-08-17 00:30:00+00:00,BikePoints_631,"Battersea Park Road, Nine Elms",51.479501,-0.14177,3,3,0,27,21,3
2026-08-17 00:30:00+00:00,BikePoints_632,"Sheepcote Lane, Battersea",51.470538,-0.163041,26,0,26,28,1,1
2026-08-17 00:30:00+00:00,BikePoints_633,"Vereker Road, West Kensington",51.489591,-0.209378,7,1,6,32,24,1
2026-08-17 00:30:00+00:00,BikePoints_634,"Brook Green South, Brook Green",51.494347,-0.215804,2,0,2,33,30,1
2026-08-17 00:30:00+00:00,BikePoints_635,"Greyhound Road, Hammersmith",51.486062,-0.214428,24,5,19,37,12,1
2026-08-17 00:30:00+00:00,BikePoints_636,"South Park, Sands End",51.467064,-0.193502,23,2,21,28,4,1
2026-08-17 00:30:00+00:00,BikePoints_638,"Falcon Road, Clapham Junction",51.466633,-0.169821,17,2,15,28,9,2
2026-08-17 00:30:00+00:00,BikePoints_640,"Silverthorne Road, Battersea",51.472865,-0.148059,15,0,15,28,11,2
2026-08-17 00:30:00+00:00,BikePoints_641,"Archbishop's Park, Waterloo",51.498241,-0.117495,10,0,10,23,13,0
2026-08-17 00:30:00+00:00,BikePoints_642,"Fawcett Close, Battersea",51.469161,-0.174485,16,2,14,30,11,3
2026-08-17 00:30:00+00:00,BikePoints_643,"All Saints' Road, Portobello",51.519042,-0.204764,4,4,0,22,18,0
2026-08-17 00:30:00+00:00,BikePoints_644,"Rainville Road, Hammersmith",51.483732,-0.223852,3,0,3,36,31,2
2026-08-17 00:30:00+00:00,BikePoints_645,"Great Suffolk Street, The Borough",51.501732,-0.100292,4,2,2,21,14,3
2026-08-17 00:30:00+00:00,BikePoints_646,"Buckingham Gate, Westminster",51.498865,-0.137424,2,2,0,16,10,4
2026-08-17 00:30:00+00:00,BikePoints_647,"Richmond Way, Shepherd's Bush",51.500353,-0.217515,8,0,8,27,19,0
2026-08-17 00:30:00+00:00,BikePoints_648,"Peterborough Road, Sands End",51.46904,-0.196274,12,1,11,20,8,0
2026-08-17 00:30:00+00:00,BikePoints_649,"World's End Place, West Chelsea",51.481805,-0.180274,7,0,7,22,14,1
2026-08-17 00:30:00+00:00,BikePoints_650,"St. Mark's Road, North Kensington",51.51687,-0.213872,11,5,6,21,9,1
2026-08-17 00:30:00+00:00,BikePoints_651,"Thorndike Close, West Chelsea",51.480898,-0.183853,7,3,4,25,18,0
2026-08-17 00:30:00+00:00,BikePoints_652,"Evesham Street, Avondale",51.511486,-0.21819,7,1,6,20,13,0
2026-08-17 00:30:00+00:00,BikePoints_653,"Simpson Street, Clapham Junction",51.470847,-0.170703,25,3,22,25,0,0
2026-08-17 00:30:00+00:00,BikePoints_654,"Ashmole Estate, Oval",51.482678,-0.117661,20,1,19,34,13,1
2026-08-17 00:30:00+00:00,BikePoints_655,"Crabtree Lane, Fulham",51.482944,-0.219346,22,2,20,27,4,1
2026-08-17 00:30:00+00:00,BikePoints_656,"Broomhouse Lane, Parsons Green",51.468418,-0.199135,21,1,20,29,8,0
2026-08-17 00:30:00+00:00,BikePoints_657,"Blythe Road West, Shepherd's Bush",51.49968,-0.221791,4,0,4,21,17,0
2026-08-17 00:30:00+00:00,BikePoints_658,"Ethelburga Estate, Battersea Park",51.477292,-0.164786,19,5,14,30,9,2
2026-08-17 00:30:00+00:00,BikePoints_659,"Blackfriars Station, St. Paul's",51.511934,-0.103078,6,0,6,35,27,2
2026-08-17 00:30:00+00:00,BikePoints_660,"West Kensington Station, West Kensington",51.49087,-0.206029,14,3,11,22,7,1
2026-08-17 00:30:00+00:00,BikePoints_661,"All Saints Church, Portobello",51.51632,-0.202608,8,2,6,37,28,1
2026-08-17 00:30:00+00:00,BikePoints_662,"Phene Street, Chelsea",51.484984,-0.167919,3,1,2,24,20,1
2026-08-17 00:30:00+00:00,BikePoints_663,"Clarendon Road, Avondale",51.51323,-0.211593,5,2,3,24,17,2
2026-08-17 00:30:00+00:00,BikePoints_664,"Austin Road, Battersea Park",51.474376,-0.155442,20,1,19,24,3,1
2026-08-17 00:30:00+00:00,BikePoints_665,"Smugglers Way, Wandsworth",51.461083,-0.191722,26,2,24,27,1,0
2026-08-17 00:30:00+00:00,BikePoints_666,"Harris Academy, Bermondsey",51.492668,-0.07235,14,3,11,18,2,2
2026-08-17 00:30:00+00:00,BikePoints_667,"Shepherd's Bush Road North, Shepherd's Bush",51.501594,-0.222293,29,1,28,34,1,4
2026-08-17 00:30:00+00:00,BikePoints_668,"Ravenscourt Park Station, Hammersmith",51.494223,-0.236769,12,3,9,26,11,3
2026-08-17 00:30:00+00:00,BikePoints_669,"Teversham Lane, Stockwell",51.476149,-0.123258,26,5,21,39,12,1
2026-08-17 00:30:00+00:00,BikePoints_670,"Ashley Crescent, Battersea",51.467185,-0.152248,23,7,16,28,2,3
2026-08-17 00:30:00+00:00,BikePoints_671,"Parsons Green Station, Parsons Green",51.475089,-0.201968,33,3,30,56,21,2
2026-08-17 00:30:00+00:00,BikePoints_672,"Chicheley Street, South Bank",51.502698,-0.116747,12,4,8,24,11,1
2026-08-17 00:30:00+00:00,BikePoints_673,"Hibbert Street, Battersea",51.46517,-0.180389,32,1,31,36,4,0
2026-08-17 00:30:00+00:00,BikePoints_674,"Carnegie Street, King's Cross",51.535467,-0.116191,14,2,12,40,24,2
2026-08-17 00:30:00+00:00,BikePoints_675,"Usk Road, Clapham Junction",51.463489,-0.182126,22,0,22,30,6,2
2026-08-17 00:30:00+00:00,BikePoints_676,"Hartington Road, Stockwell",51.47787,-0.126874,30,2,28,35,5,0
2026-08-17 00:30:00+00:00,BikePoints_677,"Heath Road, Battersea",51.468669,-0.146544,23,2,21,27,4,0
2026-08-17 00:30:00+00:00,BikePoints_678,"Esmond Street, Putney",51.462312,-0.211468,27,5,22,30,1,2
2026-08-17 00:30:00+00:00,BikePoints_679,"Orbel Street, Battersea",51.474535,-0.17021,20,2,18,26,6,0
2026-08-17 00:30:00+00:00,BikePoints_680,"Westbridge Road, Battersea",51.477684,-0.170329,25,4,21,28,0,3
2026-08-17 00:30:00+00:00,BikePoints_681,"Bishop's Avenue, Fulham",51.473036,-0.214749,23,1,22,46,21,2
2026-08-17 00:30:00+00:00,BikePoints_682,"Crisp Road, Hammersmith",51.488108,-0.226606,24,0,24,46,21,1
2026-08-17 00:30:00+00:00,BikePoints_683,"Dorothy Road, Clapham Junction",51.465064,-0.16375,14,1,13,28,13,1
2026-08-17 00:30:00+00:00,BikePoints_684,"Neville Gill Close, Wandsworth",51.454752,-0.195197,30,1,29,32,0,2
2026-08-17 00:30:00+00:00,BikePoints_685,"Osiers Road, Wandsworth",51.46067,-0.198735,14,3,11,30,13,3
2026-08-17 00:30:00+00:00,BikePoints_686,"Beryl Road, Hammersmith",51.488144,-0.222456,8,0,8,26,18,0
2026-08-17 00:30:00+00:00,BikePoints_687,"Clements Road, Bermondsey",51.4954,-0.061698,10,1,9,23,10,3
2026-08-17 00:30:00+00:00,BikePoints_688,"Northfields, Wandsworth",51.460951,-0.200667,22,1,21,28,6,0
2026-08-17 00:30:00+00:00,BikePoints_689,"Spanish Road, Clapham Junction",51.459225,-0.180884,18,4,14,30,12,0
2026-08-17 00:30:00+00:00,BikePoints_690,"Stanley Grove, Battersea",51.470475,-0.15213,21,2,19,24,2,1
2026-08-17 00:30:00+00:00,BikePoints_691,"Erin Close, Walham Green",51.479463,-0.195777,16,1,15,24,8,0
2026-08-17 00:30:00+00:00,BikePoints_692,"Cadogan Close, Victoria Park",51.542118,-0.028941,13,3,10,22,6,3
2026-08-17 00:30:00+00:00,BikePoints_693,"Felsham Road, Putney",51.464786,-0.215618,16,1,15,18,1,1
2026-08-17 00:30:00+00:00,BikePoints_694,"Putney Rail Station, Putney",51.460717,-0.216526,17,6,11,20,2,1
2026-08-17 00:30:00+00:00,BikePoints_695,"Islington Green, Angel",51.536384,-0.102757,10,2,8,21,8,3
2026-08-17 00:30:00+00:00,BikePoints_696,"Charing Cross Hospital, Hammersmith",51.487285,-0.217995,18,2,16,21,3,0
2026-08-17 00:30:00+00:00,BikePoints_697,"Charlotte Terrace, Angel",51.536392,-0.112721,15,7,8,25,8,2
2026-08-17 00:30:00+00:00,BikePoints_698,"Shoreditch Court, Haggerston",51.539083,-0.070329,21,8,13,35,13,1
2026-08-17 00:30:00+00:00,BikePoints_699,"Belford House, Haggerston",51.536654,-0.07023,15,2,13,39,24,0
2026-08-17 00:30:00+00:00,BikePoints_700,"Battersea Church Road, Battersea",51.476964,-0.174347,21,8,13,25,2,2
2026-08-17 00:30:00+00:00,BikePoints_701,"Vicarage Crescent, Battersea",51.472876,-0.176267,20,3,17,30,10,0
2026-08-17 00:30:00+00:00,BikePoints_702,"Durant Street, Bethnal Green",51.528681,-0.06555,15,3,12,24,9,0
2026-08-17 00:30:00+00:00,BikePoints_703,"St. Bride Street, Holborn",51.514665,-0.104583,2,1,1,24,19,3
2026-08-17 00:30:00+00:00,BikePoints_704,"Mexfield Road, East Putney",51.45682,-0.202802,4,4,0,18,11,3
2026-08-17 00:30:00+00:00,BikePoints_705,"Upper Richmond Road, Putney",51.459715,-0.212145,23,6,17,25,0,2
2026-08-17 00:30:00+00:00,BikePoints_706,"Snowsfields, London Bridge",51.502153,-0.083632,2,1,1,31,27,2
2026-08-17 00:30:00+00:00,BikePoints_707,"Barons Court Station, West Kensington",51.490217,-0.215087,26,0,26,32,5,1
2026-08-17 00:30:00+00:00,BikePoints_708,"Disraeli Road, Putney",51.46161,-0.216145,29,0,29,33,3,1
2026-08-17 00:30:00+00:00,BikePoints_709,"Montserrat Road , Putney",51.463211,-0.21555,23,0,23,23,0,0
2026-08-17 00:30:00+00:00,BikePoints_710,"Albert Bridge Road, Battersea Park",51.474392,-0.163347,18,1,17,20,0,2
2026-08-17 00:30:00+00:00,BikePoints_711,"Everington Street, Fulham",51.483356,-0.216305,9,4,5,31,21,1
2026-08-17 00:30:00+00:00,BikePoints_712,"Mile End Stadium, Mile End",51.518541,-0.034903,17,0,17,22,5,0
2026-08-17 00:30:00+00:00,BikePoints_713,"Hawley Crescent, Camden Town",51.541007,-0.14326,19,4,15,22,2,1
2026-08-17 00:30:00+00:00,BikePoints_714,"Stewart's Road, Wandsworth Road",51.473116,-0.137235,24,0,24,28,4,0
2026-08-17 00:30:00+00:00,BikePoints_715,"Aylward Street, Stepney",51.51563,-0.049067,12,2,10,22,9,1
2026-08-17 00:30:00+00:00,BikePoints_716,"Stainsby Road , Poplar",51.515427,-0.023565,12,2,10,24,11,1
2026-08-17 00:30:00+00:00,BikePoints_717,"Dunston Road , Haggerston",51.536585,-0.075885,34,8,26,43,9,0
2026-08-17 00:30:00+00:00,BikePoints_718,"Ada Street, Hackney Central",51.535716,-0.060291,31,5,26,45,14,0
2026-08-17 00:30:00+00:00,BikePoints_719,"Victoria Park Road, Hackney Central",51.536424,-0.054162,9,3,6,34,25,0
2026-08-17 00:30:00+00:00,BikePoints_720,"Star Road, West Kensington",51.487244,-0.205279,19,3,16,23,2,2
2026-08-17 00:30:00+00:00,BikePoints_721,"Wendon Street, Old Ford",51.536039,-0.026262,11,3,8,18,4,3
2026-08-17 00:30:00+00:00,BikePoints_722,"Finnis Street, Bethnal Green",51.524583,-0.058631,5,2,3,19,14,0
2026-08-17 00:30:00+00:00,BikePoints_723,"Stephendale Road, Sands End",51.46822,-0.190346,46,1,45,48,0,2
2026-08-17 00:30:00+00:00,BikePoints_724,"Alma Road, Wandsworth",51.457991,-0.184806,21,6,15,28,6,1
2026-08-17 00:30:00+00:00,BikePoints_725,"Walworth Square, Walworth",51.491327,-0.096518,23,2,21,24,0,1
2026-08-17 00:30:00+00:00,BikePoints_726,"Alfreda Street, Battersea Park",51.47505,-0.150908,19,2,17,22,2,1
2026-08-17 00:30:00+00:00,BikePoints_727,"Chesilton Road, Fulham",51.475698,-0.205876,14,4,10,23,7,2
2026-08-17 00:30:00+00:00,BikePoints_728,"Putney Bridge Road, East Putney",51.461999,-0.20624,28,6,22,29,0,1
2026-08-17 00:30:00+00:00,BikePoints_729,"St. Peter's Terrace, Fulham",51.478939,-0.208485,17,1,16,24,6,1
2026-08-17 00:30:00+00:00,BikePoints_730,"Bridge Avenue, Hammersmith",51.492084,-0.229116,12,1,11,18,6,0
2026-08-17 00:30:00+00:00,BikePoints_731,"Michael Road, Walham Green",51.477276,-0.18921,13,0,13,37,22,2
2026-08-17 00:30:00+00:00,BikePoints_732,"Duke Street Hill, London Bridge",51.506304,-0.087262,0,0,0,21,15,6
2026-08-17 00:30:00+00:00,BikePoints_733,"Park Lane, Mayfair",51.505426,-0.150817,0,0,0,18,17,1
2026-08-17 00:30:00+00:00,BikePoints_734,"Plough Terrace, Clapham Junction",51.462305,-0.175407,26,1,25,31,4,1
2026-08-17 00:30:00+00:00,BikePoints_735,"Grant Road East, Clapham Junction",51.464894,-0.173029,15,0,15,28,10,3
2026-08-17 00:30:00+00:00,BikePoints_736,"Queensdale Road, Shepherd's Bush",51.50659,-0.216104,7,1,6,28,21,0
2026-08-17 00:30:00+00:00,BikePoints_737,"Fulham Broadway, Walham Green",51.479932,-0.194116,11,3,8,26,14,1
2026-08-17 00:30:00+00:00,BikePoints_738,"Imperial Road, Sands End",51.475142,-0.187278,18,2,16,37,19,0
2026-08-17 00:30:00+00:00,BikePoints_739,"Hortensia Road, West Brompton",51.481765,-0.185273,13,2,11,28,15,0
2026-08-17 00:30:00+00:00,BikePoints_740,"Sirdar Road, Avondale",51.510928,-0.214594,8,1,7,20,12,0
2026-08-17 00:30:00+00:00,BikePoints_741,"Freston Road, Avondale",51.512981,-0.219486,15,0,15,23,5,3
2026-08-17 00:30:00+00:00,BikePoints_742,"Blenheim Crescent, Ladbroke Grove",51.515108,-0.208565,5,2,3,22,16,1
2026-08-17 00:30:00+00:00,BikePoints_743,"Oxford Road, Putney",51.460792,-0.212607,18,6,12,20,0,2
2026-08-17 00:30:00+00:00,BikePoints_744,"Ingrave Street, Clapham Junction",51.467454,-0.172293,29,2,27,30,1,0
2026-08-17 00:30:00+00:00,BikePoints_745,"Upcerne Road, West Chelsea",51.478169,-0.182435,7,3,4,29,20,2
2026-08-17 00:30:00+00:00,BikePoints_746,"Lots Road, West Chelsea",51.479573,-0.179038,11,1,10,24,13,0
2026-08-17 00:30:00+00:00,BikePoints_747,"Ormonde Gate, Chelsea",51.487964,-0.161765,18,4,14,24,5,1
2026-08-17 00:30:00+00:00,BikePoints_748,"Hertford Road, De Beauvoir Town",51.537277,-0.079201,23,0,23,25,0,2
2026-08-17 00:30:00+00:00,BikePoints_749,"Haggerston Road, Haggerston",51.539328,-0.074284,23,3,20,37,12,2
2026-08-17 00:30:00+00:00,BikePoints_750,"Culvert Road, Battersea",51.471095,-0.15785,18,2,16,27,9,0
2026-08-17 00:30:00+00:00,BikePoints_751,"Newton Street, Covent Garden",51.516128,-0.120909,0,0,0,24,24,0
2026-08-17 00:30:00+00:00,BikePoints_752,"London Street, Paddington",51.515117,-0.173712,3,0,3,19,16,0
2026-08-17 00:30:00+00:00,BikePoints_753,"Clapham South, Clapham South",51.452997,-0.148651,19,4,15,28,9,0
2026-08-17 00:30:00+00:00,BikePoints_754,"Grenfell Road, Avondale",51.5129,-0.214762,7,2,5,24,16,1
2026-08-17 00:30:00+00:00,BikePoints_755,"The Vale, Chelsea",51.485121,-0.174971,3,2,1,24,21,0
2026-08-17 00:30:00+00:00,BikePoints_756,"Prince of Wales Drive, Battersea Park",51.475153,-0.159169,19,3,16,21,0,2
2026-08-17 00:30:00+00:00,BikePoints_757,"Harcourt Terrace, West Brompton",51.487958,-0.187404,22,3,19,24,0,2
2026-08-17 00:30:00+00:00,BikePoints_758,"Westbourne Park Road, Portobello",51.51787,-0.201005,12,2,10,23,11,0
2026-08-17 00:30:00+00:00,BikePoints_759,"Broadley Terrace, Marylebone",51.524561,-0.165668,3,2,1,18,15,0
2026-08-17 00:30:00+00:00,BikePoints_760,"Elgin Avenue, Maida Hill",51.524309,-0.201234,14,6,8,18,3,1
2026-08-17 00:30:00+00:00,BikePoints_761,"Humbolt Road, Fulham",51.483217,-0.21186,26,1,25,26,0,0
2026-08-17 00:30:00+00:00,BikePoints_762,"Storey's Gate, Westminster",51.500703,-0.129698,1,1,0,21,18,2
2026-08-17 00:30:00+00:00,BikePoints_763,"Mile End Park Leisure Centre, Mile End",51.520597,-0.032566,29,7,22,47,15,3
2026-08-17 00:30:00+00:00,BikePoints_764,"St. John's Road, Clapham Junction",51.462392,-0.168292,29,1,28,33,4,0
2026-08-17 00:30:00+00:00,BikePoints_765,"Ranelagh Gardens, Fulham",51.467601,-0.206827,24,4,20,29,2,3
2026-08-17 00:30:00+00:00,BikePoints_766,"Ram Street, Wandsworth",51.457529,-0.192165,17,1,16,25,6,2
2026-08-17 00:30:00+00:00,BikePoints_767,"Santos Road, Wandsworth",51.457059,-0.200806,25,0,25,30,5,0
2026-08-17 00:30:00+00:00,BikePoints_768,"Clapham Common North Side, Clapham Common",51.461343,-0.159322,23,3,20,37,14,0
2026-08-17 00:30:00+00:00,BikePoints_769,"Sandilands Road, Walham Green",51.473611,-0.191803,12,1,11,21,9,0
2026-08-17 00:30:00+00:00,BikePoints_770,"Gwendwr Road, West Kensington",51.491026,-0.209121,28,1,27,30,2,0
2026-08-17 00:30:00+00:00,BikePoints_771,"Rifle Place, Avondale",51.509224,-0.216016,15,1,14,21,6,0
2026-08-17 00:30:00+00:00,BikePoints_772,"Binfield Road, Stockwell",51.472509,-0.122831,34,4,30,35,0,1
2026-08-17 00:30:00+00:00,BikePoints_773,"Tallis Street, Temple",51.511891,-0.107349,0,0,0,24,22,2
2026-08-17 00:30:00+00:00,BikePoints_774,"Hurlingham Park, Parsons Green",51.470131,-0.20464,15,0,15,20,5,0
2026-08-17 00:30:00+00:00,BikePoints_775,"Little Brook Green, Brook Green",51.496664,-0.223868,16,0,16,33,16,1
2026-08-17 00:30:00+00:00,BikePoints_776,"Adeline Place, Bloomsbury",51.517632,-0.129985,0,0,0,22,22,0
2026-08-17 00:30:00+00:00,BikePoints_779,"Houndsditch, Aldgate",51.514449,-0.077178,2,2,0,28,25,1
2026-08-17 00:30:00+00:00,BikePoints_780,"Imperial Wharf Station, Sands End",51.474665,-0.183165,23,1,22,25,0,2
2026-08-17 00:30:00+00:00,BikePoints_782,"Halford Road, West Kensington",51.483911,-0.197609,20,1,19,24,4,0
2026-08-17 00:30:00+00:00,BikePoints_783,"Monier Road, Hackney Wick",51.540311,-0.02163,25,7,18,27,0,2
2026-08-17 00:30:00+00:00,BikePoints_784,"East Village, Queen Elizabeth Olympic Park",51.546326,-0.009935,11,4,7,34,23,0
2026-08-17 00:30:00+00:00,BikePoints_785,"Aquatic Centre, Queen Elizabeth Olympic Park",51.541482,-0.010437,8,0,8,30,16,6
2026-08-17 00:30:00+00:00,BikePoints_786,"Lee Valley VeloPark, Queen Elizabeth Olympic Park",51.549369,-0.015717,30,8,22,44,12,2
2026-08-17 00:30:00+00:00,BikePoints_787,"Timber Lodge, Queen Elizabeth Olympic Park",51.546805,-0.014691,16,1,15,35,15,4
2026-08-17 00:30:00+00:00,BikePoints_788,"Copper Box Arena, Queen Elizabeth Olympic Park",51.544909,-0.020542,11,2,9,31,15,5
2026-08-17 00:30:00+00:00,BikePoints_789,"Podium, Queen Elizabeth Olympic Park",51.538718,-0.011889,22,10,12,40,8,10
2026-08-17 00:30:00+00:00,BikePoints_790,"Stratford Station, Stratford",51.541793,-0.00481,17,0,17,28,6,5
2026-08-17 00:30:00+00:00,BikePoints_792,"Blackfriars Road, Southwark",51.505461,-0.10454,2,0,2,42,39,1
2026-08-17 00:30:00+00:00,BikePoints_793,"Cromer Street, Bloomsbury",51.528279,-0.119558,20,1,19,28,7,1
2026-08-17 00:30:00+00:00,BikePoints_795,"Euston Square Gardens, Euston",51.527068,-0.131861,0,0,0,30,29,1
2026-08-17 00:30:00+00:00,BikePoints_796,"Coram Street, Bloomsbury",51.524,-0.126409,10,1,9,29,18,1
2026-08-17 00:30:00+00:00,BikePoints_797,"Ossulston Street, Somers Town",51.5293,-0.128279,14,0,14,30,12,4
2026-08-17 00:30:00+00:00,BikePoints_798,"Birkenhead Street, King's Cross",51.530199,-0.122299,14,5,9,27,9,4
2026-08-17 00:30:00+00:00,BikePoints_799,"Kings Gate House, Westminster",51.497698,-0.137598,0,0,0,24,23,1
2026-08-17 00:30:00+00:00,BikePoints_800,"Sopwith Way, Battersea Park",51.481121,-0.149035,18,2,16,30,10,2
2026-08-17 00:30:00+00:00,BikePoints_801,"Lavington Street, Bankside",51.505224,-0.098031,4,0,4,29,22,3
2026-08-17 00:30:00+00:00,BikePoints_802,"Albert Square, Stockwell",51.47659,-0.118256,30,5,25,32,2,0
2026-08-17 00:30:00+00:00,BikePoints_803,"Southwark Street, Bankside",51.505409,-0.098341,5,0,5,23,18,0
2026-08-17 00:30:00+00:00,BikePoints_804,"Good's Way, King's Cross",51.534667,-0.125078,1,1,0,27,23,3
2026-08-17 00:30:00+00:00,BikePoints_805,"The Metropolitan, Portobello",51.520509,-0.200804,2,0,2,18,15,1
2026-08-17 00:30:00+00:00,BikePoints_807,"Bevington Road West, North Kensington",51.5212,-0.208888,10,2,8,24,11,3
2026-08-17 00:30:00+00:00,BikePoints_808,"Gauden Road, Clapham",51.464995,-0.130908,25,0,25,28,1,2
2026-08-17 00:30:00+00:00,BikePoints_809,"Lincoln's Inn Fields, Holborn",51.516277,-0.118272,0,0,0,28,28,0
2026-08-17 00:30:00+00:00,BikePoints_810,"Tate Modern, Bankside",51.506725,-0.098807,12,0,12,30,15,3
2026-08-17 00:30:00+00:00,BikePoints_811,"Westferry Circus, Canary Wharf",51.505703,-0.027772,16,5,11,36,14,6
2026-08-17 00:30:00+00:00,BikePoints_812,"Here East North, Queen Elizabeth Olympic Park",51.548731,-0.022606,15,0,15,28,12,1
2026-08-17 00:30:00+00:00,BikePoints_813,"New Spring Gardens Walk, Vauxhall",51.487807,-0.122759,6,0,6,33,26,1
2026-08-17 00:30:00+00:00,BikePoints_814,"Clapham Road, Lingham Street, Stockwell",51.471433,-0.12367,29,2,27,30,0,1
2026-08-17 00:30:00+00:00,BikePoints_815,"Lambeth Palace Road, Waterloo",51.500089,-0.116628,15,4,11,35,18,2
2026-08-17 00:30:00+00:00,BikePoints_816,"Here East South, Queen Elizabeth Olympic Park",51.546532,-0.020597,9,1,8,20,11,0
2026-08-17 00:30:00+00:00,BikePoints_818,"Westminster Pier, Westminster",51.501513,-0.123823,17,0,17,27,10,0
2026-08-17 00:30:00+00:00,BikePoints_819,"Belvedere Road 2, South Bank",51.50621,-0.114842,6,1,5,38,31,1
2026-08-17 00:30:00+00:00,BikePoints_820,"Victory Place, Walworth",51.492807,-0.091938,16,3,13,24,8,0
2026-08-17 00:30:00+00:00,BikePoints_821,"Battersea Power Station, Battersea Park",51.483507,-0.147714,6,0,6,27,15,6
2026-08-17 00:30:00+00:00,BikePoints_826,"Allington Street, Victoria",51.496863,-0.142943,0,0,0,28,26,2
2026-08-17 00:30:00+00:00,BikePoints_827,"Cranmer Road, Stockwell",51.479601,-0.111471,22,4,18,24,2,0
2026-08-17 00:30:00+00:00,BikePoints_828,"Normandy Road, Stockwell",51.473874,-0.11258,18,1,17,32,13,1
2026-08-17 00:30:00+00:00,BikePoints_829,"Wynne Road, Stockwell",51.469217,-0.112686,17,1,16,25,7,1
2026-08-17 00:30:00+00:00,BikePoints_830,"Sidney Road, Stockwell",51.469202,-0.119022,16,3,13,27,10,1
2026-08-17 00:30:00+00:00,BikePoints_831,"St John's Crescent, Brixton",51.466232,-0.113179,18,3,15,25,7,0
2026-08-17 00:30:00+00:00,BikePoints_832,"Ferndale Road, Brixton",51.464019,-0.115781,21,3,18,30,7,2
2026-08-17 00:30:00+00:00,BikePoints_833,"Saltoun Road, Brixton",51.460232,-0.115375,32,2,30,42,8,2
2026-08-17 00:30:00+00:00,BikePoints_834,"Gas Holders, Battersea Park",51.477966,-0.147857,16,4,12,26,7,3
2026-08-17 00:30:00+00:00,BikePoints_835,"Farringdon Street, Holborn",51.516785,-0.104947,0,0,0,25,25,0
2026-08-17 00:30:00+00:00,BikePoints_836,"York Way, Kings Cross",51.541596,-0.125441,10,3,7,24,12,2
2026-08-17 00:30:00+00:00,BikePoints_838,"Fore Street, Guildhall",51.518093,-0.091401,1,0,1,25,23,1
2026-08-17 00:30:00+00:00,BikePoints_839,"Sea Containers, South Bank",51.508033,-0.106823,1,0,1,30,28,1
2026-08-17 00:30:00+00:00,BikePoints_840,"George Row, Bermondsey",51.498585,-0.068981,15,1,14,22,4,3
2026-08-17 00:30:00+00:00,BikePoints_841,"Tower Wharf, Bermondsey",51.500845,-0.074704,11,0,11,20,6,3
2026-08-17 00:30:00+00:00,BikePoints_842,"Temple Gardens, Temple",51.510981,-0.108322,0,0,0,24,23,1
2026-08-17 00:30:00+00:00,BikePoints_844,"Canada Water Station, Rotherhithe",51.498439,-0.04915,30,4,26,35,1,4
2026-08-17 00:30:00+00:00,BikePoints_845,"Bermondsey Station, Bermondsey",51.497995,-0.063471,25,6,19,30,0,5
2026-08-17 00:30:00+00:00,BikePoints_846,"Burgess Park Albany Road, Walworth",51.48224,-0.094284,26,4,22,30,0,4
2026-08-17 00:30:00+00:00,BikePoints_847,"South Bermondsey Station, Bermondsey",51.488067,-0.057774,23,5,18,24,1,0
2026-08-17 00:30:00+00:00,BikePoints_849,"Crimscott Street, Bermondsey",51.495598,-0.078893,15,3,12,19,3,1
2026-08-17 00:30:00+00:00,BikePoints_850,"Brandon Street, Walworth",51.489102,-0.091548,22,0,22,22,0,0
2026-08-17 00:30:00+00:00,BikePoints_851,"The Blue, Bermondsey",51.492221,-0.062513,21,4,17,22,0,1
2026-08-17 00:30:00+00:00,BikePoints_852,"Coomer Place, West Kensington",51.48357,-0.202038,23,1,22,27,3,1
2026-08-17 00:30:00+00:00,BikePoints_857,"Strand, Strand",51.512582,-0.115057,0,0,0,35,35,0
2026-08-17 00:30:00+00:00,BikePoints_864,"Abbey Orchard Street, Westminster",51.498125,-0.132102,3,1,2,29,25,1
2026-08-17 00:30:00+00:00,BikePoints_865,"Leonard Circus , Shoreditch",51.524696,-0.084439,3,2,1,43,38,2
2026-08-17 00:30:00+00:00,BikePoints_866,"Limburg Road, Clapham Junction",51.461923,-0.165297,19,3,16,21,1,1
2026-08-17 00:30:00+00:00,BikePoints_867,"Pritchard's Road, Bethnal Green",51.532091,-0.061419,16,5,11,30,11,3
2026-08-17 00:30:00+00:00,BikePoints_868,"Kennington Lane Rail Bridge, Vauxhall",51.486343,-0.122492,14,3,11,31,16,1
2026-08-17 00:30:00+00:00,BikePoints_869,"Albert Embankment, Vauxhall",51.490435,-0.122806,6,0,6,24,18,0
2026-08-17 00:30:00+00:00,BikePoints_870,"Lower Marsh, Waterloo",51.500139,-0.113935,0,0,0,17,17,0
2026-08-17 00:30:00+00:00,BikePoints_872,"Risinghill Street, Angel",51.533319,-0.111781,4,4,0,25,17,4
2026-08-17 00:30:00+00:00,BikePoints_873,"St. Pancras Way, Camden Town",51.537071,-0.13285,6,2,4,20,12,2
2026-08-17 00:30:00+00:00,BikePoints_874,"Handyside Street, King's Cross",51.53724,-0.124807,15,4,11,27,9,3
2026-08-17 00:30:00+00:00,BikePoints_875,"Victoria Rise, Clapham Common",51.461376,-0.147804,19,2,17,23,0,4
2026-08-17 00:30:00+00:00,BikePoints_876,"Old Quebec Street, Marylebone",51.514577,-0.158264,4,2,2,16,11,1
2026-08-17 00:30:00+00:00,BikePoints_877,"Spencer Park, Wandsworth Common",51.45787,-0.174691,15,1,14,25,10,0
2026-08-17 00:30:00+00:00,BikePoints_878,"Victoria & Albert Museum, South Kensington",51.495898,-0.173009,2,0,2,30,28,0
2026-08-17 00:30:00+00:00,BikePoints_879,"BBC White City, White City",51.514767,-0.225786,10,2,8,36,25,1
2026-08-17 00:30:00+00:00,BikePoints_881,"Albany Street, The Regent's Park",51.528302,-0.144465,6,0,6,27,19,2
2026-08-17 00:30:00+00:00,BikePoints_882,"Maplin Street, Mile End",51.525501,-0.032267,20,0,20,39,17,2
2026-08-17 00:30:00+00:00,BikePoints_883,"London Fields, Hackney Central",51.54119,-0.058826,10,1,9,21,4,7
2026-08-17 00:30:00+00:00,BikePoints_884,"Westfield Ariel Way, White City",51.509158,-0.224103,31,0,31,42,6,5
2026-08-17 00:30:00+00:00,BikePoints_885,"Gloucester Avenue, Camden Town",51.537349,-0.147154,9,5,4,24,13,2
2026-08-17 00:30:00+00:00,BikePoints_887,"London Zoo Car Park, The Regent's Park",51.536922,-0.150181,6,1,5,36,30,0
2026-08-17 00:30:00+00:00,BikePoints_888,"Norton Folgate, Liverpool Street",51.521113,-0.078869,1,0,1,23,19,3
2026-08-17 00:30:00+00:00,BikePoints_889,"Horse Guards Avenue, Westminster",51.505031,-0.123,5,0,5,29,22,2
2026-08-17 00:30:00+00:00,BikePoints_890,"Burdett Road, Mile End",51.516196,-0.029137,21,3,18,33,5,7
2026-08-17 02:00:00+00:00,BikePoints_1,"River Street , Clerkenwell",51.529163,-0.10997,3,3,0,19,14,2
2026-08-17 02:00:00+00:00,BikePoints_2,"Phillimore Gardens, Kensington",51.499606,-0.197574,10,0,10,37,26,1
2026-08-17 02:00:00+00:00,BikePoints_3,"Christopher Street, Liverpool Street",51.521283,-0.084605,0,0,0,32,32,0
2026-08-17 02:00:00+00:00,BikePoints_4,"St. Chad's Street, King's Cross",51.530059,-0.120973,22,1,21,23,0,1
2026-08-17 02:00:00+00:00,BikePoints_5,"Sedding Street, Sloane Square",51.49313,-0.156876,0,0,0,27,25,2
2026-08-17 02:00:00+00:00,BikePoints_6,"Broadcasting House, Marylebone",51.518117,-0.144228,1,1,0,18,11,6
2026-08-17 02:00:00+00:00,BikePoints_7,"Charlbert Street, St. John's Wood",51.5343,-0.168074,5,0,5,16,5,6
2026-08-17 02:00:00+00:00,BikePoints_8,"Maida Vale, Maida Vale",51.529857,-0.183486,33,8,25,39,0,6
2026-08-17 02:00:00+00:00,BikePoints_9,"New Globe Walk, Bankside",51.507385,-0.09644,8,0,8,19,11,0
2026-08-17 02:00:00+00:00,BikePoints_10,"Park Street, Bankside",51.505974,-0.092754,6,1,5,18,12,0
2026-08-17 02:00:00+00:00,BikePoints_11,"Brunswick Square, Bloomsbury",51.523951,-0.122502,6,4,2,24,17,1
2026-08-17 02:00:00+00:00,BikePoints_12,"Malet Street, Bloomsbury",51.52168,-0.130431,14,3,11,49,35,0
2026-08-17 02:00:00+00:00,BikePoints_13,"Scala Street, Fitzrovia",51.519914,-0.136039,1,0,1,21,20,0
2026-08-17 02:00:00+00:00,BikePoints_14,"Argyle Street, Kings Cross",51.529416,-0.123944,17,0,17,45,25,3
2026-08-17 02:00:00+00:00,BikePoints_15,"Great Russell Street, Bloomsbury",51.517727,-0.127854,1,1,0,26,25,0
2026-08-17 02:00:00+00:00,BikePoints_16,"Cartwright Gardens , Bloomsbury",51.526357,-0.125979,2,1,1,21,19,0
2026-08-17 02:00:00+00:00,BikePoints_17,"Hatton Wall, Holborn",51.521661,-0.109006,4,2,2,26,20,2
2026-08-17 02:00:00+00:00,BikePoints_18,"Drury Lane, Covent Garden",51.51477,-0.122219,0,0,0,27,24,3
2026-08-17 02:00:00+00:00,BikePoints_19,"Taviton Street, Bloomsbury",51.52505,-0.131161,7,0,7,30,23,0
2026-08-17 02:00:00+00:00,BikePoints_20,"Drummond Street , Euston",51.527326,-0.136052,25,0,25,28,1,2
2026-08-17 02:00:00+00:00,BikePoints_21,"Lansdowne Drive, Hackney Central",51.539834,-0.062806,14,7,7,26,11,1
2026-08-17 02:00:00+00:00,BikePoints_22,"Northington Street , Holborn",51.522264,-0.114079,7,1,6,19,12,0
2026-08-17 02:00:00+00:00,BikePoints_23,"Red Lion Square, Holborn",51.519435,-0.119123,2,1,1,16,13,1
2026-08-17 02:00:00+00:00,BikePoints_24,"British Museum, Bloomsbury",51.51908,-0.124678,0,0,0,35,35,0
2026-08-17 02:00:00+00:00,BikePoints_25,"Doric Way , Somers Town",51.528833,-0.13225,23,0,23,50,25,2
2026-08-17 02:00:00+00:00,BikePoints_26,"Ampton Street , Clerkenwell",51.52728,-0.118295,11,2,9,21,9,1
2026-08-17 02:00:00+00:00,BikePoints_28,"Bolsover Street, Fitzrovia",51.523518,-0.143613,9,3,6,19,10,0
2026-08-17 02:00:00+00:00,BikePoints_29,"Hereford Road, Bayswater",51.513735,-0.193487,16,3,13,22,5,1
2026-08-17 02:00:00+00:00,BikePoints_30,"Windsor Terrace, Hoxton",51.529154,-0.093421,17,0,17,24,5,2
2026-08-17 02:00:00+00:00,BikePoints_31,"Fanshaw Street, Hoxton",51.529537,-0.083353,29,1,28,36,6,1
2026-08-17 02:00:00+00:00,BikePoints_33,"Central House, Aldgate",51.515231,-0.07015,0,0,0,24,23,1
2026-08-17 02:00:00+00:00,BikePoints_34,"Pancras Road, King's Cross",51.534123,-0.129386,2,0,2,16,12,2
2026-08-17 02:00:00+00:00,BikePoints_36,"De Vere Gardens, Kensington",51.501737,-0.18498,2,0,2,28,25,1
2026-08-17 02:00:00+00:00,BikePoints_37,"Penywern Road, Earl's Court",51.491593,-0.192369,0,0,0,17,15,2
2026-08-17 02:00:00+00:00,BikePoints_38,"Abingdon Villas, Kensington",51.497387,-0.197245,8,1,7,17,8,1
2026-08-17 02:00:00+00:00,BikePoints_39,"Shoreditch High Street, Shoreditch",51.526377,-0.07813,23,7,16,41,17,1
2026-08-17 02:00:00+00:00,BikePoints_40,"Commercial Street, Shoreditch",51.52127,-0.075578,2,2,0,16,13,1
2026-08-17 02:00:00+00:00,BikePoints_41,"Pindar Street, Liverpool Street",51.520955,-0.083493,0,0,0,24,23,1
2026-08-17 02:00:00+00:00,BikePoints_42,"Wenlock Road , Hoxton",51.530991,-0.093903,11,1,10,28,17,0
2026-08-17 02:00:00+00:00,BikePoints_43,"Crawford Street, Marylebone",51.52026,-0.157183,1,0,1,18,17,0
2026-08-17 02:00:00+00:00,BikePoints_44,"Bruton Street, Mayfair",51.510736,-0.144165,2,0,2,21,18,1
2026-08-17 02:00:00+00:00,BikePoints_45,"Boston Place, Marylebone",51.522511,-0.162298,1,1,0,26,24,1
2026-08-17 02:00:00+00:00,BikePoints_46,"Nesham Street, Wapping",51.507131,-0.06691,9,1,8,16,6,1
2026-08-17 02:00:00+00:00,BikePoints_47,"Warwick Avenue Station, Maida Vale",51.523344,-0.183846,14,2,12,19,1,4
2026-08-17 02:00:00+00:00,BikePoints_48,"Godliman Street, St. Paul's",51.512484,-0.099141,8,1,7,25,16,1
2026-08-17 02:00:00+00:00,BikePoints_49,"Curzon Street, Mayfair",51.507069,-0.145904,0,0,0,16,16,0
2026-08-17 02:00:00+00:00,BikePoints_50,"East Road, Hoxton",51.528673,-0.087459,11,2,9,27,15,1
2026-08-17 02:00:00+00:00,BikePoints_51,"Finsbury Library , Finsbury",51.526717,-0.104298,6,2,4,29,23,0
2026-08-17 02:00:00+00:00,BikePoints_52,"Roscoe Street, St. Luke's",51.522954,-0.094934,4,2,2,18,14,0
2026-08-17 02:00:00+00:00,BikePoints_53,"Grafton Street, Mayfair",51.509992,-0.143495,0,0,0,18,18,0
2026-08-17 02:00:00+00:00,BikePoints_54,"Golden Lane, Barbican",51.521747,-0.094475,1,0,1,27,22,4
2026-08-17 02:00:00+00:00,BikePoints_55,"Finsbury Circus, Liverpool Street",51.517075,-0.086685,0,0,0,33,32,1
2026-08-17 02:00:00+00:00,BikePoints_56,"Paddington Street, Marylebone",51.520583,-0.154701,10,2,8,16,4,2
2026-08-17 02:00:00+00:00,BikePoints_57,"Guilford Street , Bloomsbury",51.523346,-0.120202,8,2,6,32,24,0
2026-08-17 02:00:00+00:00,BikePoints_58,"New Inn Yard, Shoreditch",51.524526,-0.079248,3,1,2,20,13,4
2026-08-17 02:00:00+00:00,BikePoints_60,"Lisson Grove, St. John's Wood",51.526448,-0.17219,10,0,10,18,6,2
2026-08-17 02:00:00+00:00,BikePoints_61,"Great Dover Street, The Borough",51.497382,-0.089446,23,2,21,33,9,1
2026-08-17 02:00:00+00:00,BikePoints_62,"Cotton Garden Estate, Kennington",51.490757,-0.106323,18,4,14,24,6,0
2026-08-17 02:00:00+00:00,BikePoints_63,"Murray Grove , Hoxton",51.53089,-0.089782,18,2,16,27,7,2
2026-08-17 02:00:00+00:00,BikePoints_64,"William IV Street, Strand",51.509462,-0.124749,7,0,7,26,18,1
2026-08-17 02:00:00+00:00,BikePoints_65,"Gower Place , Euston",51.525227,-0.135188,1,0,1,17,16,0
2026-08-17 02:00:00+00:00,BikePoints_66,"Holborn Circus, Holborn",51.51795,-0.108657,0,0,0,40,38,2
2026-08-17 02:00:00+00:00,BikePoints_67,"Hatton Garden, Holborn",51.518825,-0.108028,0,0,0,28,27,1
2026-08-17 02:00:00+00:00,BikePoints_68,"Theobald's Road , Holborn",51.520596,-0.116688,2,0,2,26,23,1
2026-08-17 02:00:00+00:00,BikePoints_69,"Euston Road, Euston",51.526236,-0.134407,0,0,0,24,22,2
2026-08-17 02:00:00+00:00,BikePoints_70,"Calshot Street , King's Cross",51.53136,-0.117069,15,4,11,24,6,3
2026-08-17 02:00:00+00:00,BikePoints_71,"Newgate Street , St. Paul's",51.515768,-0.099894,0,0,0,35,32,3
2026-08-17 02:00:00+00:00,BikePoints_72,"Farringdon Lane, Clerkenwell",51.52352,-0.10834,3,0,3,16,12,1
2026-08-17 02:00:00+00:00,BikePoints_73,"Old Street Station, St. Luke's",51.525615,-0.088532,4,1,3,34,25,5
2026-08-17 02:00:00+00:00,BikePoints_74,"Vauxhall Cross, Vauxhall",51.485917,-0.124469,13,1,12,17,2,2
2026-08-17 02:00:00+00:00,BikePoints_75,"Torrens Street, Angel",51.532199,-0.10548,0,0,0,19,15,4
2026-08-17 02:00:00+00:00,BikePoints_76,"Longford Street, The Regent's Park",51.525595,-0.144083,1,0,1,21,18,2
2026-08-17 02:00:00+00:00,BikePoints_77,"Russell Square Station, Bloomsbury",51.523418,-0.124121,8,0,8,26,16,2
2026-08-17 02:00:00+00:00,BikePoints_78,"Sadlers Sports Centre, Finsbury",51.524868,-0.099489,4,1,3,17,11,2
2026-08-17 02:00:00+00:00,BikePoints_79,"Arundel Street, Temple",51.511726,-0.113855,0,0,0,18,18,0
2026-08-17 02:00:00+00:00,BikePoints_80,"Webber Street , Southwark",51.500693,-0.102091,5,0,5,45,35,5
2026-08-17 02:00:00+00:00,BikePoints_81,"Great Titchfield Street, Fitzrovia",51.520253,-0.141327,3,2,1,19,16,0
2026-08-17 02:00:00+00:00,BikePoints_83,"Panton Street, West End",51.509639,-0.13151,0,0,0,21,18,3
2026-08-17 02:00:00+00:00,BikePoints_84,"Breams Buildings, Holborn",51.515937,-0.111778,0,0,0,25,24,1
2026-08-17 02:00:00+00:00,BikePoints_85,"Tanner Street, Bermondsey",51.500647,-0.0786,33,1,32,41,6,2
2026-08-17 02:00:00+00:00,BikePoints_86,"Sancroft Street, Vauxhall",51.489479,-0.115156,22,1,21,24,1,1
2026-08-17 02:00:00+00:00,BikePoints_87,"Devonshire Square, Liverpool Street",51.516468,-0.079684,0,0,0,16,16,0
2026-08-17 02:00:00+00:00,BikePoints_88,"Percy Street, Bloomsbury",51.51863,-0.132676,1,0,1,29,28,0
2026-08-17 02:00:00+00:00,BikePoints_89,"Tavistock Place, Bloomsbury",51.52625,-0.123509,3,2,1,19,13,3
2026-08-17 02:00:00+00:00,BikePoints_90,"Harrington Square 1, Camden Town",51.533019,-0.139174,5,2,3,27,20,2
2026-08-17 02:00:00+00:00,BikePoints_91,"Walnut Tree Walk, Vauxhall",51.493686,-0.111014,13,3,10,20,6,1
2026-08-17 02:00:00+00:00,BikePoints_92,"Borough Road, Elephant & Castle",51.498898,-0.10044,21,0,21,41,18,2
2026-08-17 02:00:00+00:00,BikePoints_93,"Cloudesley Road, Angel",51.534408,-0.109025,10,5,5,37,25,2
2026-08-17 02:00:00+00:00,BikePoints_94,"Bricklayers Arms, Borough",51.495061,-0.085814,27,4,23,28,1,0
2026-08-17 02:00:00+00:00,BikePoints_95,"Aldersgate Street, Barbican",51.520841,-0.09734,2,2,0,15,12,1
2026-08-17 02:00:00+00:00,BikePoints_96,"Falkirk Street, Hoxton",51.53095,-0.078505,8,4,4,26,16,2
2026-08-17 02:00:00+00:00,BikePoints_97,"Gloucester Road (North), Kensington",51.497924,-0.183834,0,0,0,18,18,0
2026-08-17 02:00:00+00:00,BikePoints_98,"Hampstead Road, Euston",51.525542,-0.138231,8,0,8,54,44,2
2026-08-17 02:00:00+00:00,BikePoints_101,"Queen Street 1, Bank",51.511553,-0.09294,0,0,0,22,21,1
2026-08-17 02:00:00+00:00,BikePoints_102,"Jewry Street, Aldgate",51.513406,-0.076793,2,0,2,17,13,2
2026-08-17 02:00:00+00:00,BikePoints_103,"Vicarage Gate, Kensington",51.504723,-0.192538,2,1,1,18,16,0
2026-08-17 02:00:00+00:00,BikePoints_104,"Crosswall, Tower",51.511594,-0.077121,5,0,5,34,27,2
2026-08-17 02:00:00+00:00,BikePoints_105,"Westbourne Grove, Bayswater",51.515529,-0.19024,7,1,6,26,19,0
2026-08-17 02:00:00+00:00,BikePoints_106,"Woodstock Street, Mayfair",51.514105,-0.147301,2,2,0,21,18,1
2026-08-17 02:00:00+00:00,BikePoints_107,"Finsbury Leisure Centre, St. Luke's",51.526008,-0.096317,5,0,5,20,11,4
2026-08-17 02:00:00+00:00,BikePoints_109,"Soho Square , Soho",51.515631,-0.132328,0,0,0,57,56,1
2026-08-17 02:00:00+00:00,BikePoints_110,"Wellington Road, St. John's Wood",51.533043,-0.172528,8,2,6,17,8,1
2026-08-17 02:00:00+00:00,BikePoints_111,"Park Lane , Hyde Park",51.510017,-0.157275,6,2,4,28,18,4
2026-08-17 02:00:00+00:00,BikePoints_112,"Stonecutter Street, Holborn",51.515809,-0.10527,1,0,1,21,20,0
2026-08-17 02:00:00+00:00,BikePoints_113,"Gloucester Road (Central), South Kensington",51.496462,-0.183289,0,0,0,19,18,1
2026-08-17 02:00:00+00:00,BikePoints_114,"Park Road (Baker Street), The Regent's Park",51.524517,-0.158963,11,2,9,22,5,6
2026-08-17 02:00:00+00:00,BikePoints_115,"Braham Street, Aldgate",51.514233,-0.073537,11,4,7,34,23,0
2026-08-17 02:00:00+00:00,BikePoints_116,"Little Argyll Street, West End",51.514499,-0.141423,0,0,0,21,15,6
2026-08-17 02:00:00+00:00,BikePoints_117,"Lollard Street, Vauxhall",51.49288,-0.114934,24,1,23,25,0,1
2026-08-17 02:00:00+00:00,BikePoints_118,"Rochester Row, Westminster",51.495827,-0.135478,12,2,10,13,0,1
2026-08-17 02:00:00+00:00,BikePoints_119,"Bath Street, St. Luke's",51.525893,-0.090847,5,1,4,18,11,2
2026-08-17 02:00:00+00:00,BikePoints_120,"The Guildhall, Guildhall",51.515735,-0.09308,0,0,0,17,16,1
2026-08-17 02:00:00+00:00,BikePoints_121,"Baker Street, Marylebone",51.518913,-0.156166,7,3,4,22,15,0
2026-08-17 02:00:00+00:00,BikePoints_123,"St. John Street, Finsbury",51.52836,-0.104724,8,2,6,18,10,0
2026-08-17 02:00:00+00:00,BikePoints_124,"Eaton Square, Belgravia",51.496544,-0.150905,8,1,7,18,10,0
2026-08-17 02:00:00+00:00,BikePoints_125,"Borough High Street, The Borough",51.500694,-0.094524,2,0,2,21,18,1
2026-08-17 02:00:00+00:00,BikePoints_126,"Museum of London, Barbican",51.517821,-0.096496,1,0,1,52,50,1
2026-08-17 02:00:00+00:00,BikePoints_127,"Wood Street, Guildhall",51.517008,-0.093885,1,0,1,17,15,1
2026-08-17 02:00:00+00:00,BikePoints_128,"Emperor's Gate, South Kensington",51.495362,-0.185296,8,1,7,22,10,4
2026-08-17 02:00:00+00:00,BikePoints_129,"Golden Square, Soho",51.511897,-0.137043,2,1,1,18,15,1
2026-08-17 02:00:00+00:00,BikePoints_130,"Tower Gardens , Tower",51.509506,-0.075459,7,4,3,24,15,2
2026-08-17 02:00:00+00:00,BikePoints_131,"Eversholt Street , Camden Town",51.533005,-0.136792,0,0,0,16,15,1
2026-08-17 02:00:00+00:00,BikePoints_132,"Bethnal Green Road, Shoreditch",51.523648,-0.074754,12,1,11,38,26,0
2026-08-17 02:00:00+00:00,BikePoints_133,"Derry Street, Kensington",51.501364,-0.191462,6,1,5,18,9,3
2026-08-17 02:00:00+00:00,BikePoints_134,"Wapping High Street, Wapping",51.504904,-0.06797,7,3,4,20,11,2
2026-08-17 02:00:00+00:00,BikePoints_135,"Clerkenwell Green, Clerkenwell",51.52326,-0.104708,12,3,9,21,5,4
2026-08-17 02:00:00+00:00,BikePoints_136,"Queen Victoria Street, St. Paul's",51.511961,-0.097441,0,0,0,32,31,1
2026-08-17 02:00:00+00:00,BikePoints_138,"Green Street, Mayfair",51.512276,-0.157436,0,0,0,19,18,1
2026-08-17 02:00:00+00:00,BikePoints_139,"Lambeth Road, Vauxhall",51.494881,-0.117974,11,1,10,18,7,0
2026-08-17 02:00:00+00:00,BikePoints_140,"Finsbury Square , Moorgate",51.520962,-0.085634,6,1,5,33,27,0
2026-08-17 02:00:00+00:00,BikePoints_141,"Chapel Place, Marylebone",51.515308,-0.147203,0,0,0,29,29,0
2026-08-17 02:00:00+00:00,BikePoints_142,"West Cromwell Road, Earl's Court",51.493724,-0.198286,9,0,9,24,14,1
2026-08-17 02:00:00+00:00,BikePoints_143,"Pont Street, Knightsbridge",51.496886,-0.161203,13,0,13,24,9,2
2026-08-17 02:00:00+00:00,BikePoints_144,"Kennington Cross, Kennington",51.48894,-0.111435,41,5,36,47,1,5
2026-08-17 02:00:00+00:00,BikePoints_145,"Ilchester Place, Kensington",51.500743,-0.202759,0,0,0,24,24,0
2026-08-17 02:00:00+00:00,BikePoints_146,"Vauxhall Bridge , Pimlico",51.488365,-0.129361,2,0,2,35,32,1
2026-08-17 02:00:00+00:00,BikePoints_147,"Portugal Street, Holborn",51.514943,-0.116146,0,0,0,16,16,0
2026-08-17 02:00:00+00:00,BikePoints_148,"Tachbrook Street, Victoria",51.492111,-0.138364,12,3,9,16,1,3
2026-08-17 02:00:00+00:00,BikePoints_149,"Kennington Road Post Office, Oval",51.484788,-0.110683,11,0,11,18,6,1
2026-08-17 02:00:00+00:00,BikePoints_150,"Holy Trinity Brompton, Knightsbridge",51.497056,-0.168917,11,0,11,28,16,1
2026-08-17 02:00:00+00:00,BikePoints_151,"Chepstow Villas, Notting Hill",51.512136,-0.201554,21,0,21,26,5,0
2026-08-17 02:00:00+00:00,BikePoints_152,"Hampton Street, Walworth",51.49217,-0.101536,19,7,12,21,1,1
2026-08-17 02:00:00+00:00,BikePoints_153,"Bayswater Road, Hyde Park",51.511933,-0.174411,6,3,3,27,18,3
2026-08-17 02:00:00+00:00,BikePoints_154,"Waterloo Station 3, Waterloo",51.503791,-0.112824,6,0,6,35,27,2
2026-08-17 02:00:00+00:00,BikePoints_155,"Lexham Gardens, Kensington",51.495866,-0.191933,6,0,6,19,12,1
2026-08-17 02:00:00+00:00,BikePoints_156,"New Kent Road, The Borough",51.494436,-0.092921,26,0,26,33,5,2
2026-08-17 02:00:00+00:00,BikePoints_157,"Wright's Lane, Kensington",51.500397,-0.193068,9,1,8,37,24,4
2026-08-17 02:00:00+00:00,BikePoints_158,"Trebovir Road, Earl's Court",51.490853,-0.19617,6,0,6,18,10,2
2026-08-17 02:00:00+00:00,BikePoints_160,"Waterloo Place, St. James's",51.506633,-0.131773,1,1,0,20,18,1
2026-08-17 02:00:00+00:00,BikePoints_162,"Southampton Place, Holborn",51.517606,-0.121328,1,1,0,20,19,0
2026-08-17 02:00:00+00:00,BikePoints_163,"Sloane Avenue, Knightsbridge",51.493184,-0.167894,4,0,4,27,22,1
2026-08-17 02:00:00+00:00,BikePoints_164,"Cleveland Gardens, Bayswater",51.515607,-0.183118,15,1,14,16,0,1
2026-08-17 02:00:00+00:00,BikePoints_165,"Orsett Terrace, Bayswater",51.517932,-0.183716,6,0,6,15,8,1
2026-08-17 02:00:00+00:00,BikePoints_166,"Seville Street, Knightsbridge",51.501855,-0.159237,0,0,0,27,26,1
2026-08-17 02:00:00+00:00,BikePoints_167,"Eccleston Place, Victoria",51.49395,-0.147624,13,0,13,19,5,1
2026-08-17 02:00:00+00:00,BikePoints_168,"Argyll Road, Kensington",51.500401,-0.195455,17,0,17,19,2,0
2026-08-17 02:00:00+00:00,BikePoints_169,"Porchester Place, Paddington",51.514746,-0.165164,16,1,15,18,1,1
2026-08-17 02:00:00+00:00,BikePoints_170,"Hardwick Street, Clerkenwell",51.527842,-0.108068,3,2,1,30,25,2
2026-08-17 02:00:00+00:00,BikePoints_171,"Collingham Gardens, Earl's Court",51.491615,-0.186753,5,1,4,14,7,2
2026-08-17 02:00:00+00:00,BikePoints_172,"Sumner Place, South Kensington",51.491211,-0.173715,3,0,3,19,14,2
2026-08-17 02:00:00+00:00,BikePoints_173,"Waterloo Road, South Bank",51.50486,-0.113001,3,1,2,15,9,3
2026-08-17 02:00:00+00:00,BikePoints_175,"Worship Street, Shoreditch",51.521668,-0.079608,1,0,1,51,48,2
2026-08-17 02:00:00+00:00,BikePoints_176,"Gloucester Terrace, Bayswater",51.517919,-0.188098,5,0,5,23,17,1
2026-08-17 02:00:00+00:00,BikePoints_177,"Ashley Place, Victoria",51.49616,-0.140947,8,0,8,25,17,0
2026-08-17 02:00:00+00:00,BikePoints_178,"Warwick Square, Pimlico",51.489856,-0.141923,15,1,14,19,3,1
2026-08-17 02:00:00+00:00,BikePoints_180,"North Audley Street, Mayfair",51.512911,-0.153645,4,1,3,17,11,2
2026-08-17 02:00:00+00:00,BikePoints_181,"Belgrave Square, Belgravia",51.499412,-0.152317,2,0,2,21,18,1
2026-08-17 02:00:00+00:00,BikePoints_182,"Bell Street , Marylebone",51.522029,-0.165842,8,5,3,18,9,1
2026-08-17 02:00:00+00:00,BikePoints_183,"Riverlight North, Nine Elms",51.482362,-0.136123,17,1,16,24,4,3
2026-08-17 02:00:00+00:00,BikePoints_184,"Portland Place, Marylebone",51.520715,-0.145211,2,2,0,34,32,0
2026-08-17 02:00:00+00:00,BikePoints_185,"Alderney Street, Pimlico",51.488057,-0.140741,14,2,12,14,0,0
2026-08-17 02:00:00+00:00,BikePoints_186,"South Wharf Road, Paddington",51.517335,-0.17581,4,3,1,16,9,3
2026-08-17 02:00:00+00:00,BikePoints_187,"Queen's Gate (South), South Kensington",51.492479,-0.178433,15,0,15,25,9,1
2026-08-17 02:00:00+00:00,BikePoints_188,"Nutford Place, Marylebone",51.516517,-0.164393,6,2,4,18,11,1
2026-08-17 02:00:00+00:00,BikePoints_189,"Claremont Square, Angel",51.531666,-0.109914,4,2,2,18,11,3
2026-08-17 02:00:00+00:00,BikePoints_190,"Rampayne Street, Pimlico",51.489975,-0.132845,12,2,10,21,8,1
2026-08-17 02:00:00+00:00,BikePoints_191,"Hyde Park Corner, Hyde Park",51.503117,-0.15352,2,0,2,36,26,8
2026-08-17 02:00:00+00:00,BikePoints_192,"Wardour Street, Soho",51.512515,-0.133201,0,0,0,16,10,6
2026-08-17 02:00:00+00:00,BikePoints_193,"Bankside Mix, Bankside",51.505817,-0.100186,8,1,7,60,51,1
2026-08-17 02:00:00+00:00,BikePoints_194,"Hop Exchange, The Borough",51.504627,-0.091773,4,3,1,55,45,6
2026-08-17 02:00:00+00:00,BikePoints_195,"Milroy Walk, South Bank",51.507244,-0.106237,0,0,0,30,30,0
2026-08-17 02:00:00+00:00,BikePoints_196,"Union Street, The Borough",51.503688,-0.098497,3,0,3,17,12,2
2026-08-17 02:00:00+00:00,BikePoints_197,"Stamford Street, South Bank",51.505569,-0.111606,0,0,0,27,26,1
2026-08-17 02:00:00+00:00,BikePoints_199,"Great Tower Street, Monument",51.510484,-0.082989,3,0,3,24,18,3
2026-08-17 02:00:00+00:00,BikePoints_200,"LMU Commercial Road, Whitechapel",51.514924,-0.066078,7,3,4,14,7,0
2026-08-17 02:00:00+00:00,BikePoints_201,"Dorset Square, Marylebone",51.522596,-0.161113,3,1,2,16,12,1
2026-08-17 02:00:00+00:00,BikePoints_202,"Leman Street, Aldgate",51.512363,-0.069542,13,4,9,37,23,1
2026-08-17 02:00:00+00:00,BikePoints_203,"West Smithfield Rotunda, Farringdon",51.518218,-0.100791,1,1,0,15,12,2
2026-08-17 02:00:00+00:00,BikePoints_204,"Margery Street, Clerkenwell",51.526599,-0.112432,9,1,8,19,10,0
2026-08-17 02:00:00+00:00,BikePoints_206,"New Road 1 , Whitechapel",51.518154,-0.062697,16,1,15,36,16,4
2026-08-17 02:00:00+00:00,BikePoints_207,"Grosvenor Crescent, Belgravia",51.501352,-0.153194,0,0,0,18,18,0
2026-08-17 02:00:00+00:00,BikePoints_208,"Mallory Street, Marylebone",51.525051,-0.166304,4,0,4,20,15,1
2026-08-17 02:00:00+00:00,BikePoints_209,"Denyer Street, Knightsbridge",51.493583,-0.165101,3,0,3,30,26,1
2026-08-17 02:00:00+00:00,BikePoints_210,"Hinde Street, Marylebone",51.516814,-0.151926,3,1,2,21,17,1
2026-08-17 02:00:00+00:00,BikePoints_211,"Cadogan Place, Knightsbridge",51.494645,-0.158105,8,0,8,34,25,1
2026-08-17 02:00:00+00:00,BikePoints_212,"Campden Hill Road, Notting Hill",51.506584,-0.199004,11,3,8,17,6,0
2026-08-17 02:00:00+00:00,BikePoints_213,"Wellington Arch, Hyde Park",51.50274,-0.149569,4,0,4,36,29,3
2026-08-17 02:00:00+00:00,BikePoints_214,"Endsleigh Gardens, Euston",51.526838,-0.130504,18,0,18,32,11,3
2026-08-17 02:00:00+00:00,BikePoints_215,"Moorfields, Moorgate",51.519069,-0.088285,1,1,0,54,51,2
2026-08-17 02:00:00+00:00,BikePoints_216,"Old Brompton Road, South Kensington",51.490945,-0.18119,13,0,13,30,15,2
2026-08-17 02:00:00+00:00,BikePoints_217,"Wormwood Street, Liverpool Street",51.516154,-0.082422,0,0,0,16,16,0
2026-08-17 02:00:00+00:00,BikePoints_218,"St. Luke's Church, Chelsea",51.489716,-0.170194,2,0,2,20,18,0
2026-08-17 02:00:00+00:00,BikePoints_219,"Bramham Gardens, Earl's Court",51.490163,-0.190393,19,3,16,29,9,1
2026-08-17 02:00:00+00:00,BikePoints_220,"Chelsea Green, Chelsea",51.490664,-0.166485,3,2,1,15,12,0
2026-08-17 02:00:00+00:00,BikePoints_221,"Horseferry Road, Westminster",51.494816,-0.130458,3,1,2,16,13,0
2026-08-17 02:00:00+00:00,BikePoints_222,"Knightsbridge, Hyde Park",51.502757,-0.155349,24,0,24,43,17,2
2026-08-17 02:00:00+00:00,BikePoints_223,"Rodney Road , Walworth",51.491484,-0.09022,21,0,21,24,1,2
2026-08-17 02:00:00+00:00,BikePoints_224,"Queensway, Kensington Gardens",51.51031,-0.187402,16,2,14,17,0,1
2026-08-17 02:00:00+00:00,BikePoints_225,"Notting Hill Gate Station, Notting Hill",51.509353,-0.196422,10,1,9,30,16,4
2026-08-17 02:00:00+00:00,BikePoints_226,"Charles II Street, West End",51.508446,-0.131961,1,0,1,24,22,1
2026-08-17 02:00:00+00:00,BikePoints_227,"Great Percy Street, Clerkenwell",51.528915,-0.11548,13,2,11,23,10,0
2026-08-17 02:00:00+00:00,BikePoints_228,"St. James's Square, St. James's",51.507424,-0.134621,1,0,1,40,36,3
2026-08-17 02:00:00+00:00,BikePoints_229,"Whitehall Place, Strand",51.506543,-0.123179,1,0,1,46,45,0
2026-08-17 02:00:00+00:00,BikePoints_230,"Poured Lines, Bankside",51.506692,-0.103137,3,3,0,31,27,1
2026-08-17 02:00:00+00:00,BikePoints_231,"Queen's Gate (Central), South Kensington",51.493967,-0.178732,3,0,3,31,28,0
2026-08-17 02:00:00+00:00,BikePoints_232,"Carey Street, Holborn",51.51501,-0.112753,0,0,0,16,16,0
2026-08-17 02:00:00+00:00,BikePoints_233,"Pall Mall East, West End",51.50777,-0.130699,0,0,0,22,17,5
2026-08-17 02:00:00+00:00,BikePoints_234,"Liverpool Road (N1 Centre), Angel",51.534504,-0.106992,2,2,0,24,19,3
2026-08-17 02:00:00+00:00,BikePoints_235,"Kennington Road, Vauxhall",51.495718,-0.110889,7,1,6,36,29,0
2026-08-17 02:00:00+00:00,BikePoints_236,"Fashion Street, Whitechapel",51.51838,-0.073438,0,0,0,30,30,0
2026-08-17 02:00:00+00:00,BikePoints_237,"Dock Street, Wapping",51.509786,-0.068161,11,2,9,30,17,2
2026-08-17 02:00:00+00:00,BikePoints_238,"Frampton Street, Paddington",51.523353,-0.175116,20,1,19,32,12,0
2026-08-17 02:00:00+00:00,BikePoints_239,"Warren Street Station, Euston",51.524438,-0.138019,3,0,3,26,21,2
2026-08-17 02:00:00+00:00,BikePoints_240,"Colombo Street, Southwark",51.505459,-0.105692,0,0,0,14,12,2
2026-08-17 02:00:00+00:00,BikePoints_242,"Beaumont Street, Marylebone",51.522008,-0.151359,2,1,1,23,21,0
2026-08-17 02:00:00+00:00,BikePoints_243,"Gloucester Street, Pimlico",51.490962,-0.139625,24,2,22,25,0,1
2026-08-17 02:00:00+00:00,BikePoints_244,"Bucknall Street, Covent Garden",51.51615,-0.128417,5,4,1,18,8,5
2026-08-17 02:00:00+00:00,BikePoints_245,"Grosvenor Road, Pimlico",51.485357,-0.142207,20,3,17,29,8,1
2026-08-17 02:00:00+00:00,BikePoints_246,"Berry Street, Clerkenwell",51.522853,-0.099994,7,2,5,41,33,1
2026-08-17 02:00:00+00:00,BikePoints_247,"St. John's Wood Church, The Regent's Park",51.530529,-0.167515,20,0,20,50,27,3
2026-08-17 02:00:00+00:00,BikePoints_248,"Triangle Car Park, Hyde Park",51.506451,-0.170279,12,2,10,27,13,2
2026-08-17 02:00:00+00:00,BikePoints_249,"Harper Road, The Borough",51.498597,-0.096191,2,0,2,42,38,2
2026-08-17 02:00:00+00:00,BikePoints_250,"Royal Avenue 1, Chelsea",51.489932,-0.162727,2,0,2,10,6,2
2026-08-17 02:00:00+00:00,BikePoints_251,"Brushfield Street, Liverpool Street",51.518908,-0.079249,0,0,0,34,33,1
2026-08-17 02:00:00+00:00,BikePoints_253,"Shoreditch Park, Hoxton",51.534042,-0.086379,7,0,7,30,19,4
2026-08-17 02:00:00+00:00,BikePoints_254,"Chadwell Street, Angel",51.530515,-0.106408,3,1,2,18,14,1
2026-08-17 02:00:00+00:00,BikePoints_255,"Clifton Road, Maida Vale",51.525575,-0.179592,14,2,12,22,5,3
2026-08-17 02:00:00+00:00,BikePoints_256,"Houghton Street, Strand",51.51362,-0.116764,0,0,0,15,14,1
2026-08-17 02:00:00+00:00,BikePoints_257,"Westminster University, Marylebone",51.522481,-0.154907,5,0,5,16,9,2
2026-08-17 02:00:00+00:00,BikePoints_258,"Kensington Gore, Knightsbridge",51.501432,-0.178656,0,0,0,23,23,0
2026-08-17 02:00:00+00:00,BikePoints_259,"Bourne Street, Belgravia",51.490959,-0.153233,5,1,4,16,11,0
2026-08-17 02:00:00+00:00,BikePoints_260,"Broadwick Street, Soho",51.513684,-0.13558,0,0,0,18,15,3
2026-08-17 02:00:00+00:00,BikePoints_261,"Princes Square, Bayswater",51.513489,-0.191351,9,3,6,16,6,1
2026-08-17 02:00:00+00:00,BikePoints_262,"LSBU (Borough Road), Elephant & Castle",51.498744,-0.103132,8,2,6,35,27,0
2026-08-17 02:00:00+00:00,BikePoints_263,"St. Mary Axe, Aldgate",51.514225,-0.08066,1,1,0,21,17,3
2026-08-17 02:00:00+00:00,BikePoints_264,"Tysoe Street, Clerkenwell",51.526443,-0.109256,2,2,0,20,17,1
2026-08-17 02:00:00+00:00,BikePoints_265,"Southwick Street, Paddington",51.515953,-0.169249,6,3,3,17,11,0
2026-08-17 02:00:00+00:00,BikePoints_266,"Queen's Gate (North), Kensington",51.501026,-0.180246,0,0,0,41,39,2
2026-08-17 02:00:00+00:00,BikePoints_268,"Belgrave Road, Victoria",51.493204,-0.144132,26,0,26,29,1,2
2026-08-17 02:00:00+00:00,BikePoints_269,"Empire Square, The Borough",51.500823,-0.08974,44,1,43,46,0,2
2026-08-17 02:00:00+00:00,BikePoints_271,"London Zoo,  The Regent's Park",51.535836,-0.156285,10,0,10,32,22,0
2026-08-17 02:00:00+00:00,BikePoints_272,"Baylis Road, Waterloo",51.501444,-0.110699,0,0,0,22,20,2
2026-08-17 02:00:00+00:00,BikePoints_273,"Belvedere Road 1, South Bank",51.506133,-0.114686,13,1,12,38,21,4
2026-08-17 02:00:00+00:00,BikePoints_274,"Warwick Road, Olympia",51.496712,-0.205284,13,5,8,36,23,0
2026-08-17 02:00:00+00:00,BikePoints_275,"Barbican Centre, Barbican",51.520044,-0.092176,0,0,0,19,18,1
2026-08-17 02:00:00+00:00,BikePoints_276,"Lower Thames Street, Monument",51.509301,-0.084985,0,0,0,24,23,1
2026-08-17 02:00:00+00:00,BikePoints_277,"Kensington Church Street, Kensington",51.503157,-0.191496,8,1,7,17,7,2
2026-08-17 02:00:00+00:00,BikePoints_278,"Tooley Street, Bermondsey",51.503493,-0.07962,20,8,12,27,3,4
2026-08-17 02:00:00+00:00,BikePoints_279,"North Wharf Road, Paddington",51.518623,-0.176603,5,3,2,23,17,1
2026-08-17 02:00:00+00:00,BikePoints_280,"Royal Avenue 2, Chelsea",51.490083,-0.162418,10,0,10,10,0,0
2026-08-17 02:00:00+00:00,BikePoints_281,"Smith Square, Westminster",51.495805,-0.127575,12,3,9,18,6,0
2026-08-17 02:00:00+00:00,BikePoints_282,"Royal London Hospital, Whitechapel",51.518675,-0.06111,29,4,25,42,7,6
2026-08-17 02:00:00+00:00,BikePoints_283,"Kingsway, Covent Garden",51.514409,-0.118478,0,0,0,16,16,0
2026-08-17 02:00:00+00:00,BikePoints_284,"Lambeth North Station, Waterloo",51.49914,-0.112031,12,1,11,20,8,0
2026-08-17 02:00:00+00:00,BikePoints_286,"St. John's Wood Road, St. John's Wood",51.527294,-0.174653,21,4,17,35,12,2
2026-08-17 02:00:00+00:00,BikePoints_287,"Bedford Way, Bloomsbury",51.523673,-0.128377,4,1,3,23,18,1
2026-08-17 02:00:00+00:00,BikePoints_288,"Elizabeth Bridge, Victoria",51.492369,-0.147478,34,0,34,34,0,0
2026-08-17 02:00:00+00:00,BikePoints_289,"South Audley Street, Mayfair",51.50923,-0.151289,1,0,1,15,14,0
2026-08-17 02:00:00+00:00,BikePoints_290,"St Mary's Hospital, Paddington",51.518268,-0.171103,6,2,4,20,11,3
2026-08-17 02:00:00+00:00,BikePoints_291,"Claverton Street, Pimlico",51.484839,-0.138089,31,1,30,32,0,1
2026-08-17 02:00:00+00:00,BikePoints_292,"Montpelier Street, Knightsbridge",51.498884,-0.165471,7,0,7,16,9,0
2026-08-17 02:00:00+00:00,BikePoints_293,"Kensington Olympia Station, Olympia",51.498157,-0.209494,11,0,11,25,14,0
2026-08-17 02:00:00+00:00,BikePoints_294,"St. George's Square, Pimlico",51.488226,-0.135635,15,2,13,16,0,1
2026-08-17 02:00:00+00:00,BikePoints_295,"Swan Street, The Borough",51.500296,-0.092762,4,0,4,27,22,1
2026-08-17 02:00:00+00:00,BikePoints_296,"Knaresborough Place, Earl's Court",51.493631,-0.190603,6,1,5,18,10,2
2026-08-17 02:00:00+00:00,BikePoints_297,"Geraldine Street, Elephant & Castle",51.496127,-0.106,13,2,11,17,3,1
2026-08-17 02:00:00+00:00,BikePoints_298,"Curlew Street, Shad Thames",51.502279,-0.074189,12,2,10,21,5,4
2026-08-17 02:00:00+00:00,BikePoints_299,"Vincent Square, Westminster",51.493985,-0.136928,16,0,16,19,3,0
2026-08-17 02:00:00+00:00,BikePoints_300,"Serpentine Car Park, Hyde Park",51.505014,-0.17306,4,0,4,18,11,3
2026-08-17 02:00:00+00:00,BikePoints_301,"Marylebone Lane, Marylebone",51.514759,-0.148105,2,1,1,24,18,4
2026-08-17 02:00:00+00:00,BikePoints_302,"Putney Pier, Wandsworth",51.466907,-0.216573,19,3,16,28,5,4
2026-08-17 02:00:00+00:00,BikePoints_303,"Albert Gate, Hyde Park",51.502953,-0.158456,2,1,1,34,27,5
2026-08-17 02:00:00+00:00,BikePoints_306,"Rathbone Street, Fitzrovia",51.518162,-0.135025,0,0,0,16,14,2
2026-08-17 02:00:00+00:00,BikePoints_307,"Black Lion Gate, Kensington Gardens",51.509908,-0.187842,19,9,10,24,0,5
2026-08-17 02:00:00+00:00,BikePoints_308,"Long Lane , Bermondsey",51.499075,-0.085666,20,4,16,20,0,0
2026-08-17 02:00:00+00:00,BikePoints_309,"Embankment (Savoy), Strand",51.509631,-0.119047,0,0,0,41,40,1
2026-08-17 02:00:00+00:00,BikePoints_310,"Black Prince Road, Vauxhall",51.490867,-0.116911,14,2,12,19,3,2
2026-08-17 02:00:00+00:00,BikePoints_311,"Foley Street, Fitzrovia",51.519181,-0.140485,4,1,3,24,20,0
2026-08-17 02:00:00+00:00,BikePoints_312,"Grove End Road, St. John's Wood",51.530889,-0.17677,17,4,13,20,0,3
2026-08-17 02:00:00+00:00,BikePoints_313,"Wells Street, Fitzrovia",51.517344,-0.138072,3,1,2,38,32,3
2026-08-17 02:00:00+00:00,BikePoints_314,"Tyers Gate, Bermondsey",51.500889,-0.083159,33,1,32,36,1,2
2026-08-17 02:00:00+00:00,BikePoints_315,"The Tennis Courts, The Regent's Park",51.525367,-0.153463,6,6,0,16,8,2
2026-08-17 02:00:00+00:00,BikePoints_316,"Warwick Row, Westminster",51.497998,-0.14296,0,0,0,21,18,3
2026-08-17 02:00:00+00:00,BikePoints_317,"Dickens Square, Borough",51.496791,-0.093913,6,0,6,32,26,0
2026-08-17 02:00:00+00:00,BikePoints_318,"Sackville Street, Mayfair",51.510048,-0.138846,1,1,0,18,15,2
2026-08-17 02:00:00+00:00,BikePoints_319,"Baldwin Street, St. Luke's",51.527025,-0.088542,6,1,5,21,13,2
2026-08-17 02:00:00+00:00,BikePoints_320,"Queen Mother Sports Centre, Victoria",51.493573,-0.139956,21,0,21,26,5,0
2026-08-17 02:00:00+00:00,BikePoints_321,"Bermondsey Street, Bermondsey",51.497855,-0.081608,16,3,13,24,7,1
2026-08-17 02:00:00+00:00,BikePoints_322,"Palissy Street, Shoreditch",51.526293,-0.073955,23,1,22,26,1,2
2026-08-17 02:00:00+00:00,BikePoints_323,"Clifton Street, Shoreditch",51.523196,-0.083067,6,1,5,24,18,0
2026-08-17 02:00:00+00:00,BikePoints_324,"Ontario Street, Elephant & Castle",51.49652,-0.101384,10,0,10,15,4,1
2026-08-17 02:00:00+00:00,BikePoints_326,"Graham Street, Angel",51.532661,-0.099981,19,1,18,26,6,1
2026-08-17 02:00:00+00:00,BikePoints_327,"Westbourne Green, Westbourne",51.522168,-0.192814,9,1,8,21,11,1
2026-08-17 02:00:00+00:00,BikePoints_328,"New North Road 2, Hoxton",51.53114,-0.086016,4,2,2,22,18,0
2026-08-17 02:00:00+00:00,BikePoints_329,"Prince Albert Road, The Regent's Park",51.535892,-0.160854,3,3,0,24,17,4
2026-08-17 02:00:00+00:00,BikePoints_330,"Eastbourne Mews, Paddington",51.516417,-0.179135,10,3,7,34,22,2
2026-08-17 02:00:00+00:00,BikePoints_331,"Bunhill Row, Moorgate",51.520858,-0.089887,0,0,0,30,26,4
2026-08-17 02:00:00+00:00,BikePoints_332,"Nevern Place, Earl's Court",51.493343,-0.194757,9,0,9,20,10,1
2026-08-17 02:00:00+00:00,BikePoints_333,"Palace Gardens Terrace, Notting Hill",51.508605,-0.193764,17,4,13,37,18,2
2026-08-17 02:00:00+00:00,BikePoints_334,"Agar Grove, Camden Town",51.542891,-0.132253,13,4,9,18,4,1
2026-08-17 02:00:00+00:00,BikePoints_335,"Tavistock Street, Covent Garden",51.511968,-0.120718,0,0,0,33,30,3
2026-08-17 02:00:00+00:00,BikePoints_336,"Concert Hall Approach, South Bank",51.504841,-0.115153,22,0,22,30,6,2
2026-08-17 02:00:00+00:00,BikePoints_337,"Pembridge Villas, Notting Hill",51.511084,-0.197524,6,2,4,16,9,1
2026-08-17 02:00:00+00:00,BikePoints_338,"Wellington Street , Strand",51.511756,-0.119643,0,0,0,24,20,4
2026-08-17 02:00:00+00:00,BikePoints_340,"Bank of England Museum, Bank",51.514441,-0.087587,0,0,0,16,14,2
2026-08-17 02:00:00+00:00,BikePoints_341,"Craven Street, Strand",51.508103,-0.126021,0,0,0,23,21,2
2026-08-17 02:00:00+00:00,BikePoints_344,"Goswell Road (City Uni), Finsbury",51.528246,-0.101026,10,1,9,16,5,1
2026-08-17 02:00:00+00:00,BikePoints_345,"Flood Street, Chelsea",51.488023,-0.166878,4,0,4,33,28,1
2026-08-17 02:00:00+00:00,BikePoints_348,"Grosvenor Square, Mayfair",51.51217,-0.150481,2,1,1,17,11,4
2026-08-17 02:00:00+00:00,BikePoints_349,"St. George Street, Mayfair",51.51196,-0.142783,0,0,0,18,16,2
2026-08-17 02:00:00+00:00,BikePoints_350,"Queen's Gate, Kensington Gardens",51.501715,-0.179854,4,2,2,21,12,5
2026-08-17 02:00:00+00:00,BikePoints_351,"Macclesfield Rd, St Lukes",51.529423,-0.097122,9,0,9,28,17,2
2026-08-17 02:00:00+00:00,BikePoints_352,"Vauxhall Street, Vauxhall",51.486965,-0.116625,17,2,15,19,2,0
2026-08-17 02:00:00+00:00,BikePoints_353,"Greycoat Street , Westminster",51.494591,-0.134234,13,0,13,17,4,0
2026-08-17 02:00:00+00:00,BikePoints_354,"Northumberland Avenue, Strand",51.506767,-0.123702,2,0,2,37,35,0
2026-08-17 02:00:00+00:00,BikePoints_355,"Clapham Common Station, Clapham Common",51.461388,-0.139221,16,0,16,21,3,2
2026-08-17 02:00:00+00:00,BikePoints_356,"South Kensington Station, South Kensington",51.494412,-0.173881,2,0,2,15,12,1
2026-08-17 02:00:00+00:00,BikePoints_357,"Howland Street, Fitzrovia",51.520994,-0.139016,7,1,6,30,23,0
2026-08-17 02:00:00+00:00,BikePoints_358,"High Holborn , Covent Garden",51.516398,-0.124257,0,0,0,20,20,0
2026-08-17 02:00:00+00:00,BikePoints_359,"Butler Place, Westminster",51.497829,-0.13544,0,0,0,18,17,1
2026-08-17 02:00:00+00:00,BikePoints_360,"Howick Place, Westminster",51.496753,-0.138733,1,0,1,27,25,1
2026-08-17 02:00:00+00:00,BikePoints_361,"Waterloo Station 2, Waterloo",51.503919,-0.113426,15,1,14,55,40,0
2026-08-17 02:00:00+00:00,BikePoints_362,"Royal College Street, Camden Town",51.536264,-0.133952,47,3,44,57,7,3
2026-08-17 02:00:00+00:00,BikePoints_363,"Lord's, St. John's Wood",51.529121,-0.171185,8,0,8,24,15,1
2026-08-17 02:00:00+00:00,BikePoints_364,"Store Street, Bloomsbury",51.519572,-0.13214,3,2,1,32,28,1
2026-08-17 02:00:00+00:00,BikePoints_365,"City Road, Angel",51.530344,-0.100168,25,5,20,47,18,4
2026-08-17 02:00:00+00:00,BikePoints_367,"Harrowby Street, Marylebone",51.517372,-0.164207,0,0,0,16,14,2
2026-08-17 02:00:00+00:00,BikePoints_368,"Lowndes Square, Knightsbridge",51.50058,-0.158837,0,0,0,23,22,1
2026-08-17 02:00:00+00:00,BikePoints_370,"Paddington Green, Paddington",51.520205,-0.174593,9,3,6,20,11,0
2026-08-17 02:00:00+00:00,BikePoints_371,"Brockwell Lido, Brixton",51.453118,-0.104955,26,0,26,30,3,1
2026-08-17 02:00:00+00:00,BikePoints_372,"Sardinia Street, Holborn",51.515208,-0.117863,0,0,0,24,24,0
2026-08-17 02:00:00+00:00,BikePoints_373,"Prince Consort Road, Knightsbridge",51.499806,-0.176415,0,0,0,18,17,1
2026-08-17 02:00:00+00:00,BikePoints_374,"Waterloo Station 1, Waterloo",51.504027,-0.113864,10,0,10,36,21,5
2026-08-17 02:00:00+00:00,BikePoints_375,"Kensington Town Hall, Kensington",51.501945,-0.194392,3,0,3,18,14,1
2026-08-17 02:00:00+00:00,BikePoints_376,"Millbank Tower, Pimlico",51.491884,-0.125674,4,1,3,24,18,2
2026-08-17 02:00:00+00:00,BikePoints_377,"Waterloo Bridge, South Bank",51.505354,-0.113656,8,1,7,15,6,1
2026-08-17 02:00:00+00:00,BikePoints_378,"Natural History Museum, South Kensington",51.495592,-0.179077,0,0,0,42,41,1
2026-08-17 02:00:00+00:00,BikePoints_379,"Turquoise Island, Notting Hill",51.514311,-0.200838,6,0,6,21,15,0
2026-08-17 02:00:00+00:00,BikePoints_380,"Stanhope Gate, Mayfair",51.506864,-0.150666,2,0,2,21,19,0
2026-08-17 02:00:00+00:00,BikePoints_381,"Charlotte Street, Fitzrovia",51.51953,-0.135777,0,0,0,14,14,0
2026-08-17 02:00:00+00:00,BikePoints_382,"Farm Street, Mayfair",51.509351,-0.147449,0,0,0,15,15,0
2026-08-17 02:00:00+00:00,BikePoints_383,"Frith Street, Soho",51.513103,-0.131213,1,0,1,18,15,2
2026-08-17 02:00:00+00:00,BikePoints_384,"Marloes Road, Kensington",51.496481,-0.192404,3,0,3,15,12,0
2026-08-17 02:00:00+00:00,BikePoints_386,"Moor Street, Soho",51.513527,-0.13011,1,1,0,16,12,3
2026-08-17 02:00:00+00:00,BikePoints_387,"Fire Brigade Pier, Vauxhall",51.493699,-0.121394,0,0,0,30,27,3
2026-08-17 02:00:00+00:00,BikePoints_388,"Southampton Street, Strand",51.510701,-0.121723,1,0,1,14,12,1
2026-08-17 02:00:00+00:00,BikePoints_389,"Upper Grosvenor Street, Mayfair",51.51013,-0.155757,2,0,2,18,16,0
2026-08-17 02:00:00+00:00,BikePoints_390,"Buxton Street 1, Shoreditch",51.521776,-0.068856,10,0,10,41,30,1
2026-08-17 02:00:00+00:00,BikePoints_391,"Clifford Street, Mayfair",51.510662,-0.142345,1,0,1,17,15,1
2026-08-17 02:00:00+00:00,BikePoints_392,"Imperial College, Knightsbridge",51.499428,-0.179702,0,0,0,33,32,1
2026-08-17 02:00:00+00:00,BikePoints_393,"Snow Hill, Farringdon",51.517334,-0.103604,4,0,4,15,11,0
2026-08-17 02:00:00+00:00,BikePoints_394,"Aberdeen Place, St. John's Wood",51.524826,-0.176268,17,5,12,18,0,1
2026-08-17 02:00:00+00:00,BikePoints_395,"Cadogan Gardens, Chelsea",51.492462,-0.159919,4,2,2,15,10,1
2026-08-17 02:00:00+00:00,BikePoints_396,"Shouldham Street, Marylebone",51.51809,-0.163609,2,0,2,16,13,1
2026-08-17 02:00:00+00:00,BikePoints_397,"Devonshire Terrace, Bayswater",51.51348,-0.17977,10,5,5,16,2,4
2026-08-17 02:00:00+00:00,BikePoints_398,"Holland Park, Kensington",51.502319,-0.200742,18,0,18,30,12,0
2026-08-17 02:00:00+00:00,BikePoints_399,"Brick Lane Market, Shoreditch",51.522617,-0.071653,10,1,9,24,13,1
2026-08-17 02:00:00+00:00,BikePoints_400,"George Street, Marylebone",51.517703,-0.154106,14,0,14,27,13,0
2026-08-17 02:00:00+00:00,BikePoints_401,"Columbia Road, Shoreditch",51.528187,-0.075375,14,2,12,24,9,1
2026-08-17 02:00:00+00:00,BikePoints_402,"Penfold Street, Marylebone",51.522892,-0.171681,1,0,1,15,13,1
2026-08-17 02:00:00+00:00,BikePoints_403,"George Place Mews, Marylebone",51.516892,-0.158249,2,1,1,16,12,2
2026-08-17 02:00:00+00:00,BikePoints_404,"Palace Gate, Kensington Gardens",51.502042,-0.1844,8,0,8,13,0,5
2026-08-17 02:00:00+00:00,BikePoints_405,"Gloucester Road Station, South Kensington",51.494185,-0.18267,0,0,0,15,14,1
2026-08-17 02:00:00+00:00,BikePoints_408,"Sun Street, Liverpool Street",51.520009,-0.083935,3,1,2,24,21,0
2026-08-17 02:00:00+00:00,BikePoints_409,"Strata, Elephant & Castle",51.493146,-0.099828,36,8,28,41,0,5
2026-08-17 02:00:00+00:00,BikePoints_410,"Orchard Place, Blackwall Tunnel",51.510212,0.004979,15,3,12,24,8,1
2026-08-17 02:00:00+00:00,BikePoints_411,"Rotherhithe Roundabout, Rotherhithe",51.499169,-0.055846,17,1,16,19,1,1
2026-08-17 02:00:00+00:00,BikePoints_412,"Cleaver Street, Kennington",51.488105,-0.110121,8,0,8,17,9,0
2026-08-17 02:00:00+00:00,BikePoints_419,"Chelsea Bridge, Pimlico",51.485821,-0.149004,1,0,1,15,14,0
2026-08-17 02:00:00+00:00,BikePoints_423,"Eaton Square (South), Belgravia",51.494561,-0.153933,8,0,8,31,23,0
2026-08-17 02:00:00+00:00,BikePoints_424,"Ebury Bridge, Pimlico",51.490491,-0.149186,17,1,16,29,10,2
2026-08-17 02:00:00+00:00,BikePoints_426,"Vincent Street, Pimlico",51.493072,-0.129925,12,5,7,17,5,0
2026-08-17 02:00:00+00:00,BikePoints_427,"Cheapside, Bank",51.51397,-0.09294,0,0,0,43,43,0
2026-08-17 02:00:00+00:00,BikePoints_428,"Exhibition Road, Knightsbridge",51.499917,-0.174554,0,0,0,20,20,0
2026-08-17 02:00:00+00:00,BikePoints_430,"South Parade, Chelsea",51.48902,-0.17524,5,1,4,18,11,2
2026-08-17 02:00:00+00:00,BikePoints_431,"Crinan Street, King's Cross",51.534474,-0.122203,6,3,3,20,13,1
2026-08-17 02:00:00+00:00,BikePoints_432,"Exhibition Road Museums 1, South Kensington",51.496468,-0.173796,0,0,0,13,13,0
2026-08-17 02:00:00+00:00,BikePoints_433,"Wren Street, Holborn",51.524564,-0.116279,3,0,3,33,27,3
2026-08-17 02:00:00+00:00,BikePoints_435,"Kennington Station, Kennington",51.488852,-0.105593,5,1,4,23,18,0
2026-08-17 02:00:00+00:00,BikePoints_436,"Red Lion Street, Holborn",51.51824,-0.11655,1,1,0,36,35,0
2026-08-17 02:00:00+00:00,BikePoints_437,"Vauxhall Walk, Vauxhall",51.488124,-0.120903,19,1,18,27,8,0
2026-08-17 02:00:00+00:00,BikePoints_439,"Killick Street, King's Cross",51.5338,-0.118677,15,2,13,22,5,2
2026-08-17 02:00:00+00:00,BikePoints_440,"Kennington Oval, Oval",51.483145,-0.113134,30,0,30,33,0,3
2026-08-17 02:00:00+00:00,BikePoints_441,"Sail Street, Vauxhall",51.495656,-0.114605,12,0,12,24,11,1
2026-08-17 02:00:00+00:00,BikePoints_442,"Walmer Road, Avondale",51.510101,-0.211358,8,1,7,24,16,0
2026-08-17 02:00:00+00:00,BikePoints_443,"Philpot Street, Whitechapel",51.515256,-0.058641,7,0,7,30,20,3
2026-08-17 02:00:00+00:00,BikePoints_444,"Bethnal Green Garden, Bethnal Green",51.52568,-0.055312,3,0,3,24,20,1
2026-08-17 02:00:00+00:00,BikePoints_445,"Cheshire Street, Bethnal Green",51.52388,-0.065076,4,0,4,28,24,0
2026-08-17 02:00:00+00:00,BikePoints_446,"York Hall, Bethnal Green",51.528936,-0.055894,13,0,13,27,12,2
2026-08-17 02:00:00+00:00,BikePoints_447,"Jubilee Crescent, Cubitt Town",51.493381,-0.007542,6,1,5,54,46,2
2026-08-17 02:00:00+00:00,BikePoints_448,"Fisherman's Walk West, Canary Wharf",51.50623,-0.02296,15,0,15,36,20,1
2026-08-17 02:00:00+00:00,BikePoints_449,"Shadwell Station, Shadwell",51.511088,-0.057159,29,3,26,35,3,3
2026-08-17 02:00:00+00:00,BikePoints_450,"Jubilee Street, Stepney",51.515975,-0.053177,6,2,4,28,22,0
2026-08-17 02:00:00+00:00,BikePoints_451,"Hermitage Court, Wapping",51.504719,-0.063531,10,4,6,16,5,1
2026-08-17 02:00:00+00:00,BikePoints_452,"St. Katharine's Way, Tower",51.505697,-0.070542,1,1,0,24,21,2
2026-08-17 02:00:00+00:00,BikePoints_453,"Garnet Street, Shadwell",51.508447,-0.055167,11,0,11,24,12,1
2026-08-17 02:00:00+00:00,BikePoints_454,"Napier Avenue, Millwall",51.487679,-0.021582,15,6,9,20,3,2
2026-08-17 02:00:00+00:00,BikePoints_455,"East Ferry Road, Cubitt Town",51.49447,-0.014409,16,2,14,17,0,1
2026-08-17 02:00:00+00:00,BikePoints_456,"Albert Street, Camden Town",51.537706,-0.144801,11,4,7,26,10,5
2026-08-17 02:00:00+00:00,BikePoints_457,"Castlehaven Road, Camden Town",51.542138,-0.145393,9,3,6,29,19,1
2026-08-17 02:00:00+00:00,BikePoints_458,"Wapping Lane, Wapping",51.504749,-0.057544,10,1,9,28,15,3
2026-08-17 02:00:00+00:00,BikePoints_459,"Gunmakers Lane, Old Ford",51.535179,-0.03338,14,1,13,17,2,1
2026-08-17 02:00:00+00:00,BikePoints_461,"Aston Street, Stepney",51.516,-0.038775,13,3,10,26,13,0
2026-08-17 02:00:00+00:00,BikePoints_462,"Bonny Street, Camden Town",51.541603,-0.138853,33,11,22,45,8,4
2026-08-17 02:00:00+00:00,BikePoints_463,"Thurtle Road, Haggerston",51.534776,-0.071881,3,1,2,22,17,2
2026-08-17 02:00:00+00:00,BikePoints_464,"St. Mary & St. Michael Church, Stepney",51.51417,-0.052099,6,0,6,25,19,0
2026-08-17 02:00:00+00:00,BikePoints_465,"Pitfield Street North,Hoxton",51.53558,-0.08249,21,4,17,28,5,2
2026-08-17 02:00:00+00:00,BikePoints_466,"Whiston Road, Haggerston",51.534464,-0.076341,8,4,4,21,11,2
2026-08-17 02:00:00+00:00,BikePoints_467,"Southern Grove, Bow",51.523538,-0.030556,3,0,3,17,14,0
2026-08-17 02:00:00+00:00,BikePoints_468,"Cantrell Road, Bow",51.521564,-0.022694,22,0,22,24,0,2
2026-08-17 02:00:00+00:00,BikePoints_469,"Lindfield Street, Poplar",51.513757,-0.020467,21,3,18,44,21,2
2026-08-17 02:00:00+00:00,BikePoints_470,"Mostyn Grove, Bow",51.530535,-0.025492,19,4,15,46,26,1
2026-08-17 02:00:00+00:00,BikePoints_471,"Hewison Street, Old Ford",51.533283,-0.028155,14,4,10,19,5,0
2026-08-17 02:00:00+00:00,BikePoints_472,"Malmesbury Road, Bow",51.529452,-0.027616,7,3,4,21,12,2
2026-08-17 02:00:00+00:00,BikePoints_473,"Millharbour, Millwall",51.496137,-0.019355,8,1,7,19,7,4
2026-08-17 02:00:00+00:00,BikePoints_474,"Gascoyne Road, Victoria Park",51.541515,-0.038557,10,7,3,20,7,3
2026-08-17 02:00:00+00:00,BikePoints_475,"Lightermans Road, Millwall",51.499041,-0.020157,7,2,5,31,21,3
2026-08-17 02:00:00+00:00,BikePoints_476,"Stebondale Street, Cubitt Town",51.489096,-0.009205,5,0,5,29,20,4
2026-08-17 02:00:00+00:00,BikePoints_477,"Spindrift Avenue, Millwall",51.49109,-0.018716,16,2,14,36,18,2
2026-08-17 02:00:00+00:00,BikePoints_478,"Stepney Green Station, Stepney",51.521889,-0.04667,16,1,15,21,1,4
2026-08-17 02:00:00+00:00,BikePoints_479,"Pott Street, Bethnal Green",51.527152,-0.058005,14,1,13,20,2,4
2026-08-17 02:00:00+00:00,BikePoints_480,"Flamborough Street, Limehouse",51.512871,-0.038986,24,3,21,25,0,1
2026-08-17 02:00:00+00:00,BikePoints_481,"Saunders Ness Road, Cubitt Town",51.487129,-0.009001,9,1,8,35,23,3
2026-08-17 02:00:00+00:00,BikePoints_482,"Exhibition Road Museums 2, South Kensington",51.495947,-0.173689,0,0,0,14,14,0
2026-08-17 02:00:00+00:00,BikePoints_483,"Albert Gardens, Stepney",51.51328,-0.047784,28,2,26,33,1,4
2026-08-17 02:00:00+00:00,BikePoints_484,"Bromley High Street, Bow",51.528828,-0.013258,11,2,9,24,9,4
2026-08-17 02:00:00+00:00,BikePoints_485,"Old Ford Road, Bethnal Green",51.531127,-0.048017,15,2,13,24,3,6
2026-08-17 02:00:00+00:00,BikePoints_486,"Granby Street, Shoreditch",51.525645,-0.069543,3,0,3,37,33,1
2026-08-17 02:00:00+00:00,BikePoints_487,"Canton Street, Poplar",51.511811,-0.025626,8,1,7,23,14,1
2026-08-17 02:00:00+00:00,BikePoints_488,"Reardon Street, Wapping",51.506946,-0.058681,3,0,3,22,14,5
2026-08-17 02:00:00+00:00,BikePoints_489,"Christian Street, Whitechapel",51.513074,-0.064094,20,7,13,34,14,0
2026-08-17 02:00:00+00:00,BikePoints_490,"Pennington Street, Wapping",51.508622,-0.065006,9,4,5,45,34,2
2026-08-17 02:00:00+00:00,BikePoints_491,"Queen Mary's, Mile End",51.522507,-0.041378,9,0,9,45,31,5
2026-08-17 02:00:00+00:00,BikePoints_494,"South Quay East, Canary Wharf",51.50196,-0.016251,14,2,12,36,22,0
2026-08-17 02:00:00+00:00,BikePoints_495,"Bow Church Station, Bow",51.528169,-0.018703,26,6,20,39,12,1
2026-08-17 02:00:00+00:00,BikePoints_496,"Devons Road, Bow",51.52512,-0.015578,32,6,26,39,2,5
2026-08-17 02:00:00+00:00,BikePoints_497,"Merchant Street, Bow",51.526578,-0.027581,24,4,20,27,2,1
2026-08-17 02:00:00+00:00,BikePoints_498,"Bow Road Station, Bow",51.527058,-0.025296,10,5,5,42,31,1
2026-08-17 02:00:00+00:00,BikePoints_499,"Furze Green, Bow",51.519265,-0.021345,18,3,15,36,15,3
2026-08-17 02:00:00+00:00,BikePoints_500,"Ansell House, Stepney",51.520019,-0.05438,2,0,2,41,37,2
2026-08-17 02:00:00+00:00,BikePoints_501,"Cephas Street, Bethnal Green",51.522561,-0.054883,8,1,7,24,12,4
2026-08-17 02:00:00+00:00,BikePoints_502,"Bonner Gate, Victoria Park",51.53341,-0.049591,2,0,2,21,15,4
2026-08-17 02:00:00+00:00,BikePoints_503,"Cleveland Way, Stepney",51.520893,-0.051394,1,0,1,36,34,1
2026-08-17 02:00:00+00:00,BikePoints_504,"St. John's Park, Cubitt Town",51.496454,-0.009506,7,0,7,30,21,2
2026-08-17 02:00:00+00:00,BikePoints_505,"Ackroyd Drive, Bow",51.520398,-0.026768,24,6,18,29,0,5
2026-08-17 02:00:00+00:00,BikePoints_506,"Bell Lane, Liverpool Street",51.517475,-0.075855,0,0,0,23,22,1
2026-08-17 02:00:00+00:00,BikePoints_507,"Clarkson Street, Bethnal Green",51.528692,-0.059091,14,3,11,31,16,1
2026-08-17 02:00:00+00:00,BikePoints_508,"Fournier Street, Whitechapel",51.519362,-0.074431,1,1,0,18,15,2
2026-08-17 02:00:00+00:00,BikePoints_509,"Fore Street Avenue, Guildhall",51.517842,-0.090075,0,0,0,19,17,2
2026-08-17 02:00:00+00:00,BikePoints_510,"Westferry DLR, Limehouse",51.509303,-0.025996,17,1,16,41,22,2
2026-08-17 02:00:00+00:00,BikePoints_511,"Sutton Street, Shadwell",51.511066,-0.053558,29,5,24,33,1,3
2026-08-17 02:00:00+00:00,BikePoints_513,"Watney Market, Stepney",51.514222,-0.055656,10,2,8,51,40,1
2026-08-17 02:00:00+00:00,BikePoints_514,"Portman Square, Marylebone",51.516204,-0.155525,1,1,0,17,15,1
2026-08-17 02:00:00+00:00,BikePoints_515,"Russell Gardens, Olympia",51.500088,-0.211316,5,0,5,24,19,0
2026-08-17 02:00:00+00:00,BikePoints_516,"Chrisp Street Market, Poplar",51.5112,-0.014438,15,3,12,18,2,1
2026-08-17 02:00:00+00:00,BikePoints_517,"Ford Road, Old Ford",51.532513,-0.033085,9,0,9,18,6,3
2026-08-17 02:00:00+00:00,BikePoints_518,"Antill Road, Mile End",51.528224,-0.037471,9,1,8,30,20,1
2026-08-17 02:00:00+00:00,BikePoints_519,"Teviot Street, Poplar",51.518811,-0.011662,32,1,31,33,0,1
2026-08-17 02:00:00+00:00,BikePoints_520,"Bancroft Road, Bethnal Green",51.526041,-0.047218,19,5,14,21,0,2
2026-08-17 02:00:00+00:00,BikePoints_521,"Driffield Road, Old Ford",51.534137,-0.037366,18,0,18,19,0,1
2026-08-17 02:00:00+00:00,BikePoints_522,"Clinton Road, Mile End",51.525941,-0.036017,15,1,14,36,20,1
2026-08-17 02:00:00+00:00,BikePoints_523,"Langdon Park, Poplar",51.51549,-0.013475,17,2,15,24,6,1
2026-08-17 02:00:00+00:00,BikePoints_524,"Lancaster Gate , Bayswater",51.511654,-0.179668,28,0,28,38,9,1
2026-08-17 02:00:00+00:00,BikePoints_525,"Blythe Road, Olympia",51.496927,-0.2135,6,1,5,24,17,1
2026-08-17 02:00:00+00:00,BikePoints_526,"Lancaster Drive, Blackwall",51.503143,-0.008428,13,2,11,27,13,1
2026-08-17 02:00:00+00:00,BikePoints_527,"Hansard Mews, Holland Park",51.503802,-0.215808,12,5,7,20,8,0
2026-08-17 02:00:00+00:00,BikePoints_528,"Clarges Street, Mayfair",51.507326,-0.145827,0,0,0,16,16,0
2026-08-17 02:00:00+00:00,BikePoints_529,"Manresa Road, Chelsea",51.486892,-0.170983,3,0,3,18,13,2
2026-08-17 02:00:00+00:00,BikePoints_530,"Newby Place, Poplar",51.508896,-0.012413,16,2,14,18,1,1
2026-08-17 02:00:00+00:00,BikePoints_531,"Twig Folly Bridge, Mile End",51.530326,-0.042744,8,3,5,21,13,0
2026-08-17 02:00:00+00:00,BikePoints_532,"Jubilee Plaza, Canary Wharf",51.5034,-0.020242,0,0,0,63,59,4
2026-08-17 02:00:00+00:00,BikePoints_533,"Wellington Row, Bethnal Green",51.528222,-0.069743,24,4,20,33,7,2
2026-08-17 02:00:00+00:00,BikePoints_534,"Goldsmith's Row, Haggerston",51.531864,-0.066035,24,3,21,27,0,3
2026-08-17 02:00:00+00:00,BikePoints_536,"Queensbridge Road, Haggerston",51.53385,-0.06992,11,0,11,35,21,3
2026-08-17 02:00:00+00:00,BikePoints_537,"Old Montague Street, Whitechapel",51.51793,-0.067937,14,5,9,18,4,0
2026-08-17 02:00:00+00:00,BikePoints_538,"Naval Row, Blackwall",51.508981,-0.00699,19,4,15,21,1,1
2026-08-17 02:00:00+00:00,BikePoints_539,"Hoxton Station, Hoxton",51.531091,-0.075901,5,1,4,22,17,0
2026-08-17 02:00:00+00:00,BikePoints_541,"Green Park Station, Mayfair",51.506613,-0.142844,0,0,0,28,24,4
2026-08-17 02:00:00+00:00,BikePoints_542,"Salmon Lane, Limehouse",51.514115,-0.033828,14,5,9,33,18,1
2026-08-17 02:00:00+00:00,BikePoints_543,"Lansdowne Walk, Ladbroke Grove",51.509591,-0.204666,13,2,11,21,7,1
2026-08-17 02:00:00+00:00,BikePoints_544,"Percival Street, Finsbury",51.526153,-0.102208,4,1,3,22,16,2
2026-08-17 02:00:00+00:00,BikePoints_545,"Arlington Road, Camden Town",51.539957,-0.145246,16,0,16,24,7,1
2026-08-17 02:00:00+00:00,BikePoints_546,"New Fetter Lane, Holborn",51.517428,-0.107987,0,0,0,21,20,1
2026-08-17 02:00:00+00:00,BikePoints_547,"East India DLR, Blackwall",51.509474,-0.002275,25,8,17,51,21,5
2026-08-17 02:00:00+00:00,BikePoints_548,"Westminster Bridge Road, Elephant & Castle",51.498386,-0.107913,14,0,14,26,11,1
2026-08-17 02:00:00+00:00,BikePoints_549,"Gaywood  Street, Elephant & Castle",51.49605,-0.104193,5,0,5,45,38,2
2026-08-17 02:00:00+00:00,BikePoints_550,"Harford Street, Mile End",51.521564,-0.039264,23,0,23,23,0,0
2026-08-17 02:00:00+00:00,BikePoints_551,"Import Dock, Canary Wharf",51.505772,-0.01646,14,1,13,39,20,5
2026-08-17 02:00:00+00:00,BikePoints_552,"Watney Street, Shadwell",51.511542,-0.056667,5,0,5,27,22,0
2026-08-17 02:00:00+00:00,BikePoints_553,"Regent's Row , Haggerston",51.535678,-0.062546,6,2,4,24,16,2
2026-08-17 02:00:00+00:00,BikePoints_554,"Aberfeldy Street, Poplar",51.513548,-0.005659,11,2,9,16,0,5
2026-08-17 02:00:00+00:00,BikePoints_556,"Heron Quays DLR, Canary Wharf",51.502661,-0.021596,0,0,0,27,25,2
2026-08-17 02:00:00+00:00,BikePoints_557,"King Edward Street, St Pauls",51.51601,-0.0985,1,0,1,20,19,0
2026-08-17 02:00:00+00:00,BikePoints_558,"Page Street, Westminster",51.493978,-0.127554,8,5,3,24,14,2
2026-08-17 02:00:00+00:00,BikePoints_559,"Abbotsbury Road, Holland Park",51.501391,-0.205991,5,0,5,24,19,0
2026-08-17 02:00:00+00:00,BikePoints_560,"Ladbroke Grove Central, Ladbroke Grove",51.511624,-0.205921,6,1,5,21,14,1
2026-08-17 02:00:00+00:00,BikePoints_561,"Rectory Square, Stepney",51.518369,-0.043371,7,1,6,22,14,1
2026-08-17 02:00:00+00:00,BikePoints_562,"Bury Place, Holborn",51.51742,-0.123189,1,1,0,21,20,0
2026-08-17 02:00:00+00:00,BikePoints_563,"Preston's Road, Cubitt Town",51.499286,-0.009152,17,1,16,26,5,4
2026-08-17 02:00:00+00:00,BikePoints_564,"Somerset House, Strand",51.509943,-0.117619,0,0,0,41,40,1
2026-08-17 02:00:00+00:00,BikePoints_565,"Selby Street, Whitechapel",51.521905,-0.063386,6,2,4,17,9,2
2026-08-17 02:00:00+00:00,BikePoints_568,"Bishop's Bridge Road West, Bayswater",51.51616,-0.18697,4,0,4,18,10,4
2026-08-17 02:00:00+00:00,BikePoints_569,"Pitfield Street Central, Hoxton",51.53213,-0.08299,4,0,4,30,22,4
2026-08-17 02:00:00+00:00,BikePoints_570,"Upper Bank Street, Canary Wharf",51.503083,-0.017676,8,0,8,36,23,5
2026-08-17 02:00:00+00:00,BikePoints_571,"Westfield Southern Terrace ,Shepherd's Bush",51.506256,-0.218337,8,0,8,29,19,2
2026-08-17 02:00:00+00:00,BikePoints_572,"Greenland Road, Camden Town",51.539099,-0.141728,34,4,30,36,1,1
2026-08-17 02:00:00+00:00,BikePoints_573,"Limerston Street, West Chelsea",51.485587,-0.18119,2,2,0,18,15,1
2026-08-17 02:00:00+00:00,BikePoints_574,"Eagle Wharf Road, Hoxton",51.53356,-0.09315,18,4,14,45,22,5
2026-08-17 02:00:00+00:00,BikePoints_576,"Alpha Grove, Millwall",51.497304,-0.022793,18,7,11,23,0,5
2026-08-17 02:00:00+00:00,BikePoints_577,"Globe Town Market, Bethnal Green",51.528869,-0.047548,19,3,16,20,0,1
2026-08-17 02:00:00+00:00,BikePoints_578,"Hollybush Gardens, Bethnal Green",51.527607,-0.057133,25,1,24,32,7,0
2026-08-17 02:00:00+00:00,BikePoints_579,"Queen Street 2, Bank",51.511246,-0.093051,3,0,3,36,32,1
2026-08-17 02:00:00+00:00,BikePoints_580,"Doddington Grove, Kennington",51.486929,-0.102996,28,8,20,36,7,1
2026-08-17 02:00:00+00:00,BikePoints_581,"New Cavendish Street, Marylebone",51.519167,-0.147983,6,1,5,18,10,2
2026-08-17 02:00:00+00:00,BikePoints_583,"Abingdon Green, Westminster",51.49764,-0.125972,0,0,0,20,20,0
2026-08-17 02:00:00+00:00,BikePoints_584,"Ilchester Gardens, Bayswater",51.51244,-0.19096,11,3,8,21,10,0
2026-08-17 02:00:00+00:00,BikePoints_586,"Mudchute DLR, Cubitt Town",51.490645,-0.014582,17,3,14,31,13,1
2026-08-17 02:00:00+00:00,BikePoints_587,"Monument Street, Monument",51.50964,-0.08497,3,0,3,22,18,1
2026-08-17 02:00:00+00:00,BikePoints_589,"Drayton Gardens, West Chelsea",51.487196,-0.179369,4,1,3,18,14,0
2026-08-17 02:00:00+00:00,BikePoints_590,"Greenberry Street, St.John's Wood",51.53256,-0.16862,20,2,18,26,6,0
2026-08-17 02:00:00+00:00,BikePoints_591,"Westfield Library Corner, Shepherd's Bush",51.506093,-0.224223,19,4,15,27,8,0
2026-08-17 02:00:00+00:00,BikePoints_592,"Bishop's Bridge Road East, Bayswater",51.5171,-0.18377,2,1,1,20,18,0
2026-08-17 02:00:00+00:00,BikePoints_593,"Northdown Street, King's Cross",51.531066,-0.11934,9,1,8,21,8,4
2026-08-17 02:00:00+00:00,BikePoints_594,"Kingsway Southbound, Strand",51.513875,-0.117774,0,0,0,33,32,1
2026-08-17 02:00:00+00:00,BikePoints_595,"Hammersmith Road, Hammersmith",51.493267,-0.21985,1,0,1,22,20,1
2026-08-17 02:00:00+00:00,BikePoints_596,"Parson's Green , Parson's Green",51.472817,-0.199783,8,1,7,21,13,0
2026-08-17 02:00:00+00:00,BikePoints_597,"Fulham Park Road, Fulham",51.473471,-0.20782,5,1,4,27,22,0
2026-08-17 02:00:00+00:00,BikePoints_598,"Southerton Road, Hammersmith",51.494499,-0.228188,22,2,20,38,14,2
2026-08-17 02:00:00+00:00,BikePoints_599,"Manbre Road, Hammersmith",51.485743,-0.223616,10,0,10,28,18,0
2026-08-17 02:00:00+00:00,BikePoints_600,"South Lambeth Road, Vauxhall",51.481747,-0.124642,16,4,12,21,0,5
2026-08-17 02:00:00+00:00,BikePoints_602,"Union Grove, Wandsworth Road",51.472993,-0.133972,31,1,30,45,13,1
2026-08-17 02:00:00+00:00,BikePoints_603,"Caldwell Street, Stockwell",51.477839,-0.116493,26,0,26,44,18,0
2026-08-17 02:00:00+00:00,BikePoints_604,"St Martins Close, Camden Town",51.538792,-0.138535,16,7,9,18,0,2
2026-08-17 02:00:00+00:00,BikePoints_605,"Seymour Place, Marylebone",51.520331,-0.163667,2,0,2,29,25,2
2026-08-17 02:00:00+00:00,BikePoints_606,"Addison Road, Holland Park",51.504199,-0.210941,4,0,4,26,21,1
2026-08-17 02:00:00+00:00,BikePoints_607,"Putney Bridge Station, Fulham",51.468814,-0.210279,9,1,8,21,12,0
2026-08-17 02:00:00+00:00,BikePoints_608,"Colet Gardens, Hammersmith",51.491093,-0.216493,5,1,4,30,25,0
2026-08-17 02:00:00+00:00,BikePoints_609,"Sugden Road, Clapham",51.465123,-0.157788,14,7,7,19,2,3
2026-08-17 02:00:00+00:00,BikePoints_610,"Danvers Street, West Chelsea",51.482567,-0.172078,5,1,4,21,14,2
2026-08-17 02:00:00+00:00,BikePoints_611,"Princedale Road , Holland Park",51.506465,-0.208486,11,2,9,20,5,4
2026-08-17 02:00:00+00:00,BikePoints_612,"Wandsworth Rd, Isley Court, Wandsworth Road",51.469259,-0.141812,24,3,21,30,6,0
2026-08-17 02:00:00+00:00,BikePoints_613,"Woodstock Grove, Shepherd's Bush",51.504038,-0.2174,1,1,0,24,21,2
2026-08-17 02:00:00+00:00,BikePoints_615,"Finlay Street, Fulham",51.476885,-0.215895,17,1,16,24,7,0
2026-08-17 02:00:00+00:00,BikePoints_616,"Aintree Street, Fulham",51.481021,-0.209973,14,6,8,24,8,2
2026-08-17 02:00:00+00:00,BikePoints_617,"Elysium Place, Fulham",51.471079,-0.207842,15,3,12,21,6,0
2026-08-17 02:00:00+00:00,BikePoints_618,"Eel Brook Common, Walham Green",51.476259,-0.193254,24,1,23,24,0,0
2026-08-17 02:00:00+00:00,BikePoints_619,"Irene Road, Parsons Green",51.473763,-0.19701,17,0,17,23,6,0
2026-08-17 02:00:00+00:00,BikePoints_620,"Surrey Lane, Battersea",51.47518,-0.16716,25,4,21,26,0,1
2026-08-17 02:00:00+00:00,BikePoints_621,"Wandsworth Town Station, Wandsworth",51.460864,-0.187427,30,1,29,33,0,3
2026-08-17 02:00:00+00:00,BikePoints_622,"Lansdowne Road, Ladbroke Grove",51.507481,-0.205535,19,3,16,29,10,0
2026-08-17 02:00:00+00:00,BikePoints_623,"Nantes Close, Wandsworth",51.46193,-0.180791,17,0,17,22,4,1
2026-08-17 02:00:00+00:00,BikePoints_624,"Courland Grove, Wandsworth Road",51.472918,-0.132102,37,1,36,40,0,3
2026-08-17 02:00:00+00:00,BikePoints_625,"Queen's Circus, Battersea Park",51.477619,-0.149551,23,3,20,28,5,0
2026-08-17 02:00:00+00:00,BikePoints_626,"Normand Park, West Kensington",51.484386,-0.204815,19,1,18,24,5,0
2026-08-17 02:00:00+00:00,BikePoints_627,"Holden Street, Battersea",51.46879,-0.15823,18,1,17,20,1,1
2026-08-17 02:00:00+00:00,BikePoints_628,"William Morris Way, Sands End",51.468819,-0.184318,25,2,23,26,1,0
2026-08-17 02:00:00+00:00,BikePoints_629,"Morie Street, Wandsworth",51.459953,-0.190184,25,2,23,28,0,3
2026-08-17 02:00:00+00:00,BikePoints_630,"Clarence Walk, Stockwell",51.470732,-0.126994,27,1,26,28,1,0
2026-08-17 02:00:00+00:00,BikePoints_631,"Battersea Park Road, Nine Elms",51.479501,-0.14177,3,3,0,27,21,3
2026-08-17 02:00:00+00:00,BikePoints_632,"Sheepcote Lane, Battersea",51.470538,-0.163041,26,0,26,28,1,1
2026-08-17 02:00:00+00:00,BikePoints_633,"Vereker Road, West Kensington",51.489591,-0.209378,7,1,6,32,24,1
2026-08-17 02:00:00+00:00,BikePoints_634,"Brook Green South, Brook Green",51.494347,-0.215804,2,0,2,33,30,1
2026-08-17 02:00:00+00:00,BikePoints_635,"Greyhound Road, Hammersmith",51.486062,-0.214428,24,5,19,37,12,1
2026-08-17 02:00:00+00:00,BikePoints_636,"South Park, Sands End",51.467064,-0.193502,23,2,21,28,4,1
2026-08-17 02:00:00+00:00,BikePoints_638,"Falcon Road, Clapham Junction",51.466633,-0.169821,17,2,15,28,9,2
2026-08-17 02:00:00+00:00,BikePoints_640,"Silverthorne Road, Battersea",51.472865,-0.148059,16,0,16,28,10,2
2026-08-17 02:00:00+00:00,BikePoints_641,"Archbishop's Park, Waterloo",51.498241,-0.117495,10,0,10,23,13,0
2026-08-17 02:00:00+00:00,BikePoints_642,"Fawcett Close, Battersea",51.469161,-0.174485,17,2,15,30,10,3
2026-08-17 02:00:00+00:00,BikePoints_643,"All Saints' Road, Portobello",51.519042,-0.204764,4,4,0,22,18,0
2026-08-17 02:00:00+00:00,BikePoints_644,"Rainville Road, Hammersmith",51.483732,-0.223852,3,0,3,36,31,2
2026-08-17 02:00:00+00:00,BikePoints_645,"Great Suffolk Street, The Borough",51.501732,-0.100292,3,1,2,21,14,4
2026-08-17 02:00:00+00:00,BikePoints_646,"Buckingham Gate, Westminster",51.498865,-0.137424,2,2,0,16,10,4
2026-08-17 02:00:00+00:00,BikePoints_647,"Richmond Way, Shepherd's Bush",51.500353,-0.217515,8,0,8,27,19,0
2026-08-17 02:00:00+00:00,BikePoints_648,"Peterborough Road, Sands End",51.46904,-0.196274,12,1,11,20,8,0
2026-08-17 02:00:00+00:00,BikePoints_649,"World's End Place, West Chelsea",51.481805,-0.180274,7,0,7,22,14,1
2026-08-17 02:00:00+00:00,BikePoints_650,"St. Mark's Road, North Kensington",51.51687,-0.213872,10,5,5,21,10,1
2026-08-17 02:00:00+00:00,BikePoints_651,"Thorndike Close, West Chelsea",51.480898,-0.183853,7,3,4,25,18,0
2026-08-17 02:00:00+00:00,BikePoints_652,"Evesham Street, Avondale",51.511486,-0.21819,7,1,6,20,13,0
2026-08-17 02:00:00+00:00,BikePoints_653,"Simpson Street, Clapham Junction",51.470847,-0.170703,24,3,21,25,1,0
2026-08-17 02:00:00+00:00,BikePoints_654,"Ashmole Estate, Oval",51.482678,-0.117661,20,1,19,34,13,1
2026-08-17 02:00:00+00:00,BikePoints_655,"Crabtree Lane, Fulham",51.482944,-0.219346,22,2,20,27,4,1
2026-08-17 02:00:00+00:00,BikePoints_656,"Broomhouse Lane, Parsons Green",51.468418,-0.199135,21,1,20,29,8,0
2026-08-17 02:00:00+00:00,BikePoints_657,"Blythe Road West, Shepherd's Bush",51.49968,-0.221791,4,0,4,21,17,0
2026-08-17 02:00:00+00:00,BikePoints_658,"Ethelburga Estate, Battersea Park",51.477292,-0.164786,20,6,14,30,9,1
2026-08-17 02:00:00+00:00,BikePoints_659,"Blackfriars Station, St. Paul's",51.511934,-0.103078,6,0,6,35,27,2
2026-08-17 02:00:00+00:00,BikePoints_660,"West Kensington Station, West Kensington",51.49087,-0.206029,14,2,12,22,6,2
2026-08-17 02:00:00+00:00,BikePoints_661,"All Saints Church, Portobello",51.51632,-0.202608,8,2,6,37,28,1
2026-08-17 02:00:00+00:00,BikePoints_662,"Phene Street, Chelsea",51.484984,-0.167919,3,1,2,24,20,1
2026-08-17 02:00:00+00:00,BikePoints_663,"Clarendon Road, Avondale",51.51323,-0.211593,5,2,3,24,17,2
2026-08-17 02:00:00+00:00,BikePoints_664,"Austin Road, Battersea Park",51.474376,-0.155442,20,1,19,24,3,1
2026-08-17 02:00:00+00:00,BikePoints_665,"Smugglers Way, Wandsworth",51.461083,-0.191722,26,2,24,27,1,0
2026-08-17 02:00:00+00:00,BikePoints_666,"Harris Academy, Bermondsey",51.492668,-0.07235,15,4,11,18,1,2
2026-08-17 02:00:00+00:00,BikePoints_667,"Shepherd's Bush Road North, Shepherd's Bush",51.501594,-0.222293,28,1,27,34,2,4
2026-08-17 02:00:00+00:00,BikePoints_668,"Ravenscourt Park Station, Hammersmith",51.494223,-0.236769,13,4,9,26,10,3
2026-08-17 02:00:00+00:00,BikePoints_669,"Teversham Lane, Stockwell",51.476149,-0.123258,26,5,21,39,12,1
2026-08-17 02:00:00+00:00,BikePoints_670,"Ashley Crescent, Battersea",51.467185,-0.152248,23,7,16,28,2,3
2026-08-17 02:00:00+00:00,BikePoints_671,"Parsons Green Station, Parsons Green",51.475089,-0.201968,33,3,30,56,21,2
2026-08-17 02:00:00+00:00,BikePoints_672,"Chicheley Street, South Bank",51.502698,-0.116747,9,4,5,24,14,1
2026-08-17 02:00:00+00:00,BikePoints_673,"Hibbert Street, Battersea",51.46517,-0.180389,32,1,31,36,4,0
2026-08-17 02:00:00+00:00,BikePoints_674,"Carnegie Street, King's Cross",51.535467,-0.116191,14,2,12,40,24,2
2026-08-17 02:00:00+00:00,BikePoints_675,"Usk Road, Clapham Junction",51.463489,-0.182126,22,0,22,30,6,2
2026-08-17 02:00:00+00:00,BikePoints_676,"Hartington Road, Stockwell",51.47787,-0.126874,30,2,28,35,5,0
2026-08-17 02:00:00+00:00,BikePoints_677,"Heath Road, Battersea",51.468669,-0.146544,23,2,21,27,4,0
2026-08-17 02:00:00+00:00,BikePoints_678,"Esmond Street, Putney",51.462312,-0.211468,27,5,22,30,1,2
2026-08-17 02:00:00+00:00,BikePoints_679,"Orbel Street, Battersea",51.474535,-0.17021,20,2,18,26,6,0
2026-08-17 02:00:00+00:00,BikePoints_680,"Westbridge Road, Battersea",51.477684,-0.170329,25,4,21,28,0,3
2026-08-17 02:00:00+00:00,BikePoints_681,"Bishop's Avenue, Fulham",51.473036,-0.214749,23,1,22,46,21,2
2026-08-17 02:00:00+00:00,BikePoints_682,"Crisp Road, Hammersmith",51.488108,-0.226606,24,0,24,46,21,1
2026-08-17 02:00:00+00:00,BikePoints_683,"Dorothy Road, Clapham Junction",51.465064,-0.16375,14,1,13,28,13,1
2026-08-17 02:00:00+00:00,BikePoints_684,"Neville Gill Close, Wandsworth",51.454752,-0.195197,30,1,29,32,0,2
2026-08-17 02:00:00+00:00,BikePoints_685,"Osiers Road, Wandsworth",51.46067,-0.198735,14,3,11,30,13,3
2026-08-17 02:00:00+00:00,BikePoints_686,"Beryl Road, Hammersmith",51.488144,-0.222456,8,0,8,26,18,0
2026-08-17 02:00:00+00:00,BikePoints_687,"Clements Road, Bermondsey",51.4954,-0.061698,10,1,9,23,10,3
2026-08-17 02:00:00+00:00,BikePoints_688,"Northfields, Wandsworth",51.460951,-0.200667,22,1,21,28,6,0
2026-08-17 02:00:00+00:00,BikePoints_689,"Spanish Road, Clapham Junction",51.459225,-0.180884,18,4,14,30,12,0
2026-08-17 02:00:00+00:00,BikePoints_690,"Stanley Grove, Battersea",51.470475,-0.15213,21,2,19,24,2,1
2026-08-17 02:00:00+00:00,BikePoints_691,"Erin Close, Walham Green",51.479463,-0.195777,16,1,15,24,8,0
2026-08-17 02:00:00+00:00,BikePoints_692,"Cadogan Close, Victoria Park",51.542118,-0.028941,13,3,10,22,6,3
2026-08-17 02:00:00+00:00,BikePoints_693,"Felsham Road, Putney",51.464786,-0.215618,16,1,15,18,1,1
2026-08-17 02:00:00+00:00,BikePoints_694,"Putney Rail Station, Putney",51.460717,-0.216526,17,6,11,20,2,1
2026-08-17 02:00:00+00:00,BikePoints_695,"Islington Green, Angel",51.536384,-0.102757,9,1,8,21,8,4
2026-08-17 02:00:00+00:00,BikePoints_696,"Charing Cross Hospital, Hammersmith",51.487285,-0.217995,18,2,16,21,3,0
2026-08-17 02:00:00+00:00,BikePoints_697,"Charlotte Terrace, Angel",51.536392,-0.112721,15,7,8,25,8,2
2026-08-17 02:00:00+00:00,BikePoints_698,"Shoreditch Court, Haggerston",51.539083,-0.070329,21,8,13,35,13,1
2026-08-17 02:00:00+00:00,BikePoints_699,"Belford House, Haggerston",51.536654,-0.07023,15,2,13,39,24,0
2026-08-17 02:00:00+00:00,BikePoints_700,"Battersea Church Road, Battersea",51.476964,-0.174347,22,8,14,25,1,2
2026-08-17 02:00:00+00:00,BikePoints_701,"Vicarage Crescent, Battersea",51.472876,-0.176267,20,3,17,30,10,0
2026-08-17 02:00:00+00:00,BikePoints_702,"Durant Street, Bethnal Green",51.528681,-0.06555,15,3,12,24,9,0
2026-08-17 02:00:00+00:00,BikePoints_703,"St. Bride Street, Holborn",51.514665,-0.104583,2,1,1,24,19,3
2026-08-17 02:00:00+00:00,BikePoints_704,"Mexfield Road, East Putney",51.45682,-0.202802,4,4,0,18,11,3
2026-08-17 02:00:00+00:00,BikePoints_705,"Upper Richmond Road, Putney",51.459715,-0.212145,23,6,17,25,0,2
2026-08-17 02:00:00+00:00,BikePoints_706,"Snowsfields, London Bridge",51.502153,-0.083632,2,1,1,31,27,2
2026-08-17 02:00:00+00:00,BikePoints_707,"Barons Court Station, West Kensington",51.490217,-0.215087,26,0,26,32,5,1
2026-08-17 02:00:00+00:00,BikePoints_708,"Disraeli Road, Putney",51.46161,-0.216145,29,0,29,33,3,1
2026-08-17 02:00:00+00:00,BikePoints_709,"Montserrat Road , Putney",51.463211,-0.21555,23,0,23,23,0,0
2026-08-17 02:00:00+00:00,BikePoints_710,"Albert Bridge Road, Battersea Park",51.474392,-0.163347,18,1,17,20,0,2
2026-08-17 02:00:00+00:00,BikePoints_711,"Everington Street, Fulham",51.483356,-0.216305,8,3,5,31,21,2
2026-08-17 02:00:00+00:00,BikePoints_712,"Mile End Stadium, Mile End",51.518541,-0.034903,17,0,17,22,5,0
2026-08-17 02:00:00+00:00,BikePoints_713,"Hawley Crescent, Camden Town",51.541007,-0.14326,19,4,15,22,2,1
2026-08-17 02:00:00+00:00,BikePoints_714,"Stewart's Road, Wandsworth Road",51.473116,-0.137235,24,0,24,28,4,0
2026-08-17 02:00:00+00:00,BikePoints_715,"Aylward Street, Stepney",51.51563,-0.049067,12,2,10,22,9,1
2026-08-17 02:00:00+00:00,BikePoints_716,"Stainsby Road , Poplar",51.515427,-0.023565,12,2,10,24,11,1
2026-08-17 02:00:00+00:00,BikePoints_717,"Dunston Road , Haggerston",51.536585,-0.075885,34,8,26,43,9,0
2026-08-17 02:00:00+00:00,BikePoints_718,"Ada Street, Hackney Central",51.535716,-0.060291,31,5,26,45,14,0
2026-08-17 02:00:00+00:00,BikePoints_719,"Victoria Park Road, Hackney Central",51.536424,-0.054162,9,3,6,34,25,0
2026-08-17 02:00:00+00:00,BikePoints_720,"Star Road, West Kensington",51.487244,-0.205279,19,3,16,23,2,2
2026-08-17 02:00:00+00:00,BikePoints_721,"Wendon Street, Old Ford",51.536039,-0.026262,11,3,8,18,4,3
2026-08-17 02:00:00+00:00,BikePoints_722,"Finnis Street, Bethnal Green",51.524583,-0.058631,5,2,3,19,14,0
2026-08-17 02:00:00+00:00,BikePoints_723,"Stephendale Road, Sands End",51.46822,-0.190346,46,1,45,48,0,2
2026-08-17 02:00:00+00:00,BikePoints_724,"Alma Road, Wandsworth",51.457991,-0.184806,21,6,15,28,6,1
2026-08-17 02:00:00+00:00,BikePoints_725,"Walworth Square, Walworth",51.491327,-0.096518,23,2,21,24,0,1
2026-08-17 02:00:00+00:00,BikePoints_726,"Alfreda Street, Battersea Park",51.47505,-0.150908,19,2,17,22,2,1
2026-08-17 02:00:00+00:00,BikePoints_727,"Chesilton Road, Fulham",51.475698,-0.205876,14,4,10,23,7,2
2026-08-17 02:00:00+00:00,BikePoints_728,"Putney Bridge Road, East Putney",51.461999,-0.20624,28,6,22,29,0,1
2026-08-17 02:00:00+00:00,BikePoints_729,"St. Peter's Terrace, Fulham",51.478939,-0.208485,17,1,16,24,6,1
2026-08-17 02:00:00+00:00,BikePoints_730,"Bridge Avenue, Hammersmith",51.492084,-0.229116,12,1,11,18,6,0
2026-08-17 02:00:00+00:00,BikePoints_731,"Michael Road, Walham Green",51.477276,-0.18921,13,0,13,37,22,2
2026-08-17 02:00:00+00:00,BikePoints_732,"Duke Street Hill, London Bridge",51.506304,-0.087262,0,0,0,21,15,6
2026-08-17 02:00:00+00:00,BikePoints_733,"Park Lane, Mayfair",51.505426,-0.150817,0,0,0,18,17,1
2026-08-17 02:00:00+00:00,BikePoints_734,"Plough Terrace, Clapham Junction",51.462305,-0.175407,26,1,25,31,4,1
2026-08-17 02:00:00+00:00,BikePoints_735,"Grant Road East, Clapham Junction",51.464894,-0.173029,15,0,15,28,10,3
2026-08-17 02:00:00+00:00,BikePoints_736,"Queensdale Road, Shepherd's Bush",51.50659,-0.216104,7,1,6,28,21,0
2026-08-17 02:00:00+00:00,BikePoints_737,"Fulham Broadway, Walham Green",51.479932,-0.194116,11,3,8,26,14,1
2026-08-17 02:00:00+00:00,BikePoints_738,"Imperial Road, Sands End",51.475142,-0.187278,18,2,16,37,19,0
2026-08-17 02:00:00+00:00,BikePoints_739,"Hortensia Road, West Brompton",51.481765,-0.185273,13,2,11,28,15,0
2026-08-17 02:00:00+00:00,BikePoints_740,"Sirdar Road, Avondale",51.510928,-0.214594,8,1,7,20,12,0
2026-08-17 02:00:00+00:00,BikePoints_741,"Freston Road, Avondale",51.512981,-0.219486,15,0,15,23,5,3
2026-08-17 02:00:00+00:00,BikePoints_742,"Blenheim Crescent, Ladbroke Grove",51.515108,-0.208565,5,2,3,22,16,1
2026-08-17 02:00:00+00:00,BikePoints_743,"Oxford Road, Putney",51.460792,-0.212607,18,6,12,20,0,2
2026-08-17 02:00:00+00:00,BikePoints_744,"Ingrave Street, Clapham Junction",51.467454,-0.172293,29,2,27,30,1,0
2026-08-17 02:00:00+00:00,BikePoints_745,"Upcerne Road, West Chelsea",51.478169,-0.182435,7,3,4,29,20,2
2026-08-17 02:00:00+00:00,BikePoints_746,"Lots Road, West Chelsea",51.479573,-0.179038,11,1,10,24,13,0
2026-08-17 02:00:00+00:00,BikePoints_747,"Ormonde Gate, Chelsea",51.487964,-0.161765,17,3,14,24,5,2
2026-08-17 02:00:00+00:00,BikePoints_748,"Hertford Road, De Beauvoir Town",51.537277,-0.079201,23,0,23,25,0,2
2026-08-17 02:00:00+00:00,BikePoints_749,"Haggerston Road, Haggerston",51.539328,-0.074284,24,4,20,37,11,2
2026-08-17 02:00:00+00:00,BikePoints_750,"Culvert Road, Battersea",51.471095,-0.15785,18,2,16,27,9,0
2026-08-17 02:00:00+00:00,BikePoints_751,"Newton Street, Covent Garden",51.516128,-0.120909,0,0,0,24,24,0
2026-08-17 02:00:00+00:00,BikePoints_752,"London Street, Paddington",51.515117,-0.173712,3,0,3,19,16,0
2026-08-17 02:00:00+00:00,BikePoints_753,"Clapham South, Clapham South",51.452997,-0.148651,18,4,14,28,10,0
2026-08-17 02:00:00+00:00,BikePoints_754,"Grenfell Road, Avondale",51.5129,-0.214762,7,2,5,24,16,1
2026-08-17 02:00:00+00:00,BikePoints_755,"The Vale, Chelsea",51.485121,-0.174971,2,1,1,24,21,1
2026-08-17 02:00:00+00:00,BikePoints_756,"Prince of Wales Drive, Battersea Park",51.475153,-0.159169,19,3,16,21,0,2
2026-08-17 02:00:00+00:00,BikePoints_757,"Harcourt Terrace, West Brompton",51.487958,-0.187404,21,2,19,24,1,2
2026-08-17 02:00:00+00:00,BikePoints_758,"Westbourne Park Road, Portobello",51.51787,-0.201005,13,2,11,23,10,0
2026-08-17 02:00:00+00:00,BikePoints_759,"Broadley Terrace, Marylebone",51.524561,-0.165668,3,2,1,18,15,0
2026-08-17 02:00:00+00:00,BikePoints_760,"Elgin Avenue, Maida Hill",51.524309,-0.201234,14,6,8,18,3,1
2026-08-17 02:00:00+00:00,BikePoints_761,"Humbolt Road, Fulham",51.483217,-0.21186,25,1,24,26,1,0
2026-08-17 02:00:00+00:00,BikePoints_762,"Storey's Gate, Westminster",51.500703,-0.129698,1,1,0,21,18,2
2026-08-17 02:00:00+00:00,BikePoints_763,"Mile End Park Leisure Centre, Mile End",51.520597,-0.032566,29,7,22,47,15,3
2026-08-17 02:00:00+00:00,BikePoints_764,"St. John's Road, Clapham Junction",51.462392,-0.168292,29,1,28,33,4,0
2026-08-17 02:00:00+00:00,BikePoints_765,"Ranelagh Gardens, Fulham",51.467601,-0.206827,24,4,20,29,2,3
2026-08-17 02:00:00+00:00,BikePoints_766,"Ram Street, Wandsworth",51.457529,-0.192165,17,1,16,25,6,2
2026-08-17 02:00:00+00:00,BikePoints_767,"Santos Road, Wandsworth",51.457059,-0.200806,25,0,25,30,5,0
2026-08-17 02:00:00+00:00,BikePoints_768,"Clapham Common North Side, Clapham Common",51.461343,-0.159322,23,3,20,37,14,0
2026-08-17 02:00:00+00:00,BikePoints_769,"Sandilands Road, Walham Green",51.473611,-0.191803,12,1,11,21,9,0
2026-08-17 02:00:00+00:00,BikePoints_770,"Gwendwr Road, West Kensington",51.491026,-0.209121,28,1,27,30,2,0
2026-08-17 02:00:00+00:00,BikePoints_771,"Rifle Place, Avondale",51.509224,-0.216016,15,1,14,21,6,0
2026-08-17 02:00:00+00:00,BikePoints_772,"Binfield Road, Stockwell",51.472509,-0.122831,34,4,30,35,0,1
2026-08-17 02:00:00+00:00,BikePoints_773,"Tallis Street, Temple",51.511891,-0.107349,0,0,0,24,22,2
2026-08-17 02:00:00+00:00,BikePoints_774,"Hurlingham Park, Parsons Green",51.470131,-0.20464,15,0,15,20,5,0
2026-08-17 02:00:00+00:00,BikePoints_775,"Little Brook Green, Brook Green",51.496664,-0.223868,16,0,16,33,16,1
2026-08-17 02:00:00+00:00,BikePoints_776,"Adeline Place, Bloomsbury",51.517632,-0.129985,0,0,0,22,22,0
2026-08-17 02:00:00+00:00,BikePoints_779,"Houndsditch, Aldgate",51.514449,-0.077178,2,2,0,28,25,1
2026-08-17 02:00:00+00:00,BikePoints_780,"Imperial Wharf Station, Sands End",51.474665,-0.183165,23,1,22,25,0,2
2026-08-17 02:00:00+00:00,BikePoints_782,"Halford Road, West Kensington",51.483911,-0.197609,20,1,19,24,4,0
2026-08-17 02:00:00+00:00,BikePoints_783,"Monier Road, Hackney Wick",51.540311,-0.02163,25,7,18,27,0,2
2026-08-17 02:00:00+00:00,BikePoints_784,"East Village, Queen Elizabeth Olympic Park",51.546326,-0.009935,12,4,8,34,22,0
2026-08-17 02:00:00+00:00,BikePoints_785,"Aquatic Centre, Queen Elizabeth Olympic Park",51.541482,-0.010437,11,2,9,30,13,6
2026-08-17 02:00:00+00:00,BikePoints_786,"Lee Valley VeloPark, Queen Elizabeth Olympic Park",51.549369,-0.015717,30,8,22,44,12,2
2026-08-17 02:00:00+00:00,BikePoints_787,"Timber Lodge, Queen Elizabeth Olympic Park",51.546805,-0.014691,16,1,15,35,15,4
2026-08-17 02:00:00+00:00,BikePoints_788,"Copper Box Arena, Queen Elizabeth Olympic Park",51.544909,-0.020542,12,2,10,31,14,5
2026-08-17 02:00:00+00:00,BikePoints_789,"Podium, Queen Elizabeth Olympic Park",51.538718,-0.011889,21,9,12,40,8,11
2026-08-17 02:00:00+00:00,BikePoints_790,"Stratford Station, Stratford",51.541793,-0.00481,16,0,16,28,7,5
2026-08-17 02:00:00+00:00,BikePoints_792,"Blackfriars Road, Southwark",51.505461,-0.10454,2,0,2,42,39,1
2026-08-17 02:00:00+00:00,BikePoints_793,"Cromer Street, Bloomsbury",51.528279,-0.119558,20,1,19,28,7,1
2026-08-17 02:00:00+00:00,BikePoints_795,"Euston Square Gardens, Euston",51.527068,-0.131861,0,0,0,30,29,1
2026-08-17 02:00:00+00:00,BikePoints_796,"Coram Street, Bloomsbury",51.524,-0.126409,10,1,9,29,18,1
2026-08-17 02:00:00+00:00,BikePoints_797,"Ossulston Street, Somers Town",51.5293,-0.128279,14,0,14,30,12,4
2026-08-17 02:00:00+00:00,BikePoints_798,"Birkenhead Street, King's Cross",51.530199,-0.122299,14,5,9,27,9,4
2026-08-17 02:00:00+00:00,BikePoints_799,"Kings Gate House, Westminster",51.497698,-0.137598,0,0,0,24,23,1
2026-08-17 02:00:00+00:00,BikePoints_800,"Sopwith Way, Battersea Park",51.481121,-0.149035,14,1,13,30,14,2
2026-08-17 02:00:00+00:00,BikePoints_801,"Lavington Street, Bankside",51.505224,-0.098031,4,0,4,29,22,3
2026-08-17 02:00:00+00:00,BikePoints_802,"Albert Square, Stockwell",51.47659,-0.118256,30,5,25,32,2,0
2026-08-17 02:00:00+00:00,BikePoints_803,"Southwark Street, Bankside",51.505409,-0.098341,5,0,5,23,18,0
2026-08-17 02:00:00+00:00,BikePoints_804,"Good's Way, King's Cross",51.534667,-0.125078,0,0,0,27,23,4
2026-08-17 02:00:00+00:00,BikePoints_805,"The Metropolitan, Portobello",51.520509,-0.200804,2,0,2,18,15,1
2026-08-17 02:00:00+00:00,BikePoints_807,"Bevington Road West, North Kensington",51.5212,-0.208888,10,2,8,24,11,3
2026-08-17 02:00:00+00:00,BikePoints_808,"Gauden Road, Clapham",51.464995,-0.130908,26,1,25,28,0,2
2026-08-17 02:00:00+00:00,BikePoints_809,"Lincoln's Inn Fields, Holborn",51.516277,-0.118272,0,0,0,28,28,0
2026-08-17 02:00:00+00:00,BikePoints_810,"Tate Modern, Bankside",51.506725,-0.098807,12,0,12,30,15,3
2026-08-17 02:00:00+00:00,BikePoints_811,"Westferry Circus, Canary Wharf",51.505703,-0.027772,16,5,11,36,14,6
2026-08-17 02:00:00+00:00,BikePoints_812,"Here East North, Queen Elizabeth Olympic Park",51.548731,-0.022606,15,0,15,28,12,1
2026-08-17 02:00:00+00:00,BikePoints_813,"New Spring Gardens Walk, Vauxhall",51.487807,-0.122759,6,0,6,33,26,1
2026-08-17 02:00:00+00:00,BikePoints_814,"Clapham Road, Lingham Street, Stockwell",51.471433,-0.12367,29,2,27,30,0,1
2026-08-17 02:00:00+00:00,BikePoints_815,"Lambeth Palace Road, Waterloo",51.500089,-0.116628,15,4,11,35,18,2
2026-08-17 02:00:00+00:00,BikePoints_816,"Here East South, Queen Elizabeth Olympic Park",51.546532,-0.020597,9,1,8,20,11,0
2026-08-17 02:00:00+00:00,BikePoints_818,"Westminster Pier, Westminster",51.501513,-0.123823,13,0,13,27,14,0
2026-08-17 02:00:00+00:00,BikePoints_819,"Belvedere Road 2, South Bank",51.50621,-0.114842,6,1,5,38,31,1
2026-08-17 02:00:00+00:00,BikePoints_820,"Victory Place, Walworth",51.492807,-0.091938,18,4,14,24,6,0
2026-08-17 02:00:00+00:00,BikePoints_821,"Battersea Power Station, Battersea Park",51.483507,-0.147714,6,0,6,27,15,6
2026-08-17 02:00:00+00:00,BikePoints_826,"Allington Street, Victoria",51.496863,-0.142943,0,0,0,28,26,2
2026-08-17 02:00:00+00:00,BikePoints_827,"Cranmer Road, Stockwell",51.479601,-0.111471,22,4,18,24,2,0
2026-08-17 02:00:00+00:00,BikePoints_828,"Normandy Road, Stockwell",51.473874,-0.11258,18,1,17,32,13,1
2026-08-17 02:00:00+00:00,BikePoints_829,"Wynne Road, Stockwell",51.469217,-0.112686,17,1,16,25,7,1
2026-08-17 02:00:00+00:00,BikePoints_830,"Sidney Road, Stockwell",51.469202,-0.119022,15,3,12,27,11,1
2026-08-17 02:00:00+00:00,BikePoints_831,"St John's Crescent, Brixton",51.466232,-0.113179,17,3,14,25,8,0
2026-08-17 02:00:00+00:00,BikePoints_832,"Ferndale Road, Brixton",51.464019,-0.115781,22,3,19,30,6,2
2026-08-17 02:00:00+00:00,BikePoints_833,"Saltoun Road, Brixton",51.460232,-0.115375,32,2,30,42,8,2
2026-08-17 02:00:00+00:00,BikePoints_834,"Gas Holders, Battersea Park",51.477966,-0.147857,16,4,12,26,7,3
2026-08-17 02:00:00+00:00,BikePoints_835,"Farringdon Street, Holborn",51.516785,-0.104947,0,0,0,25,25,0
2026-08-17 02:00:00+00:00,BikePoints_836,"York Way, Kings Cross",51.541596,-0.125441,8,3,5,24,14,2
2026-08-17 02:00:00+00:00,BikePoints_838,"Fore Street, Guildhall",51.518093,-0.091401,1,0,1,25,23,1
2026-08-17 02:00:00+00:00,BikePoints_839,"Sea Containers, South Bank",51.508033,-0.106823,1,0,1,30,28,1
2026-08-17 02:00:00+00:00,BikePoints_840,"George Row, Bermondsey",51.498585,-0.068981,16,1,15,22,3,3
2026-08-17 02:00:00+00:00,BikePoints_841,"Tower Wharf, Bermondsey",51.500845,-0.074704,12,1,11,20,5,3
2026-08-17 02:00:00+00:00,BikePoints_842,"Temple Gardens, Temple",51.510981,-0.108322,0,0,0,24,23,1
2026-08-17 02:00:00+00:00,BikePoints_844,"Canada Water Station, Rotherhithe",51.498439,-0.04915,30,4,26,35,1,4
2026-08-17 02:00:00+00:00,BikePoints_845,"Bermondsey Station, Bermondsey",51.497995,-0.063471,25,6,19,30,0,5
2026-08-17 02:00:00+00:00,BikePoints_846,"Burgess Park Albany Road, Walworth",51.48224,-0.094284,26,4,22,30,0,4
2026-08-17 02:00:00+00:00,BikePoints_847,"South Bermondsey Station, Bermondsey",51.488067,-0.057774,22,4,18,24,2,0
2026-08-17 02:00:00+00:00,BikePoints_849,"Crimscott Street, Bermondsey",51.495598,-0.078893,15,3,12,19,3,1
2026-08-17 02:00:00+00:00,BikePoints_850,"Brandon Street, Walworth",51.489102,-0.091548,22,0,22,22,0,0
2026-08-17 02:00:00+00:00,BikePoints_851,"The Blue, Bermondsey",51.492221,-0.062513,21,4,17,22,0,1
2026-08-17 02:00:00+00:00,BikePoints_852,"Coomer Place, West Kensington",51.48357,-0.202038,23,1,22,27,3,1
2026-08-17 02:00:00+00:00,BikePoints_857,"Strand, Strand",51.512582,-0.115057,0,0,0,35,35,0
2026-08-17 02:00:00+00:00,BikePoints_864,"Abbey Orchard Street, Westminster",51.498125,-0.132102,3,1,2,29,25,1
2026-08-17 02:00:00+00:00,BikePoints_865,"Leonard Circus , Shoreditch",51.524696,-0.084439,3,2,1,43,38,2
2026-08-17 02:00:00+00:00,BikePoints_866,"Limburg Road, Clapham Junction",51.461923,-0.165297,19,3,16,21,1,1
2026-08-17 02:00:00+00:00,BikePoints_867,"Pritchard's Road, Bethnal Green",51.532091,-0.061419,15,5,10,30,12,3
2026-08-17 02:00:00+00:00,BikePoints_868,"Kennington Lane Rail Bridge, Vauxhall",51.486343,-0.122492,13,3,10,31,17,1
2026-08-17 02:00:00+00:00,BikePoints_869,"Albert Embankment, Vauxhall",51.490435,-0.122806,6,0,6,24,18,0
2026-08-17 02:00:00+00:00,BikePoints_870,"Lower Marsh, Waterloo",51.500139,-0.113935,0,0,0,17,17,0
2026-08-17 02:00:00+00:00,BikePoints_872,"Risinghill Street, Angel",51.533319,-0.111781,4,4,0,25,17,4
2026-08-17 02:00:00+00:00,BikePoints_873,"St. Pancras Way, Camden Town",51.537071,-0.13285,6,2,4,20,12,2
2026-08-17 02:00:00+00:00,BikePoints_874,"Handyside Street, King's Cross",51.53724,-0.124807,15,4,11,27,9,3
2026-08-17 02:00:00+00:00,BikePoints_875,"Victoria Rise, Clapham Common",51.461376,-0.147804,19,2,17,23,0,4
2026-08-17 02:00:00+00:00,BikePoints_876,"Old Quebec Street, Marylebone",51.514577,-0.158264,4,2,2,16,11,1
2026-08-17 02:00:00+00:00,BikePoints_877,"Spencer Park, Wandsworth Common",51.45787,-0.174691,15,1,14,25,10,0
2026-08-17 02:00:00+00:00,BikePoints_878,"Victoria & Albert Museum, South Kensington",51.495898,-0.173009,2,0,2,30,28,0
2026-08-17 02:00:00+00:00,BikePoints_879,"BBC White City, White City",51.514767,-0.225786,10,2,8,36,25,1
2026-08-17 02:00:00+00:00,BikePoints_881,"Albany Street, The Regent's Park",51.528302,-0.144465,6,0,6,27,19,2
2026-08-17 02:00:00+00:00,BikePoints_882,"Maplin Street, Mile End",51.525501,-0.032267,19,0,19,39,18,2
2026-08-17 02:00:00+00:00,BikePoints_883,"London Fields, Hackney Central",51.54119,-0.058826,10,1,9,21,4,7
2026-08-17 02:00:00+00:00,BikePoints_884,"Westfield Ariel Way, White City",51.509158,-0.224103,31,0,31,42,6,5
2026-08-17 02:00:00+00:00,BikePoints_885,"Gloucester Avenue, Camden Town",51.537349,-0.147154,9,5,4,24,13,2
2026-08-17 02:00:00+00:00,BikePoints_887,"London Zoo Car Park, The Regent's Park",51.536922,-0.150181,5,0,5,36,30,1
2026-08-17 02:00:00+00:00,BikePoints_888,"Norton Folgate, Liverpool Street",51.521113,-0.078869,1,0,1,23,19,3
2026-08-17 02:00:00+00:00,BikePoints_889,"Horse Guards Avenue, Westminster",51.505031,-0.123,5,0,5,29,22,2
2026-08-17 02:00:00+00:00,BikePoints_890,"Burdett Road, Mile End",51.516196,-0.029137,22,3,19,33,4,7
2026-08-17 03:00:00+00:00,BikePoints_1,"River Street , Clerkenwell",51.529163,-0.10997,3,3,0,19,14,2
2026-08-17 03:00:00+00:00,BikePoints_2,"Phillimore Gardens, Kensington",51.499606,-0.197574,10,0,10,37,26,1
2026-08-17 03:00:00+00:00,BikePoints_3,"Christopher Street, Liverpool Street",51.521283,-0.084605,0,0,0,32,32,0
2026-08-17 03:00:00+00:00,BikePoints_4,"St. Chad's Street, King's Cross",51.530059,-0.120973,22,1,21,23,0,1
2026-08-17 03:00:00+00:00,BikePoints_5,"Sedding Street, Sloane Square",51.49313,-0.156876,0,0,0,27,25,2
2026-08-17 03:00:00+00:00,BikePoints_6,"Broadcasting House, Marylebone",51.518117,-0.144228,2,2,0,18,11,5
2026-08-17 03:00:00+00:00,BikePoints_7,"Charlbert Street, St. John's Wood",51.5343,-0.168074,5,0,5,16,5,6
2026-08-17 03:00:00+00:00,BikePoints_8,"Maida Vale, Maida Vale",51.529857,-0.183486,31,7,24,39,1,7
2026-08-17 03:00:00+00:00,BikePoints_9,"New Globe Walk, Bankside",51.507385,-0.09644,8,0,8,19,11,0
2026-08-17 03:00:00+00:00,BikePoints_10,"Park Street, Bankside",51.505974,-0.092754,6,1,5,18,12,0
2026-08-17 03:00:00+00:00,BikePoints_11,"Brunswick Square, Bloomsbury",51.523951,-0.122502,6,4,2,24,17,1
2026-08-17 03:00:00+00:00,BikePoints_12,"Malet Street, Bloomsbury",51.52168,-0.130431,14,3,11,49,35,0
2026-08-17 03:00:00+00:00,BikePoints_13,"Scala Street, Fitzrovia",51.519914,-0.136039,2,0,2,21,19,0
2026-08-17 03:00:00+00:00,BikePoints_14,"Argyle Street, Kings Cross",51.529416,-0.123944,17,0,17,45,25,3
2026-08-17 03:00:00+00:00,BikePoints_15,"Great Russell Street, Bloomsbury",51.517727,-0.127854,1,1,0,26,25,0
2026-08-17 03:00:00+00:00,BikePoints_16,"Cartwright Gardens , Bloomsbury",51.526357,-0.125979,2,1,1,21,19,0
2026-08-17 03:00:00+00:00,BikePoints_17,"Hatton Wall, Holborn",51.521661,-0.109006,4,2,2,26,20,2
2026-08-17 03:00:00+00:00,BikePoints_18,"Drury Lane, Covent Garden",51.51477,-0.122219,0,0,0,27,24,3
2026-08-17 03:00:00+00:00,BikePoints_19,"Taviton Street, Bloomsbury",51.52505,-0.131161,6,0,6,30,24,0
2026-08-17 03:00:00+00:00,BikePoints_20,"Drummond Street , Euston",51.527326,-0.136052,25,0,25,28,1,2
2026-08-17 03:00:00+00:00,BikePoints_21,"Lansdowne Drive, Hackney Central",51.539834,-0.062806,14,7,7,26,11,1
2026-08-17 03:00:00+00:00,BikePoints_22,"Northington Street , Holborn",51.522264,-0.114079,7,1,6,19,12,0
2026-08-17 03:00:00+00:00,BikePoints_23,"Red Lion Square, Holborn",51.519435,-0.119123,2,1,1,16,13,1
2026-08-17 03:00:00+00:00,BikePoints_24,"British Museum, Bloomsbury",51.51908,-0.124678,0,0,0,35,35,0
2026-08-17 03:00:00+00:00,BikePoints_25,"Doric Way , Somers Town",51.528833,-0.13225,23,0,23,50,25,2
2026-08-17 03:00:00+00:00,BikePoints_26,"Ampton Street , Clerkenwell",51.52728,-0.118295,11,2,9,21,9,1
2026-08-17 03:00:00+00:00,BikePoints_28,"Bolsover Street, Fitzrovia",51.523518,-0.143613,9,3,6,19,10,0
2026-08-17 03:00:00+00:00,BikePoints_29,"Hereford Road, Bayswater",51.513735,-0.193487,16,3,13,22,5,1
2026-08-17 03:00:00+00:00,BikePoints_30,"Windsor Terrace, Hoxton",51.529154,-0.093421,17,0,17,24,5,2
2026-08-17 03:00:00+00:00,BikePoints_31,"Fanshaw Street, Hoxton",51.529537,-0.083353,29,1,28,36,6,1
2026-08-17 03:00:00+00:00,BikePoints_33,"Central House, Aldgate",51.515231,-0.07015,0,0,0,24,23,1
2026-08-17 03:00:00+00:00,BikePoints_34,"Pancras Road, King's Cross",51.534123,-0.129386,3,1,2,16,11,2
2026-08-17 03:00:00+00:00,BikePoints_36,"De Vere Gardens, Kensington",51.501737,-0.18498,2,0,2,28,25,1
2026-08-17 03:00:00+00:00,BikePoints_37,"Penywern Road, Earl's Court",51.491593,-0.192369,0,0,0,17,15,2
2026-08-17 03:00:00+00:00,BikePoints_38,"Abingdon Villas, Kensington",51.497387,-0.197245,8,1,7,17,8,1
2026-08-17 03:00:00+00:00,BikePoints_39,"Shoreditch High Street, Shoreditch",51.526377,-0.07813,23,7,16,41,17,1
2026-08-17 03:00:00+00:00,BikePoints_40,"Commercial Street, Shoreditch",51.52127,-0.075578,2,2,0,16,13,1
2026-08-17 03:00:00+00:00,BikePoints_41,"Pindar Street, Liverpool Street",51.520955,-0.083493,0,0,0,24,23,1
2026-08-17 03:00:00+00:00,BikePoints_42,"Wenlock Road , Hoxton",51.530991,-0.093903,11,1,10,28,17,0
2026-08-17 03:00:00+00:00,BikePoints_43,"Crawford Street, Marylebone",51.52026,-0.157183,1,0,1,18,17,0
2026-08-17 03:00:00+00:00,BikePoints_44,"Bruton Street, Mayfair",51.510736,-0.144165,2,0,2,21,18,1
2026-08-17 03:00:00+00:00,BikePoints_45,"Boston Place, Marylebone",51.522511,-0.162298,1,1,0,26,24,1
2026-08-17 03:00:00+00:00,BikePoints_46,"Nesham Street, Wapping",51.507131,-0.06691,9,1,8,16,6,1
2026-08-17 03:00:00+00:00,BikePoints_47,"Warwick Avenue Station, Maida Vale",51.523344,-0.183846,14,2,12,19,1,4
2026-08-17 03:00:00+00:00,BikePoints_48,"Godliman Street, St. Paul's",51.512484,-0.099141,8,1,7,25,16,1
2026-08-17 03:00:00+00:00,BikePoints_49,"Curzon Street, Mayfair",51.507069,-0.145904,0,0,0,16,16,0
2026-08-17 03:00:00+00:00,BikePoints_50,"East Road, Hoxton",51.528673,-0.087459,11,2,9,27,15,1
2026-08-17 03:00:00+00:00,BikePoints_51,"Finsbury Library , Finsbury",51.526717,-0.104298,6,2,4,29,23,0
2026-08-17 03:00:00+00:00,BikePoints_52,"Roscoe Street, St. Luke's",51.522954,-0.094934,4,2,2,18,14,0
2026-08-17 03:00:00+00:00,BikePoints_53,"Grafton Street, Mayfair",51.509992,-0.143495,0,0,0,18,18,0
2026-08-17 03:00:00+00:00,BikePoints_54,"Golden Lane, Barbican",51.521747,-0.094475,1,0,1,27,22,4
2026-08-17 03:00:00+00:00,BikePoints_55,"Finsbury Circus, Liverpool Street",51.517075,-0.086685,0,0,0,33,32,1
2026-08-17 03:00:00+00:00,BikePoints_56,"Paddington Street, Marylebone",51.520583,-0.154701,10,2,8,16,4,2
2026-08-17 03:00:00+00:00,BikePoints_57,"Guilford Street , Bloomsbury",51.523346,-0.120202,8,2,6,32,24,0
2026-08-17 03:00:00+00:00,BikePoints_58,"New Inn Yard, Shoreditch",51.524526,-0.079248,3,1,2,20,13,4
2026-08-17 03:00:00+00:00,BikePoints_60,"Lisson Grove, St. John's Wood",51.526448,-0.17219,10,0,10,18,6,2
2026-08-17 03:00:00+00:00,BikePoints_61,"Great Dover Street, The Borough",51.497382,-0.089446,22,1,21,33,9,2
2026-08-17 03:00:00+00:00,BikePoints_62,"Cotton Garden Estate, Kennington",51.490757,-0.106323,18,4,14,24,6,0
2026-08-17 03:00:00+00:00,BikePoints_63,"Murray Grove , Hoxton",51.53089,-0.089782,18,2,16,27,7,2
2026-08-17 03:00:00+00:00,BikePoints_64,"William IV Street, Strand",51.509462,-0.124749,8,1,7,26,17,1
2026-08-17 03:00:00+00:00,BikePoints_65,"Gower Place , Euston",51.525227,-0.135188,1,0,1,17,16,0
2026-08-17 03:00:00+00:00,BikePoints_66,"Holborn Circus, Holborn",51.51795,-0.108657,1,0,1,40,37,2
2026-08-17 03:00:00+00:00,BikePoints_67,"Hatton Garden, Holborn",51.518825,-0.108028,0,0,0,28,27,1
2026-08-17 03:00:00+00:00,BikePoints_68,"Theobald's Road , Holborn",51.520596,-0.116688,2,0,2,26,23,1
2026-08-17 03:00:00+00:00,BikePoints_69,"Euston Road, Euston",51.526236,-0.134407,0,0,0,24,22,2
2026-08-17 03:00:00+00:00,BikePoints_70,"Calshot Street , King's Cross",51.53136,-0.117069,15,4,11,24,6,3
2026-08-17 03:00:00+00:00,BikePoints_71,"Newgate Street , St. Paul's",51.515768,-0.099894,0,0,0,35,32,3
2026-08-17 03:00:00+00:00,BikePoints_72,"Farringdon Lane, Clerkenwell",51.52352,-0.10834,3,0,3,16,12,1
2026-08-17 03:00:00+00:00,BikePoints_73,"Old Street Station, St. Luke's",51.525615,-0.088532,4,1,3,34,25,5
2026-08-17 03:00:00+00:00,BikePoints_74,"Vauxhall Cross, Vauxhall",51.485917,-0.124469,13,1,12,17,2,2
2026-08-17 03:00:00+00:00,BikePoints_75,"Torrens Street, Angel",51.532199,-0.10548,0,0,0,19,15,4
2026-08-17 03:00:00+00:00,BikePoints_76,"Longford Street, The Regent's Park",51.525595,-0.144083,1,0,1,21,18,2
2026-08-17 03:00:00+00:00,BikePoints_77,"Russell Square Station, Bloomsbury",51.523418,-0.124121,8,0,8,26,16,2
2026-08-17 03:00:00+00:00,BikePoints_78,"Sadlers Sports Centre, Finsbury",51.524868,-0.099489,4,1,3,17,11,2
2026-08-17 03:00:00+00:00,BikePoints_79,"Arundel Street, Temple",51.511726,-0.113855,0,0,0,18,18,0
2026-08-17 03:00:00+00:00,BikePoints_80,"Webber Street , Southwark",51.500693,-0.102091,5,0,5,45,35,5
2026-08-17 03:00:00+00:00,BikePoints_81,"Great Titchfield Street, Fitzrovia",51.520253,-0.141327,3,2,1,19,16,0
2026-08-17 03:00:00+00:00,BikePoints_83,"Panton Street, West End",51.509639,-0.13151,0,0,0,21,18,3
2026-08-17 03:00:00+00:00,BikePoints_84,"Breams Buildings, Holborn",51.515937,-0.111778,0,0,0,25,24,1
2026-08-17 03:00:00+00:00,BikePoints_85,"Tanner Street, Bermondsey",51.500647,-0.0786,33,1,32,41,6,2
2026-08-17 03:00:00+00:00,BikePoints_86,"Sancroft Street, Vauxhall",51.489479,-0.115156,22,1,21,24,1,1
2026-08-17 03:00:00+00:00,BikePoints_87,"Devonshire Square, Liverpool Street",51.516468,-0.079684,0,0,0,16,16,0
2026-08-17 03:00:00+00:00,BikePoints_88,"Percy Street, Bloomsbury",51.51863,-0.132676,1,0,1,29,28,0
2026-08-17 03:00:00+00:00,BikePoints_89,"Tavistock Place, Bloomsbury",51.52625,-0.123509,3,2,1,19,13,3
2026-08-17 03:00:00+00:00,BikePoints_90,"Harrington Square 1, Camden Town",51.533019,-0.139174,7,3,4,27,18,2
2026-08-17 03:00:00+00:00,BikePoints_91,"Walnut Tree Walk, Vauxhall",51.493686,-0.111014,13,3,10,20,6,1
2026-08-17 03:00:00+00:00,BikePoints_92,"Borough Road, Elephant & Castle",51.498898,-0.10044,21,0,21,41,18,2
2026-08-17 03:00:00+00:00,BikePoints_93,"Cloudesley Road, Angel",51.534408,-0.109025,10,5,5,37,25,2
2026-08-17 03:00:00+00:00,BikePoints_94,"Bricklayers Arms, Borough",51.495061,-0.085814,27,4,23,28,1,0
2026-08-17 03:00:00+00:00,BikePoints_95,"Aldersgate Street, Barbican",51.520841,-0.09734,2,2,0,15,12,1
2026-08-17 03:00:00+00:00,BikePoints_96,"Falkirk Street, Hoxton",51.53095,-0.078505,8,4,4,26,16,2
2026-08-17 03:00:00+00:00,BikePoints_97,"Gloucester Road (North), Kensington",51.497924,-0.183834,0,0,0,18,18,0
2026-08-17 03:00:00+00:00,BikePoints_98,"Hampstead Road, Euston",51.525542,-0.138231,8,0,8,54,44,2
2026-08-17 03:00:00+00:00,BikePoints_101,"Queen Street 1, Bank",51.511553,-0.09294,0,0,0,22,21,1
2026-08-17 03:00:00+00:00,BikePoints_102,"Jewry Street, Aldgate",51.513406,-0.076793,2,0,2,17,13,2
2026-08-17 03:00:00+00:00,BikePoints_103,"Vicarage Gate, Kensington",51.504723,-0.192538,2,1,1,18,16,0
2026-08-17 03:00:00+00:00,BikePoints_104,"Crosswall, Tower",51.511594,-0.077121,5,0,5,34,27,2
2026-08-17 03:00:00+00:00,BikePoints_105,"Westbourne Grove, Bayswater",51.515529,-0.19024,7,1,6,26,19,0
2026-08-17 03:00:00+00:00,BikePoints_106,"Woodstock Street, Mayfair",51.514105,-0.147301,2,2,0,21,18,1
2026-08-17 03:00:00+00:00,BikePoints_107,"Finsbury Leisure Centre, St. Luke's",51.526008,-0.096317,5,0,5,20,11,4
2026-08-17 03:00:00+00:00,BikePoints_109,"Soho Square , Soho",51.515631,-0.132328,1,0,1,57,55,1
2026-08-17 03:00:00+00:00,BikePoints_110,"Wellington Road, St. John's Wood",51.533043,-0.172528,8,2,6,17,8,1
2026-08-17 03:00:00+00:00,BikePoints_111,"Park Lane , Hyde Park",51.510017,-0.157275,6,2,4,28,18,4
2026-08-17 03:00:00+00:00,BikePoints_112,"Stonecutter Street, Holborn",51.515809,-0.10527,1,0,1,21,20,0
2026-08-17 03:00:00+00:00,BikePoints_113,"Gloucester Road (Central), South Kensington",51.496462,-0.183289,0,0,0,19,18,1
2026-08-17 03:00:00+00:00,BikePoints_114,"Park Road (Baker Street), The Regent's Park",51.524517,-0.158963,11,2,9,22,5,6
2026-08-17 03:00:00+00:00,BikePoints_115,"Braham Street, Aldgate",51.514233,-0.073537,11,4,7,34,23,0
2026-08-17 03:00:00+00:00,BikePoints_116,"Little Argyll Street, West End",51.514499,-0.141423,1,0,1,21,14,6
2026-08-17 03:00:00+00:00,BikePoints_117,"Lollard Street, Vauxhall",51.49288,-0.114934,24,1,23,25,0,1
2026-08-17 03:00:00+00:00,BikePoints_118,"Rochester Row, Westminster",51.495827,-0.135478,12,2,10,13,0,1
2026-08-17 03:00:00+00:00,BikePoints_119,"Bath Street, St. Luke's",51.525893,-0.090847,5,1,4,18,11,2
2026-08-17 03:00:00+00:00,BikePoints_120,"The Guildhall, Guildhall",51.515735,-0.09308,0,0,0,17,16,1
2026-08-17 03:00:00+00:00,BikePoints_121,"Baker Street, Marylebone",51.518913,-0.156166,7,3,4,22,15,0
2026-08-17 03:00:00+00:00,BikePoints_123,"St. John Street, Finsbury",51.52836,-0.104724,8,2,6,18,10,0
2026-08-17 03:00:00+00:00,BikePoints_124,"Eaton Square, Belgravia",51.496544,-0.150905,8,1,7,18,10,0
2026-08-17 03:00:00+00:00,BikePoints_125,"Borough High Street, The Borough",51.500694,-0.094524,2,0,2,21,18,1
2026-08-17 03:00:00+00:00,BikePoints_126,"Museum of London, Barbican",51.517821,-0.096496,1,0,1,52,50,1
2026-08-17 03:00:00+00:00,BikePoints_127,"Wood Street, Guildhall",51.517008,-0.093885,1,0,1,17,15,1
2026-08-17 03:00:00+00:00,BikePoints_128,"Emperor's Gate, South Kensington",51.495362,-0.185296,8,1,7,22,10,4
2026-08-17 03:00:00+00:00,BikePoints_129,"Golden Square, Soho",51.511897,-0.137043,2,1,1,18,15,1
2026-08-17 03:00:00+00:00,BikePoints_130,"Tower Gardens , Tower",51.509506,-0.075459,7,4,3,24,15,2
2026-08-17 03:00:00+00:00,BikePoints_131,"Eversholt Street , Camden Town",51.533005,-0.136792,0,0,0,16,15,1
2026-08-17 03:00:00+00:00,BikePoints_132,"Bethnal Green Road, Shoreditch",51.523648,-0.074754,12,1,11,38,26,0
2026-08-17 03:00:00+00:00,BikePoints_133,"Derry Street, Kensington",51.501364,-0.191462,6,1,5,18,9,3
2026-08-17 03:00:00+00:00,BikePoints_134,"Wapping High Street, Wapping",51.504904,-0.06797,7,3,4,20,11,2
2026-08-17 03:00:00+00:00,BikePoints_135,"Clerkenwell Green, Clerkenwell",51.52326,-0.104708,12,3,9,21,5,4
2026-08-17 03:00:00+00:00,BikePoints_136,"Queen Victoria Street, St. Paul's",51.511961,-0.097441,0,0,0,32,31,1
2026-08-17 03:00:00+00:00,BikePoints_138,"Green Street, Mayfair",51.512276,-0.157436,0,0,0,19,18,1
2026-08-17 03:00:00+00:00,BikePoints_139,"Lambeth Road, Vauxhall",51.494881,-0.117974,11,1,10,18,7,0
2026-08-17 03:00:00+00:00,BikePoints_140,"Finsbury Square , Moorgate",51.520962,-0.085634,6,1,5,33,27,0
2026-08-17 03:00:00+00:00,BikePoints_141,"Chapel Place, Marylebone",51.515308,-0.147203,0,0,0,29,29,0
2026-08-17 03:00:00+00:00,BikePoints_142,"West Cromwell Road, Earl's Court",51.493724,-0.198286,9,0,9,24,14,1
2026-08-17 03:00:00+00:00,BikePoints_143,"Pont Street, Knightsbridge",51.496886,-0.161203,13,0,13,24,9,2
2026-08-17 03:00:00+00:00,BikePoints_144,"Kennington Cross, Kennington",51.48894,-0.111435,41,5,36,47,1,5
2026-08-17 03:00:00+00:00,BikePoints_145,"Ilchester Place, Kensington",51.500743,-0.202759,0,0,0,24,24,0
2026-08-17 03:00:00+00:00,BikePoints_146,"Vauxhall Bridge , Pimlico",51.488365,-0.129361,2,0,2,35,32,1
2026-08-17 03:00:00+00:00,BikePoints_147,"Portugal Street, Holborn",51.514943,-0.116146,0,0,0,16,16,0
2026-08-17 03:00:00+00:00,BikePoints_148,"Tachbrook Street, Victoria",51.492111,-0.138364,12,3,9,16,1,3
2026-08-17 03:00:00+00:00,BikePoints_149,"Kennington Road Post Office, Oval",51.484788,-0.110683,11,0,11,18,6,1
2026-08-17 03:00:00+00:00,BikePoints_150,"Holy Trinity Brompton, Knightsbridge",51.497056,-0.168917,11,0,11,28,16,1
2026-08-17 03:00:00+00:00,BikePoints_151,"Chepstow Villas, Notting Hill",51.512136,-0.201554,21,0,21,26,5,0
2026-08-17 03:00:00+00:00,BikePoints_152,"Hampton Street, Walworth",51.49217,-0.101536,19,7,12,21,1,1
2026-08-17 03:00:00+00:00,BikePoints_153,"Bayswater Road, Hyde Park",51.511933,-0.174411,6,3,3,27,18,3
2026-08-17 03:00:00+00:00,BikePoints_154,"Waterloo Station 3, Waterloo",51.503791,-0.112824,6,0,6,35,27,2
2026-08-17 03:00:00+00:00,BikePoints_155,"Lexham Gardens, Kensington",51.495866,-0.191933,6,0,6,19,12,1
2026-08-17 03:00:00+00:00,BikePoints_156,"New Kent Road, The Borough",51.494436,-0.092921,26,0,26,33,5,2
2026-08-17 03:00:00+00:00,BikePoints_157,"Wright's Lane, Kensington",51.500397,-0.193068,10,2,8,37,23,4
2026-08-17 03:00:00+00:00,BikePoints_158,"Trebovir Road, Earl's Court",51.490853,-0.19617,6,0,6,18,10,2
2026-08-17 03:00:00+00:00,BikePoints_160,"Waterloo Place, St. James's",51.506633,-0.131773,1,1,0,20,18,1
2026-08-17 03:00:00+00:00,BikePoints_162,"Southampton Place, Holborn",51.517606,-0.121328,1,1,0,20,19,0
2026-08-17 03:00:00+00:00,BikePoints_163,"Sloane Avenue, Knightsbridge",51.493184,-0.167894,4,0,4,27,22,1
2026-08-17 03:00:00+00:00,BikePoints_164,"Cleveland Gardens, Bayswater",51.515607,-0.183118,15,1,14,16,0,1
2026-08-17 03:00:00+00:00,BikePoints_165,"Orsett Terrace, Bayswater",51.517932,-0.183716,6,0,6,15,8,1
2026-08-17 03:00:00+00:00,BikePoints_166,"Seville Street, Knightsbridge",51.501855,-0.159237,0,0,0,27,26,1
2026-08-17 03:00:00+00:00,BikePoints_167,"Eccleston Place, Victoria",51.49395,-0.147624,14,0,14,19,4,1
2026-08-17 03:00:00+00:00,BikePoints_168,"Argyll Road, Kensington",51.500401,-0.195455,17,0,17,19,2,0
2026-08-17 03:00:00+00:00,BikePoints_169,"Porchester Place, Paddington",51.514746,-0.165164,16,1,15,18,1,1
2026-08-17 03:00:00+00:00,BikePoints_170,"Hardwick Street, Clerkenwell",51.527842,-0.108068,3,2,1,30,25,2
2026-08-17 03:00:00+00:00,BikePoints_171,"Collingham Gardens, Earl's Court",51.491615,-0.186753,6,1,5,14,6,2
2026-08-17 03:00:00+00:00,BikePoints_172,"Sumner Place, South Kensington",51.491211,-0.173715,3,0,3,19,14,2
2026-08-17 03:00:00+00:00,BikePoints_173,"Waterloo Road, South Bank",51.50486,-0.113001,3,1,2,15,9,3
2026-08-17 03:00:00+00:00,BikePoints_175,"Worship Street, Shoreditch",51.521668,-0.079608,1,0,1,51,48,2
2026-08-17 03:00:00+00:00,BikePoints_176,"Gloucester Terrace, Bayswater",51.517919,-0.188098,5,0,5,23,17,1
2026-08-17 03:00:00+00:00,BikePoints_177,"Ashley Place, Victoria",51.49616,-0.140947,7,0,7,25,18,0
2026-08-17 03:00:00+00:00,BikePoints_178,"Warwick Square, Pimlico",51.489856,-0.141923,14,1,13,19,4,1
2026-08-17 03:00:00+00:00,BikePoints_180,"North Audley Street, Mayfair",51.512911,-0.153645,4,1,3,17,11,2
2026-08-17 03:00:00+00:00,BikePoints_181,"Belgrave Square, Belgravia",51.499412,-0.152317,2,0,2,21,18,1
2026-08-17 03:00:00+00:00,BikePoints_182,"Bell Street , Marylebone",51.522029,-0.165842,8,5,3,18,9,1
2026-08-17 03:00:00+00:00,BikePoints_183,"Riverlight North, Nine Elms",51.482362,-0.136123,18,2,16,24,3,3
2026-08-17 03:00:00+00:00,BikePoints_184,"Portland Place, Marylebone",51.520715,-0.145211,2,2,0,34,32,0
2026-08-17 03:00:00+00:00,BikePoints_185,"Alderney Street, Pimlico",51.488057,-0.140741,14,2,12,14,0,0
2026-08-17 03:00:00+00:00,BikePoints_186,"South Wharf Road, Paddington",51.517335,-0.17581,4,3,1,16,9,3
2026-08-17 03:00:00+00:00,BikePoints_187,"Queen's Gate (South), South Kensington",51.492479,-0.178433,15,0,15,25,9,1
2026-08-17 03:00:00+00:00,BikePoints_188,"Nutford Place, Marylebone",51.516517,-0.164393,6,2,4,18,11,1
2026-08-17 03:00:00+00:00,BikePoints_189,"Claremont Square, Angel",51.531666,-0.109914,4,2,2,18,11,3
2026-08-17 03:00:00+00:00,BikePoints_190,"Rampayne Street, Pimlico",51.489975,-0.132845,12,2,10,21,8,1
2026-08-17 03:00:00+00:00,BikePoints_191,"Hyde Park Corner, Hyde Park",51.503117,-0.15352,2,0,2,36,26,8
2026-08-17 03:00:00+00:00,BikePoints_192,"Wardour Street, Soho",51.512515,-0.133201,0,0,0,16,10,6
2026-08-17 03:00:00+00:00,BikePoints_193,"Bankside Mix, Bankside",51.505817,-0.100186,8,1,7,60,51,1
2026-08-17 03:00:00+00:00,BikePoints_194,"Hop Exchange, The Borough",51.504627,-0.091773,3,2,1,55,46,6
2026-08-17 03:00:00+00:00,BikePoints_195,"Milroy Walk, South Bank",51.507244,-0.106237,0,0,0,30,30,0
2026-08-17 03:00:00+00:00,BikePoints_196,"Union Street, The Borough",51.503688,-0.098497,3,0,3,17,12,2
2026-08-17 03:00:00+00:00,BikePoints_197,"Stamford Street, South Bank",51.505569,-0.111606,0,0,0,27,26,1
2026-08-17 03:00:00+00:00,BikePoints_199,"Great Tower Street, Monument",51.510484,-0.082989,3,0,3,24,18,3
2026-08-17 03:00:00+00:00,BikePoints_200,"LMU Commercial Road, Whitechapel",51.514924,-0.066078,7,3,4,14,7,0
2026-08-17 03:00:00+00:00,BikePoints_201,"Dorset Square, Marylebone",51.522596,-0.161113,3,1,2,16,12,1
2026-08-17 03:00:00+00:00,BikePoints_202,"Leman Street, Aldgate",51.512363,-0.069542,13,4,9,37,23,1
2026-08-17 03:00:00+00:00,BikePoints_203,"West Smithfield Rotunda, Farringdon",51.518218,-0.100791,1,1,0,15,12,2
2026-08-17 03:00:00+00:00,BikePoints_204,"Margery Street, Clerkenwell",51.526599,-0.112432,9,1,8,19,10,0
2026-08-17 03:00:00+00:00,BikePoints_206,"New Road 1 , Whitechapel",51.518154,-0.062697,18,2,16,36,14,4
2026-08-17 03:00:00+00:00,BikePoints_207,"Grosvenor Crescent, Belgravia",51.501352,-0.153194,0,0,0,18,18,0
2026-08-17 03:00:00+00:00,BikePoints_208,"Mallory Street, Marylebone",51.525051,-0.166304,4,0,4,20,15,1
2026-08-17 03:00:00+00:00,BikePoints_209,"Denyer Street, Knightsbridge",51.493583,-0.165101,3,0,3,30,26,1
2026-08-17 03:00:00+00:00,BikePoints_210,"Hinde Street, Marylebone",51.516814,-0.151926,3,1,2,21,17,1
2026-08-17 03:00:00+00:00,BikePoints_211,"Cadogan Place, Knightsbridge",51.494645,-0.158105,8,0,8,34,25,1
2026-08-17 03:00:00+00:00,BikePoints_212,"Campden Hill Road, Notting Hill",51.506584,-0.199004,10,2,8,17,6,1
2026-08-17 03:00:00+00:00,BikePoints_213,"Wellington Arch, Hyde Park",51.50274,-0.149569,4,0,4,36,29,3
2026-08-17 03:00:00+00:00,BikePoints_214,"Endsleigh Gardens, Euston",51.526838,-0.130504,18,0,18,32,11,3
2026-08-17 03:00:00+00:00,BikePoints_215,"Moorfields, Moorgate",51.519069,-0.088285,1,1,0,54,51,2
2026-08-17 03:00:00+00:00,BikePoints_216,"Old Brompton Road, South Kensington",51.490945,-0.18119,13,0,13,30,15,2
2026-08-17 03:00:00+00:00,BikePoints_217,"Wormwood Street, Liverpool Street",51.516154,-0.082422,4,0,4,16,12,0
2026-08-17 03:00:00+00:00,BikePoints_218,"St. Luke's Church, Chelsea",51.489716,-0.170194,2,0,2,20,18,0
2026-08-17 03:00:00+00:00,BikePoints_219,"Bramham Gardens, Earl's Court",51.490163,-0.190393,19,3,16,29,9,1
2026-08-17 03:00:00+00:00,BikePoints_220,"Chelsea Green, Chelsea",51.490664,-0.166485,2,1,1,15,13,0
2026-08-17 03:00:00+00:00,BikePoints_221,"Horseferry Road, Westminster",51.494816,-0.130458,3,1,2,16,13,0
2026-08-17 03:00:00+00:00,BikePoints_222,"Knightsbridge, Hyde Park",51.502757,-0.155349,25,0,25,43,16,2
2026-08-17 03:00:00+00:00,BikePoints_223,"Rodney Road , Walworth",51.491484,-0.09022,21,0,21,24,1,2
2026-08-17 03:00:00+00:00,BikePoints_224,"Queensway, Kensington Gardens",51.51031,-0.187402,15,2,13,17,1,1
2026-08-17 03:00:00+00:00,BikePoints_225,"Notting Hill Gate Station, Notting Hill",51.509353,-0.196422,10,1,9,30,16,4
2026-08-17 03:00:00+00:00,BikePoints_226,"Charles II Street, West End",51.508446,-0.131961,1,0,1,24,22,1
2026-08-17 03:00:00+00:00,BikePoints_227,"Great Percy Street, Clerkenwell",51.528915,-0.11548,13,2,11,23,10,0
2026-08-17 03:00:00+00:00,BikePoints_228,"St. James's Square, St. James's",51.507424,-0.134621,1,0,1,40,36,3
2026-08-17 03:00:00+00:00,BikePoints_229,"Whitehall Place, Strand",51.506543,-0.123179,1,0,1,46,45,0
2026-08-17 03:00:00+00:00,BikePoints_230,"Poured Lines, Bankside",51.506692,-0.103137,3,3,0,31,27,1
2026-08-17 03:00:00+00:00,BikePoints_231,"Queen's Gate (Central), South Kensington",51.493967,-0.178732,3,0,3,31,28,0
2026-08-17 03:00:00+00:00,BikePoints_232,"Carey Street, Holborn",51.51501,-0.112753,0,0,0,16,16,0
2026-08-17 03:00:00+00:00,BikePoints_233,"Pall Mall East, West End",51.50777,-0.130699,0,0,0,22,17,5
2026-08-17 03:00:00+00:00,BikePoints_234,"Liverpool Road (N1 Centre), Angel",51.534504,-0.106992,2,2,0,24,19,3
2026-08-17 03:00:00+00:00,BikePoints_235,"Kennington Road, Vauxhall",51.495718,-0.110889,7,1,6,36,29,0
2026-08-17 03:00:00+00:00,BikePoints_236,"Fashion Street, Whitechapel",51.51838,-0.073438,0,0,0,30,30,0
2026-08-17 03:00:00+00:00,BikePoints_237,"Dock Street, Wapping",51.509786,-0.068161,11,2,9,30,17,2
2026-08-17 03:00:00+00:00,BikePoints_238,"Frampton Street, Paddington",51.523353,-0.175116,21,1,20,32,11,0
2026-08-17 03:00:00+00:00,BikePoints_239,"Warren Street Station, Euston",51.524438,-0.138019,3,0,3,26,21,2
2026-08-17 03:00:00+00:00,BikePoints_240,"Colombo Street, Southwark",51.505459,-0.105692,0,0,0,14,12,2
2026-08-17 03:00:00+00:00,BikePoints_242,"Beaumont Street, Marylebone",51.522008,-0.151359,2,1,1,23,21,0
2026-08-17 03:00:00+00:00,BikePoints_243,"Gloucester Street, Pimlico",51.490962,-0.139625,24,2,22,25,0,1
2026-08-17 03:00:00+00:00,BikePoints_244,"Bucknall Street, Covent Garden",51.51615,-0.128417,6,5,1,18,7,5
2026-08-17 03:00:00+00:00,BikePoints_245,"Grosvenor Road, Pimlico",51.485357,-0.142207,20,3,17,29,8,1
2026-08-17 03:00:00+00:00,BikePoints_246,"Berry Street, Clerkenwell",51.522853,-0.099994,7,2,5,41,33,1
2026-08-17 03:00:00+00:00,BikePoints_247,"St. John's Wood Church, The Regent's Park",51.530529,-0.167515,20,0,20,50,27,3
2026-08-17 03:00:00+00:00,BikePoints_248,"Triangle Car Park, Hyde Park",51.506451,-0.170279,12,2,10,27,13,2
2026-08-17 03:00:00+00:00,BikePoints_249,"Harper Road, The Borough",51.498597,-0.096191,1,0,1,42,39,2
2026-08-17 03:00:00+00:00,BikePoints_250,"Royal Avenue 1, Chelsea",51.489932,-0.162727,2,0,2,10,6,2
2026-08-17 03:00:00+00:00,BikePoints_251,"Brushfield Street, Liverpool Street",51.518908,-0.079249,0,0,0,34,33,1
2026-08-17 03:00:00+00:00,BikePoints_253,"Shoreditch Park, Hoxton",51.534042,-0.086379,7,0,7,30,19,4
2026-08-17 03:00:00+00:00,BikePoints_254,"Chadwell Street, Angel",51.530515,-0.106408,3,1,2,18,14,1
2026-08-17 03:00:00+00:00,BikePoints_255,"Clifton Road, Maida Vale",51.525575,-0.179592,14,1,13,22,5,3
2026-08-17 03:00:00+00:00,BikePoints_256,"Houghton Street, Strand",51.51362,-0.116764,0,0,0,15,14,1
2026-08-17 03:00:00+00:00,BikePoints_257,"Westminster University, Marylebone",51.522481,-0.154907,5,0,5,16,9,2
2026-08-17 03:00:00+00:00,BikePoints_258,"Kensington Gore, Knightsbridge",51.501432,-0.178656,0,0,0,23,23,0
2026-08-17 03:00:00+00:00,BikePoints_259,"Bourne Street, Belgravia",51.490959,-0.153233,5,1,4,16,11,0
2026-08-17 03:00:00+00:00,BikePoints_260,"Broadwick Street, Soho",51.513684,-0.13558,0,0,0,18,15,3
2026-08-17 03:00:00+00:00,BikePoints_261,"Princes Square, Bayswater",51.513489,-0.191351,9,3,6,16,6,1
2026-08-17 03:00:00+00:00,BikePoints_262,"LSBU (Borough Road), Elephant & Castle",51.498744,-0.103132,8,2,6,35,27,0
2026-08-17 03:00:00+00:00,BikePoints_263,"St. Mary Axe, Aldgate",51.514225,-0.08066,0,0,0,21,17,4
2026-08-17 03:00:00+00:00,BikePoints_264,"Tysoe Street, Clerkenwell",51.526443,-0.109256,2,2,0,20,17,1
2026-08-17 03:00:00+00:00,BikePoints_265,"Southwick Street, Paddington",51.515953,-0.169249,6,3,3,17,11,0
2026-08-17 03:00:00+00:00,BikePoints_266,"Queen's Gate (North), Kensington",51.501026,-0.180246,0,0,0,41,39,2
2026-08-17 03:00:00+00:00,BikePoints_268,"Belgrave Road, Victoria",51.493204,-0.144132,25,0,25,29,2,2
2026-08-17 03:00:00+00:00,BikePoints_269,"Empire Square, The Borough",51.500823,-0.08974,44,1,43,46,0,2
2026-08-17 03:00:00+00:00,BikePoints_271,"London Zoo,  The Regent's Park",51.535836,-0.156285,10,0,10,32,22,0
2026-08-17 03:00:00+00:00,BikePoints_272,"Baylis Road, Waterloo",51.501444,-0.110699,0,0,0,22,20,2
2026-08-17 03:00:00+00:00,BikePoints_273,"Belvedere Road 1, South Bank",51.506133,-0.114686,13,1,12,38,21,4
2026-08-17 03:00:00+00:00,BikePoints_274,"Warwick Road, Olympia",51.496712,-0.205284,13,5,8,36,23,0
2026-08-17 03:00:00+00:00,BikePoints_275,"Barbican Centre, Barbican",51.520044,-0.092176,0,0,0,19,18,1
2026-08-17 03:00:00+00:00,BikePoints_276,"Lower Thames Street, Monument",51.509301,-0.084985,0,0,0,24,23,1
2026-08-17 03:00:00+00:00,BikePoints_277,"Kensington Church Street, Kensington",51.503157,-0.191496,9,1,8,17,6,2
2026-08-17 03:00:00+00:00,BikePoints_278,"Tooley Street, Bermondsey",51.503493,-0.07962,20,8,12,27,3,4
2026-08-17 03:00:00+00:00,BikePoints_279,"North Wharf Road, Paddington",51.518623,-0.176603,5,3,2,23,17,1
2026-08-17 03:00:00+00:00,BikePoints_280,"Royal Avenue 2, Chelsea",51.490083,-0.162418,10,0,10,10,0,0
2026-08-17 03:00:00+00:00,BikePoints_281,"Smith Square, Westminster",51.495805,-0.127575,12,3,9,18,6,0
2026-08-17 03:00:00+00:00,BikePoints_282,"Royal London Hospital, Whitechapel",51.518675,-0.06111,29,4,25,42,7,6
2026-08-17 03:00:00+00:00,BikePoints_283,"Kingsway, Covent Garden",51.514409,-0.118478,0,0,0,16,16,0
2026-08-17 03:00:00+00:00,BikePoints_284,"Lambeth North Station, Waterloo",51.49914,-0.112031,12,1,11,20,8,0
2026-08-17 03:00:00+00:00,BikePoints_286,"St. John's Wood Road, St. John's Wood",51.527294,-0.174653,21,4,17,35,12,2
2026-08-17 03:00:00+00:00,BikePoints_287,"Bedford Way, Bloomsbury",51.523673,-0.128377,4,1,3,23,18,1
2026-08-17 03:00:00+00:00,BikePoints_288,"Elizabeth Bridge, Victoria",51.492369,-0.147478,34,0,34,34,0,0
2026-08-17 03:00:00+00:00,BikePoints_289,"South Audley Street, Mayfair",51.50923,-0.151289,1,0,1,15,14,0
2026-08-17 03:00:00+00:00,BikePoints_290,"St Mary's Hospital, Paddington",51.518268,-0.171103,6,2,4,20,11,3
2026-08-17 03:00:00+00:00,BikePoints_291,"Claverton Street, Pimlico",51.484839,-0.138089,31,1,30,32,0,1
2026-08-17 03:00:00+00:00,BikePoints_292,"Montpelier Street, Knightsbridge",51.498884,-0.165471,7,0,7,16,9,0
2026-08-17 03:00:00+00:00,BikePoints_293,"Kensington Olympia Station, Olympia",51.498157,-0.209494,11,0,11,25,14,0
2026-08-17 03:00:00+00:00,BikePoints_294,"St. George's Square, Pimlico",51.488226,-0.135635,15,2,13,16,0,1
2026-08-17 03:00:00+00:00,BikePoints_295,"Swan Street, The Borough",51.500296,-0.092762,4,0,4,27,22,1
2026-08-17 03:00:00+00:00,BikePoints_296,"Knaresborough Place, Earl's Court",51.493631,-0.190603,6,1,5,18,10,2
2026-08-17 03:00:00+00:00,BikePoints_297,"Geraldine Street, Elephant & Castle",51.496127,-0.106,13,2,11,17,3,1
2026-08-17 03:00:00+00:00,BikePoints_298,"Curlew Street, Shad Thames",51.502279,-0.074189,13,2,11,21,4,4
2026-08-17 03:00:00+00:00,BikePoints_299,"Vincent Square, Westminster",51.493985,-0.136928,16,0,16,19,3,0
2026-08-17 03:00:00+00:00,BikePoints_300,"Serpentine Car Park, Hyde Park",51.505014,-0.17306,4,0,4,18,11,3
2026-08-17 03:00:00+00:00,BikePoints_301,"Marylebone Lane, Marylebone",51.514759,-0.148105,2,1,1,24,18,4
2026-08-17 03:00:00+00:00,BikePoints_302,"Putney Pier, Wandsworth",51.466907,-0.216573,19,3,16,28,5,4
2026-08-17 03:00:00+00:00,BikePoints_303,"Albert Gate, Hyde Park",51.502953,-0.158456,2,1,1,34,27,5
2026-08-17 03:00:00+00:00,BikePoints_306,"Rathbone Street, Fitzrovia",51.518162,-0.135025,0,0,0,16,14,2
2026-08-17 03:00:00+00:00,BikePoints_307,"Black Lion Gate, Kensington Gardens",51.509908,-0.187842,19,9,10,24,0,5
2026-08-17 03:00:00+00:00,BikePoints_308,"Long Lane , Bermondsey",51.499075,-0.085666,20,4,16,20,0,0
2026-08-17 03:00:00+00:00,BikePoints_309,"Embankment (Savoy), Strand",51.509631,-0.119047,0,0,0,41,40,1
2026-08-17 03:00:00+00:00,BikePoints_310,"Black Prince Road, Vauxhall",51.490867,-0.116911,14,2,12,19,3,2
2026-08-17 03:00:00+00:00,BikePoints_311,"Foley Street, Fitzrovia",51.519181,-0.140485,4,1,3,24,20,0
2026-08-17 03:00:00+00:00,BikePoints_312,"Grove End Road, St. John's Wood",51.530889,-0.17677,17,4,13,20,0,3
2026-08-17 03:00:00+00:00,BikePoints_313,"Wells Street, Fitzrovia",51.517344,-0.138072,3,1,2,38,32,3
2026-08-17 03:00:00+00:00,BikePoints_314,"Tyers Gate, Bermondsey",51.500889,-0.083159,33,1,32,36,1,2
2026-08-17 03:00:00+00:00,BikePoints_315,"The Tennis Courts, The Regent's Park",51.525367,-0.153463,6,6,0,16,8,2
2026-08-17 03:00:00+00:00,BikePoints_316,"Warwick Row, Westminster",51.497998,-0.14296,0,0,0,21,18,3
2026-08-17 03:00:00+00:00,BikePoints_317,"Dickens Square, Borough",51.496791,-0.093913,6,0,6,32,26,0
2026-08-17 03:00:00+00:00,BikePoints_318,"Sackville Street, Mayfair",51.510048,-0.138846,0,0,0,18,16,2
2026-08-17 03:00:00+00:00,BikePoints_319,"Baldwin Street, St. Luke's",51.527025,-0.088542,6,1,5,21,13,2
2026-08-17 03:00:00+00:00,BikePoints_320,"Queen Mother Sports Centre, Victoria",51.493573,-0.139956,22,0,22,26,4,0
2026-08-17 03:00:00+00:00,BikePoints_321,"Bermondsey Street, Bermondsey",51.497855,-0.081608,16,3,13,24,7,1
2026-08-17 03:00:00+00:00,BikePoints_322,"Palissy Street, Shoreditch",51.526293,-0.073955,23,1,22,26,1,2
2026-08-17 03:00:00+00:00,BikePoints_323,"Clifton Street, Shoreditch",51.523196,-0.083067,6,1,5,24,18,0
2026-08-17 03:00:00+00:00,BikePoints_324,"Ontario Street, Elephant & Castle",51.49652,-0.101384,10,0,10,15,4,1
2026-08-17 03:00:00+00:00,BikePoints_326,"Graham Street, Angel",51.532661,-0.099981,19,1,18,26,6,1
2026-08-17 03:00:00+00:00,BikePoints_327,"Westbourne Green, Westbourne",51.522168,-0.192814,9,1,8,21,11,1
2026-08-17 03:00:00+00:00,BikePoints_328,"New North Road 2, Hoxton",51.53114,-0.086016,4,2,2,22,18,0
2026-08-17 03:00:00+00:00,BikePoints_329,"Prince Albert Road, The Regent's Park",51.535892,-0.160854,3,3,0,24,17,4
2026-08-17 03:00:00+00:00,BikePoints_330,"Eastbourne Mews, Paddington",51.516417,-0.179135,10,3,7,34,22,2
2026-08-17 03:00:00+00:00,BikePoints_331,"Bunhill Row, Moorgate",51.520858,-0.089887,0,0,0,30,26,4
2026-08-17 03:00:00+00:00,BikePoints_332,"Nevern Place, Earl's Court",51.493343,-0.194757,9,0,9,20,10,1
2026-08-17 03:00:00+00:00,BikePoints_333,"Palace Gardens Terrace, Notting Hill",51.508605,-0.193764,17,4,13,37,18,2
2026-08-17 03:00:00+00:00,BikePoints_334,"Agar Grove, Camden Town",51.542891,-0.132253,13,4,9,18,4,1
2026-08-17 03:00:00+00:00,BikePoints_335,"Tavistock Street, Covent Garden",51.511968,-0.120718,0,0,0,33,30,3
2026-08-17 03:00:00+00:00,BikePoints_336,"Concert Hall Approach, South Bank",51.504841,-0.115153,22,0,22,30,6,2
2026-08-17 03:00:00+00:00,BikePoints_337,"Pembridge Villas, Notting Hill",51.511084,-0.197524,6,2,4,16,9,1
2026-08-17 03:00:00+00:00,BikePoints_338,"Wellington Street , Strand",51.511756,-0.119643,0,0,0,24,20,4
2026-08-17 03:00:00+00:00,BikePoints_340,"Bank of England Museum, Bank",51.514441,-0.087587,0,0,0,16,14,2
2026-08-17 03:00:00+00:00,BikePoints_341,"Craven Street, Strand",51.508103,-0.126021,0,0,0,23,21,2
2026-08-17 03:00:00+00:00,BikePoints_344,"Goswell Road (City Uni), Finsbury",51.528246,-0.101026,10,1,9,16,5,1
2026-08-17 03:00:00+00:00,BikePoints_345,"Flood Street, Chelsea",51.488023,-0.166878,4,0,4,33,28,1
2026-08-17 03:00:00+00:00,BikePoints_348,"Grosvenor Square, Mayfair",51.51217,-0.150481,2,1,1,17,11,4
2026-08-17 03:00:00+00:00,BikePoints_349,"St. George Street, Mayfair",51.51196,-0.142783,0,0,0,18,16,2
2026-08-17 03:00:00+00:00,BikePoints_350,"Queen's Gate, Kensington Gardens",51.501715,-0.179854,4,2,2,21,12,5
2026-08-17 03:00:00+00:00,BikePoints_351,"Macclesfield Rd, St Lukes",51.529423,-0.097122,9,0,9,28,17,2
2026-08-17 03:00:00+00:00,BikePoints_352,"Vauxhall Street, Vauxhall",51.486965,-0.116625,16,1,15,19,3,0
2026-08-17 03:00:00+00:00,BikePoints_353,"Greycoat Street , Westminster",51.494591,-0.134234,13,0,13,17,4,0
2026-08-17 03:00:00+00:00,BikePoints_354,"Northumberland Avenue, Strand",51.506767,-0.123702,0,0,0,37,37,0
2026-08-17 03:00:00+00:00,BikePoints_355,"Clapham Common Station, Clapham Common",51.461388,-0.139221,16,0,16,21,3,2
2026-08-17 03:00:00+00:00,BikePoints_356,"South Kensington Station, South Kensington",51.494412,-0.173881,2,0,2,15,12,1
2026-08-17 03:00:00+00:00,BikePoints_357,"Howland Street, Fitzrovia",51.520994,-0.139016,7,1,6,30,23,0
2026-08-17 03:00:00+00:00,BikePoints_358,"High Holborn , Covent Garden",51.516398,-0.124257,0,0,0,20,20,0
2026-08-17 03:00:00+00:00,BikePoints_359,"Butler Place, Westminster",51.497829,-0.13544,0,0,0,18,17,1
2026-08-17 03:00:00+00:00,BikePoints_360,"Howick Place, Westminster",51.496753,-0.138733,1,0,1,27,25,1
2026-08-17 03:00:00+00:00,BikePoints_361,"Waterloo Station 2, Waterloo",51.503919,-0.113426,15,1,14,55,40,0
2026-08-17 03:00:00+00:00,BikePoints_362,"Royal College Street, Camden Town",51.536264,-0.133952,47,3,44,57,7,3
2026-08-17 03:00:00+00:00,BikePoints_363,"Lord's, St. John's Wood",51.529121,-0.171185,8,0,8,24,15,1
2026-08-17 03:00:00+00:00,BikePoints_364,"Store Street, Bloomsbury",51.519572,-0.13214,3,2,1,32,28,1
2026-08-17 03:00:00+00:00,BikePoints_365,"City Road, Angel",51.530344,-0.100168,25,5,20,47,18,4
2026-08-17 03:00:00+00:00,BikePoints_367,"Harrowby Street, Marylebone",51.517372,-0.164207,0,0,0,16,14,2
2026-08-17 03:00:00+00:00,BikePoints_368,"Lowndes Square, Knightsbridge",51.50058,-0.158837,0,0,0,23,22,1
2026-08-17 03:00:00+00:00,BikePoints_370,"Paddington Green, Paddington",51.520205,-0.174593,9,3,6,20,11,0
2026-08-17 03:00:00+00:00,BikePoints_371,"Brockwell Lido, Brixton",51.453118,-0.104955,26,0,26,30,3,1
2026-08-17 03:00:00+00:00,BikePoints_372,"Sardinia Street, Holborn",51.515208,-0.117863,0,0,0,24,24,0
2026-08-17 03:00:00+00:00,BikePoints_373,"Prince Consort Road, Knightsbridge",51.499806,-0.176415,0,0,0,18,17,1
2026-08-17 03:00:00+00:00,BikePoints_374,"Waterloo Station 1, Waterloo",51.504027,-0.113864,10,0,10,36,21,5
2026-08-17 03:00:00+00:00,BikePoints_375,"Kensington Town Hall, Kensington",51.501945,-0.194392,3,0,3,18,14,1
2026-08-17 03:00:00+00:00,BikePoints_376,"Millbank Tower, Pimlico",51.491884,-0.125674,4,1,3,24,18,2
2026-08-17 03:00:00+00:00,BikePoints_377,"Waterloo Bridge, South Bank",51.505354,-0.113656,8,1,7,15,6,1
2026-08-17 03:00:00+00:00,BikePoints_378,"Natural History Museum, South Kensington",51.495592,-0.179077,0,0,0,42,41,1
2026-08-17 03:00:00+00:00,BikePoints_379,"Turquoise Island, Notting Hill",51.514311,-0.200838,6,0,6,21,15,0
2026-08-17 03:00:00+00:00,BikePoints_380,"Stanhope Gate, Mayfair",51.506864,-0.150666,1,0,1,21,20,0
2026-08-17 03:00:00+00:00,BikePoints_381,"Charlotte Street, Fitzrovia",51.51953,-0.135777,0,0,0,14,14,0
2026-08-17 03:00:00+00:00,BikePoints_382,"Farm Street, Mayfair",51.509351,-0.147449,0,0,0,15,15,0
2026-08-17 03:00:00+00:00,BikePoints_383,"Frith Street, Soho",51.513103,-0.131213,1,0,1,18,15,2
2026-08-17 03:00:00+00:00,BikePoints_384,"Marloes Road, Kensington",51.496481,-0.192404,3,0,3,15,12,0
2026-08-17 03:00:00+00:00,BikePoints_386,"Moor Street, Soho",51.513527,-0.13011,2,1,1,16,11,3
2026-08-17 03:00:00+00:00,BikePoints_387,"Fire Brigade Pier, Vauxhall",51.493699,-0.121394,0,0,0,30,27,3
2026-08-17 03:00:00+00:00,BikePoints_388,"Southampton Street, Strand",51.510701,-0.121723,1,0,1,14,12,1
2026-08-17 03:00:00+00:00,BikePoints_389,"Upper Grosvenor Street, Mayfair",51.51013,-0.155757,2,0,2,18,16,0
2026-08-17 03:00:00+00:00,BikePoints_390,"Buxton Street 1, Shoreditch",51.521776,-0.068856,10,0,10,41,30,1
2026-08-17 03:00:00+00:00,BikePoints_391,"Clifford Street, Mayfair",51.510662,-0.142345,0,0,0,17,16,1
2026-08-17 03:00:00+00:00,BikePoints_392,"Imperial College, Knightsbridge",51.499428,-0.179702,0,0,0,33,32,1
2026-08-17 03:00:00+00:00,BikePoints_393,"Snow Hill, Farringdon",51.517334,-0.103604,4,0,4,15,11,0
2026-08-17 03:00:00+00:00,BikePoints_394,"Aberdeen Place, St. John's Wood",51.524826,-0.176268,17,5,12,18,0,1
2026-08-17 03:00:00+00:00,BikePoints_395,"Cadogan Gardens, Chelsea",51.492462,-0.159919,4,2,2,15,10,1
2026-08-17 03:00:00+00:00,BikePoints_396,"Shouldham Street, Marylebone",51.51809,-0.163609,2,0,2,16,13,1
2026-08-17 03:00:00+00:00,BikePoints_397,"Devonshire Terrace, Bayswater",51.51348,-0.17977,10,5,5,16,2,4
2026-08-17 03:00:00+00:00,BikePoints_398,"Holland Park, Kensington",51.502319,-0.200742,18,0,18,30,12,0
2026-08-17 03:00:00+00:00,BikePoints_399,"Brick Lane Market, Shoreditch",51.522617,-0.071653,9,0,9,24,13,2
2026-08-17 03:00:00+00:00,BikePoints_400,"George Street, Marylebone",51.517703,-0.154106,14,0,14,27,13,0
2026-08-17 03:00:00+00:00,BikePoints_401,"Columbia Road, Shoreditch",51.528187,-0.075375,14,2,12,24,9,1
2026-08-17 03:00:00+00:00,BikePoints_402,"Penfold Street, Marylebone",51.522892,-0.171681,1,0,1,15,13,1
2026-08-17 03:00:00+00:00,BikePoints_403,"George Place Mews, Marylebone",51.516892,-0.158249,2,1,1,16,12,2
2026-08-17 03:00:00+00:00,BikePoints_404,"Palace Gate, Kensington Gardens",51.502042,-0.1844,8,0,8,13,0,5
2026-08-17 03:00:00+00:00,BikePoints_405,"Gloucester Road Station, South Kensington",51.494185,-0.18267,0,0,0,15,14,1
2026-08-17 03:00:00+00:00,BikePoints_408,"Sun Street, Liverpool Street",51.520009,-0.083935,3,1,2,24,21,0
2026-08-17 03:00:00+00:00,BikePoints_409,"Strata, Elephant & Castle",51.493146,-0.099828,35,8,27,41,0,6
2026-08-17 03:00:00+00:00,BikePoints_410,"Orchard Place, Blackwall Tunnel",51.510212,0.004979,15,3,12,24,8,1
2026-08-17 03:00:00+00:00,BikePoints_411,"Rotherhithe Roundabout, Rotherhithe",51.499169,-0.055846,17,1,16,19,1,1
2026-08-17 03:00:00+00:00,BikePoints_412,"Cleaver Street, Kennington",51.488105,-0.110121,8,0,8,17,9,0
2026-08-17 03:00:00+00:00,BikePoints_419,"Chelsea Bridge, Pimlico",51.485821,-0.149004,1,0,1,15,14,0
2026-08-17 03:00:00+00:00,BikePoints_423,"Eaton Square (South), Belgravia",51.494561,-0.153933,8,0,8,31,23,0
2026-08-17 03:00:00+00:00,BikePoints_424,"Ebury Bridge, Pimlico",51.490491,-0.149186,16,1,15,29,11,2
2026-08-17 03:00:00+00:00,BikePoints_426,"Vincent Street, Pimlico",51.493072,-0.129925,12,5,7,17,5,0
2026-08-17 03:00:00+00:00,BikePoints_427,"Cheapside, Bank",51.51397,-0.09294,0,0,0,43,43,0
2026-08-17 03:00:00+00:00,BikePoints_428,"Exhibition Road, Knightsbridge",51.499917,-0.174554,0,0,0,20,20,0
2026-08-17 03:00:00+00:00,BikePoints_430,"South Parade, Chelsea",51.48902,-0.17524,4,0,4,18,12,2
2026-08-17 03:00:00+00:00,BikePoints_431,"Crinan Street, King's Cross",51.534474,-0.122203,6,3,3,20,13,1
2026-08-17 03:00:00+00:00,BikePoints_432,"Exhibition Road Museums 1, South Kensington",51.496468,-0.173796,0,0,0,13,13,0
2026-08-17 03:00:00+00:00,BikePoints_433,"Wren Street, Holborn",51.524564,-0.116279,3,0,3,33,27,3
2026-08-17 03:00:00+00:00,BikePoints_435,"Kennington Station, Kennington",51.488852,-0.105593,6,2,4,23,17,0
2026-08-17 03:00:00+00:00,BikePoints_436,"Red Lion Street, Holborn",51.51824,-0.11655,1,1,0,36,35,0
2026-08-17 03:00:00+00:00,BikePoints_437,"Vauxhall Walk, Vauxhall",51.488124,-0.120903,24,1,23,27,3,0
2026-08-17 03:00:00+00:00,BikePoints_439,"Killick Street, King's Cross",51.5338,-0.118677,15,2,13,22,5,2
2026-08-17 03:00:00+00:00,BikePoints_440,"Kennington Oval, Oval",51.483145,-0.113134,30,0,30,33,0,3
2026-08-17 03:00:00+00:00,BikePoints_441,"Sail Street, Vauxhall",51.495656,-0.114605,12,0,12,24,11,1
2026-08-17 03:00:00+00:00,BikePoints_442,"Walmer Road, Avondale",51.510101,-0.211358,8,1,7,24,16,0
2026-08-17 03:00:00+00:00,BikePoints_443,"Philpot Street, Whitechapel",51.515256,-0.058641,8,1,7,30,19,3
2026-08-17 03:00:00+00:00,BikePoints_444,"Bethnal Green Garden, Bethnal Green",51.52568,-0.055312,3,0,3,24,20,1
2026-08-17 03:00:00+00:00,BikePoints_445,"Cheshire Street, Bethnal Green",51.52388,-0.065076,4,0,4,28,24,0
2026-08-17 03:00:00+00:00,BikePoints_446,"York Hall, Bethnal Green",51.528936,-0.055894,13,0,13,27,12,2
2026-08-17 03:00:00+00:00,BikePoints_447,"Jubilee Crescent, Cubitt Town",51.493381,-0.007542,6,1,5,54,46,2
2026-08-17 03:00:00+00:00,BikePoints_448,"Fisherman's Walk West, Canary Wharf",51.50623,-0.02296,14,0,14,36,21,1
2026-08-17 03:00:00+00:00,BikePoints_449,"Shadwell Station, Shadwell",51.511088,-0.057159,29,3,26,35,3,3
2026-08-17 03:00:00+00:00,BikePoints_450,"Jubilee Street, Stepney",51.515975,-0.053177,6,2,4,28,22,0
2026-08-17 03:00:00+00:00,BikePoints_451,"Hermitage Court, Wapping",51.504719,-0.063531,10,4,6,16,5,1
2026-08-17 03:00:00+00:00,BikePoints_452,"St. Katharine's Way, Tower",51.505697,-0.070542,1,1,0,24,21,2
2026-08-17 03:00:00+00:00,BikePoints_453,"Garnet Street, Shadwell",51.508447,-0.055167,11,0,11,24,12,1
2026-08-17 03:00:00+00:00,BikePoints_454,"Napier Avenue, Millwall",51.487679,-0.021582,15,6,9,20,3,2
2026-08-17 03:00:00+00:00,BikePoints_455,"East Ferry Road, Cubitt Town",51.49447,-0.014409,16,2,14,17,0,1
2026-08-17 03:00:00+00:00,BikePoints_456,"Albert Street, Camden Town",51.537706,-0.144801,11,4,7,26,10,5
2026-08-17 03:00:00+00:00,BikePoints_457,"Castlehaven Road, Camden Town",51.542138,-0.145393,9,3,6,29,19,1
2026-08-17 03:00:00+00:00,BikePoints_458,"Wapping Lane, Wapping",51.504749,-0.057544,10,1,9,28,15,3
2026-08-17 03:00:00+00:00,BikePoints_459,"Gunmakers Lane, Old Ford",51.535179,-0.03338,14,1,13,17,2,1
2026-08-17 03:00:00+00:00,BikePoints_461,"Aston Street, Stepney",51.516,-0.038775,13,3,10,26,13,0
2026-08-17 03:00:00+00:00,BikePoints_462,"Bonny Street, Camden Town",51.541603,-0.138853,33,11,22,45,8,4
2026-08-17 03:00:00+00:00,BikePoints_463,"Thurtle Road, Haggerston",51.534776,-0.071881,3,1,2,22,17,2
2026-08-17 03:00:00+00:00,BikePoints_464,"St. Mary & St. Michael Church, Stepney",51.51417,-0.052099,6,0,6,25,19,0
2026-08-17 03:00:00+00:00,BikePoints_465,"Pitfield Street North,Hoxton",51.53558,-0.08249,21,4,17,28,5,2
2026-08-17 03:00:00+00:00,BikePoints_466,"Whiston Road, Haggerston",51.534464,-0.076341,8,4,4,21,11,2
2026-08-17 03:00:00+00:00,BikePoints_467,"Southern Grove, Bow",51.523538,-0.030556,3,0,3,17,14,0
2026-08-17 03:00:00+00:00,BikePoints_468,"Cantrell Road, Bow",51.521564,-0.022694,22,0,22,24,0,2
2026-08-17 03:00:00+00:00,BikePoints_469,"Lindfield Street, Poplar",51.513757,-0.020467,21,3,18,44,21,2
2026-08-17 03:00:00+00:00,BikePoints_470,"Mostyn Grove, Bow",51.530535,-0.025492,19,4,15,46,26,1
2026-08-17 03:00:00+00:00,BikePoints_471,"Hewison Street, Old Ford",51.533283,-0.028155,14,4,10,19,5,0
2026-08-17 03:00:00+00:00,BikePoints_472,"Malmesbury Road, Bow",51.529452,-0.027616,8,3,5,21,11,2
2026-08-17 03:00:00+00:00,BikePoints_473,"Millharbour, Millwall",51.496137,-0.019355,8,1,7,19,7,4
2026-08-17 03:00:00+00:00,BikePoints_474,"Gascoyne Road, Victoria Park",51.541515,-0.038557,10,7,3,20,7,3
2026-08-17 03:00:00+00:00,BikePoints_475,"Lightermans Road, Millwall",51.499041,-0.020157,7,2,5,31,21,3
2026-08-17 03:00:00+00:00,BikePoints_476,"Stebondale Street, Cubitt Town",51.489096,-0.009205,5,0,5,29,20,4
2026-08-17 03:00:00+00:00,BikePoints_477,"Spindrift Avenue, Millwall",51.49109,-0.018716,16,2,14,36,18,2
2026-08-17 03:00:00+00:00,BikePoints_478,"Stepney Green Station, Stepney",51.521889,-0.04667,16,1,15,21,1,4
2026-08-17 03:00:00+00:00,BikePoints_479,"Pott Street, Bethnal Green",51.527152,-0.058005,14,1,13,20,2,4
2026-08-17 03:00:00+00:00,BikePoints_480,"Flamborough Street, Limehouse",51.512871,-0.038986,24,3,21,25,0,1
2026-08-17 03:00:00+00:00,BikePoints_481,"Saunders Ness Road, Cubitt Town",51.487129,-0.009001,9,1,8,35,23,3
2026-08-17 03:00:00+00:00,BikePoints_482,"Exhibition Road Museums 2, South Kensington",51.495947,-0.173689,0,0,0,14,14,0
2026-08-17 03:00:00+00:00,BikePoints_483,"Albert Gardens, Stepney",51.51328,-0.047784,28,2,26,33,1,4
2026-08-17 03:00:00+00:00,BikePoints_484,"Bromley High Street, Bow",51.528828,-0.013258,11,2,9,24,9,4
2026-08-17 03:00:00+00:00,BikePoints_485,"Old Ford Road, Bethnal Green",51.531127,-0.048017,15,2,13,24,3,6
2026-08-17 03:00:00+00:00,BikePoints_486,"Granby Street, Shoreditch",51.525645,-0.069543,3,0,3,37,33,1
2026-08-17 03:00:00+00:00,BikePoints_487,"Canton Street, Poplar",51.511811,-0.025626,8,1,7,23,14,1
2026-08-17 03:00:00+00:00,BikePoints_488,"Reardon Street, Wapping",51.506946,-0.058681,3,0,3,22,14,5
2026-08-17 03:00:00+00:00,BikePoints_489,"Christian Street, Whitechapel",51.513074,-0.064094,18,6,12,34,16,0
2026-08-17 03:00:00+00:00,BikePoints_490,"Pennington Street, Wapping",51.508622,-0.065006,9,4,5,45,34,2
2026-08-17 03:00:00+00:00,BikePoints_491,"Queen Mary's, Mile End",51.522507,-0.041378,9,0,9,45,31,5
2026-08-17 03:00:00+00:00,BikePoints_494,"South Quay East, Canary Wharf",51.50196,-0.016251,14,2,12,36,22,0
2026-08-17 03:00:00+00:00,BikePoints_495,"Bow Church Station, Bow",51.528169,-0.018703,26,6,20,39,12,1
2026-08-17 03:00:00+00:00,BikePoints_496,"Devons Road, Bow",51.52512,-0.015578,33,7,26,39,1,5
2026-08-17 03:00:00+00:00,BikePoints_497,"Merchant Street, Bow",51.526578,-0.027581,24,4,20,27,2,1
2026-08-17 03:00:00+00:00,BikePoints_498,"Bow Road Station, Bow",51.527058,-0.025296,10,5,5,42,31,1
2026-08-17 03:00:00+00:00,BikePoints_499,"Furze Green, Bow",51.519265,-0.021345,18,3,15,36,15,3
2026-08-17 03:00:00+00:00,BikePoints_500,"Ansell House, Stepney",51.520019,-0.05438,2,0,2,41,37,2
2026-08-17 03:00:00+00:00,BikePoints_501,"Cephas Street, Bethnal Green",51.522561,-0.054883,9,2,7,24,11,4
2026-08-17 03:00:00+00:00,BikePoints_502,"Bonner Gate, Victoria Park",51.53341,-0.049591,2,0,2,21,15,4
2026-08-17 03:00:00+00:00,BikePoints_503,"Cleveland Way, Stepney",51.520893,-0.051394,2,0,2,36,33,1
2026-08-17 03:00:00+00:00,BikePoints_504,"St. John's Park, Cubitt Town",51.496454,-0.009506,7,0,7,30,21,2
2026-08-17 03:00:00+00:00,BikePoints_505,"Ackroyd Drive, Bow",51.520398,-0.026768,24,6,18,29,0,5
2026-08-17 03:00:00+00:00,BikePoints_506,"Bell Lane, Liverpool Street",51.517475,-0.075855,0,0,0,23,22,1
2026-08-17 03:00:00+00:00,BikePoints_507,"Clarkson Street, Bethnal Green",51.528692,-0.059091,14,3,11,31,16,1
2026-08-17 03:00:00+00:00,BikePoints_508,"Fournier Street, Whitechapel",51.519362,-0.074431,1,1,0,18,15,2
2026-08-17 03:00:00+00:00,BikePoints_509,"Fore Street Avenue, Guildhall",51.517842,-0.090075,0,0,0,19,17,2
2026-08-17 03:00:00+00:00,BikePoints_510,"Westferry DLR, Limehouse",51.509303,-0.025996,17,1,16,41,22,2
2026-08-17 03:00:00+00:00,BikePoints_511,"Sutton Street, Shadwell",51.511066,-0.053558,29,5,24,33,1,3
2026-08-17 03:00:00+00:00,BikePoints_513,"Watney Market, Stepney",51.514222,-0.055656,10,2,8,51,40,1
2026-08-17 03:00:00+00:00,BikePoints_514,"Portman Square, Marylebone",51.516204,-0.155525,1,1,0,17,15,1
2026-08-17 03:00:00+00:00,BikePoints_515,"Russell Gardens, Olympia",51.500088,-0.211316,5,0,5,24,19,0
2026-08-17 03:00:00+00:00,BikePoints_516,"Chrisp Street Market, Poplar",51.5112,-0.014438,15,3,12,18,2,1
2026-08-17 03:00:00+00:00,BikePoints_517,"Ford Road, Old Ford",51.532513,-0.033085,7,0,7,18,8,3
2026-08-17 03:00:00+00:00,BikePoints_518,"Antill Road, Mile End",51.528224,-0.037471,9,1,8,30,20,1
2026-08-17 03:00:00+00:00,BikePoints_519,"Teviot Street, Poplar",51.518811,-0.011662,32,1,31,33,0,1
2026-08-17 03:00:00+00:00,BikePoints_520,"Bancroft Road, Bethnal Green",51.526041,-0.047218,19,5,14,21,0,2
2026-08-17 03:00:00+00:00,BikePoints_521,"Driffield Road, Old Ford",51.534137,-0.037366,18,0,18,19,0,1
2026-08-17 03:00:00+00:00,BikePoints_522,"Clinton Road, Mile End",51.525941,-0.036017,15,1,14,36,20,1
2026-08-17 03:00:00+00:00,BikePoints_523,"Langdon Park, Poplar",51.51549,-0.013475,17,2,15,24,6,1
2026-08-17 03:00:00+00:00,BikePoints_524,"Lancaster Gate , Bayswater",51.511654,-0.179668,28,0,28,38,9,1
2026-08-17 03:00:00+00:00,BikePoints_525,"Blythe Road, Olympia",51.496927,-0.2135,6,1,5,24,17,1
2026-08-17 03:00:00+00:00,BikePoints_526,"Lancaster Drive, Blackwall",51.503143,-0.008428,13,2,11,27,13,1
2026-08-17 03:00:00+00:00,BikePoints_527,"Hansard Mews, Holland Park",51.503802,-0.215808,12,5,7,20,8,0
2026-08-17 03:00:00+00:00,BikePoints_528,"Clarges Street, Mayfair",51.507326,-0.145827,0,0,0,16,16,0
2026-08-17 03:00:00+00:00,BikePoints_529,"Manresa Road, Chelsea",51.486892,-0.170983,3,0,3,18,13,2
2026-08-17 03:00:00+00:00,BikePoints_530,"Newby Place, Poplar",51.508896,-0.012413,16,2,14,18,1,1
2026-08-17 03:00:00+00:00,BikePoints_531,"Twig Folly Bridge, Mile End",51.530326,-0.042744,7,2,5,21,14,0
2026-08-17 03:00:00+00:00,BikePoints_532,"Jubilee Plaza, Canary Wharf",51.5034,-0.020242,0,0,0,63,59,4
2026-08-17 03:00:00+00:00,BikePoints_533,"Wellington Row, Bethnal Green",51.528222,-0.069743,24,4,20,33,7,2
2026-08-17 03:00:00+00:00,BikePoints_534,"Goldsmith's Row, Haggerston",51.531864,-0.066035,24,3,21,27,0,3
2026-08-17 03:00:00+00:00,BikePoints_536,"Queensbridge Road, Haggerston",51.53385,-0.06992,11,0,11,35,21,3
2026-08-17 03:00:00+00:00,BikePoints_537,"Old Montague Street, Whitechapel",51.51793,-0.067937,14,5,9,18,4,0
2026-08-17 03:00:00+00:00,BikePoints_538,"Naval Row, Blackwall",51.508981,-0.00699,19,4,15,21,1,1
2026-08-17 03:00:00+00:00,BikePoints_539,"Hoxton Station, Hoxton",51.531091,-0.075901,5,1,4,22,17,0
2026-08-17 03:00:00+00:00,BikePoints_541,"Green Park Station, Mayfair",51.506613,-0.142844,0,0,0,28,24,4
2026-08-17 03:00:00+00:00,BikePoints_542,"Salmon Lane, Limehouse",51.514115,-0.033828,14,5,9,33,18,1
2026-08-17 03:00:00+00:00,BikePoints_543,"Lansdowne Walk, Ladbroke Grove",51.509591,-0.204666,12,1,11,21,7,2
2026-08-17 03:00:00+00:00,BikePoints_544,"Percival Street, Finsbury",51.526153,-0.102208,4,1,3,22,16,2
2026-08-17 03:00:00+00:00,BikePoints_545,"Arlington Road, Camden Town",51.539957,-0.145246,16,0,16,24,7,1
2026-08-17 03:00:00+00:00,BikePoints_546,"New Fetter Lane, Holborn",51.517428,-0.107987,0,0,0,21,20,1
2026-08-17 03:00:00+00:00,BikePoints_547,"East India DLR, Blackwall",51.509474,-0.002275,25,8,17,51,21,5
2026-08-17 03:00:00+00:00,BikePoints_548,"Westminster Bridge Road, Elephant & Castle",51.498386,-0.107913,14,0,14,26,11,1
2026-08-17 03:00:00+00:00,BikePoints_549,"Gaywood  Street, Elephant & Castle",51.49605,-0.104193,5,0,5,45,38,2
2026-08-17 03:00:00+00:00,BikePoints_550,"Harford Street, Mile End",51.521564,-0.039264,23,0,23,23,0,0
2026-08-17 03:00:00+00:00,BikePoints_551,"Import Dock, Canary Wharf",51.505772,-0.01646,14,1,13,39,20,5
2026-08-17 03:00:00+00:00,BikePoints_552,"Watney Street, Shadwell",51.511542,-0.056667,5,0,5,27,22,0
2026-08-17 03:00:00+00:00,BikePoints_553,"Regent's Row , Haggerston",51.535678,-0.062546,5,1,4,24,17,2
2026-08-17 03:00:00+00:00,BikePoints_554,"Aberfeldy Street, Poplar",51.513548,-0.005659,11,2,9,16,0,5
2026-08-17 03:00:00+00:00,BikePoints_556,"Heron Quays DLR, Canary Wharf",51.502661,-0.021596,0,0,0,27,25,2
2026-08-17 03:00:00+00:00,BikePoints_557,"King Edward Street, St Pauls",51.51601,-0.0985,1,0,1,20,19,0
2026-08-17 03:00:00+00:00,BikePoints_558,"Page Street, Westminster",51.493978,-0.127554,8,5,3,24,14,2
2026-08-17 03:00:00+00:00,BikePoints_559,"Abbotsbury Road, Holland Park",51.501391,-0.205991,5,0,5,24,19,0
2026-08-17 03:00:00+00:00,BikePoints_560,"Ladbroke Grove Central, Ladbroke Grove",51.511624,-0.205921,6,1,5,21,14,1
2026-08-17 03:00:00+00:00,BikePoints_561,"Rectory Square, Stepney",51.518369,-0.043371,7,1,6,22,14,1
2026-08-17 03:00:00+00:00,BikePoints_562,"Bury Place, Holborn",51.51742,-0.123189,1,1,0,21,20,0
2026-08-17 03:00:00+00:00,BikePoints_563,"Preston's Road, Cubitt Town",51.499286,-0.009152,17,1,16,26,5,4
2026-08-17 03:00:00+00:00,BikePoints_564,"Somerset House, Strand",51.509943,-0.117619,0,0,0,41,40,1
2026-08-17 03:00:00+00:00,BikePoints_565,"Selby Street, Whitechapel",51.521905,-0.063386,6,2,4,17,9,2
2026-08-17 03:00:00+00:00,BikePoints_568,"Bishop's Bridge Road West, Bayswater",51.51616,-0.18697,4,0,4,18,10,4
2026-08-17 03:00:00+00:00,BikePoints_569,"Pitfield Street Central, Hoxton",51.53213,-0.08299,4,0,4,30,22,4
2026-08-17 03:00:00+00:00,BikePoints_570,"Upper Bank Street, Canary Wharf",51.503083,-0.017676,8,0,8,36,23,5
2026-08-17 03:00:00+00:00,BikePoints_571,"Westfield Southern Terrace ,Shepherd's Bush",51.506256,-0.218337,8,0,8,29,19,2
2026-08-17 03:00:00+00:00,BikePoints_572,"Greenland Road, Camden Town",51.539099,-0.141728,34,4,30,36,1,1
2026-08-17 03:00:00+00:00,BikePoints_573,"Limerston Street, West Chelsea",51.485587,-0.18119,2,2,0,18,15,1
2026-08-17 03:00:00+00:00,BikePoints_574,"Eagle Wharf Road, Hoxton",51.53356,-0.09315,18,4,14,45,22,5
2026-08-17 03:00:00+00:00,BikePoints_576,"Alpha Grove, Millwall",51.497304,-0.022793,18,7,11,23,0,5
2026-08-17 03:00:00+00:00,BikePoints_577,"Globe Town Market, Bethnal Green",51.528869,-0.047548,19,3,16,20,0,1
2026-08-17 03:00:00+00:00,BikePoints_578,"Hollybush Gardens, Bethnal Green",51.527607,-0.057133,25,1,24,32,7,0
2026-08-17 03:00:00+00:00,BikePoints_579,"Queen Street 2, Bank",51.511246,-0.093051,3,0,3,36,32,1
2026-08-17 03:00:00+00:00,BikePoints_580,"Doddington Grove, Kennington",51.486929,-0.102996,28,8,20,36,7,1
2026-08-17 03:00:00+00:00,BikePoints_581,"New Cavendish Street, Marylebone",51.519167,-0.147983,6,1,5,18,10,2
2026-08-17 03:00:00+00:00,BikePoints_583,"Abingdon Green, Westminster",51.49764,-0.125972,0,0,0,20,20,0
2026-08-17 03:00:00+00:00,BikePoints_584,"Ilchester Gardens, Bayswater",51.51244,-0.19096,11,3,8,21,10,0
2026-08-17 03:00:00+00:00,BikePoints_586,"Mudchute DLR, Cubitt Town",51.490645,-0.014582,17,3,14,31,13,1
2026-08-17 03:00:00+00:00,BikePoints_587,"Monument Street, Monument",51.50964,-0.08497,3,0,3,22,18,1
2026-08-17 03:00:00+00:00,BikePoints_589,"Drayton Gardens, West Chelsea",51.487196,-0.179369,4,1,3,18,14,0
2026-08-17 03:00:00+00:00,BikePoints_590,"Greenberry Street, St.John's Wood",51.53256,-0.16862,20,2,18,26,6,0
2026-08-17 03:00:00+00:00,BikePoints_591,"Westfield Library Corner, Shepherd's Bush",51.506093,-0.224223,19,4,15,27,8,0
2026-08-17 03:00:00+00:00,BikePoints_592,"Bishop's Bridge Road East, Bayswater",51.5171,-0.18377,2,1,1,20,18,0
2026-08-17 03:00:00+00:00,BikePoints_593,"Northdown Street, King's Cross",51.531066,-0.11934,9,1,8,21,8,4
2026-08-17 03:00:00+00:00,BikePoints_594,"Kingsway Southbound, Strand",51.513875,-0.117774,0,0,0,33,32,1
2026-08-17 03:00:00+00:00,BikePoints_595,"Hammersmith Road, Hammersmith",51.493267,-0.21985,1,0,1,22,20,1
2026-08-17 03:00:00+00:00,BikePoints_596,"Parson's Green , Parson's Green",51.472817,-0.199783,8,1,7,21,13,0
2026-08-17 03:00:00+00:00,BikePoints_597,"Fulham Park Road, Fulham",51.473471,-0.20782,5,1,4,27,22,0
2026-08-17 03:00:00+00:00,BikePoints_598,"Southerton Road, Hammersmith",51.494499,-0.228188,22,2,20,38,14,2
2026-08-17 03:00:00+00:00,BikePoints_599,"Manbre Road, Hammersmith",51.485743,-0.223616,10,0,10,28,18,0
2026-08-17 03:00:00+00:00,BikePoints_600,"South Lambeth Road, Vauxhall",51.481747,-0.124642,16,4,12,21,0,5
2026-08-17 03:00:00+00:00,BikePoints_602,"Union Grove, Wandsworth Road",51.472993,-0.133972,31,1,30,45,13,1
2026-08-17 03:00:00+00:00,BikePoints_603,"Caldwell Street, Stockwell",51.477839,-0.116493,26,0,26,44,18,0
2026-08-17 03:00:00+00:00,BikePoints_604,"St Martins Close, Camden Town",51.538792,-0.138535,16,7,9,18,0,2
2026-08-17 03:00:00+00:00,BikePoints_605,"Seymour Place, Marylebone",51.520331,-0.163667,2,0,2,29,25,2
2026-08-17 03:00:00+00:00,BikePoints_606,"Addison Road, Holland Park",51.504199,-0.210941,4,0,4,26,21,1
2026-08-17 03:00:00+00:00,BikePoints_607,"Putney Bridge Station, Fulham",51.468814,-0.210279,9,1,8,21,12,0
2026-08-17 03:00:00+00:00,BikePoints_608,"Colet Gardens, Hammersmith",51.491093,-0.216493,5,1,4,30,25,0
2026-08-17 03:00:00+00:00,BikePoints_609,"Sugden Road, Clapham",51.465123,-0.157788,14,7,7,19,2,3
2026-08-17 03:00:00+00:00,BikePoints_610,"Danvers Street, West Chelsea",51.482567,-0.172078,5,1,4,21,14,2
2026-08-17 03:00:00+00:00,BikePoints_611,"Princedale Road , Holland Park",51.506465,-0.208486,11,2,9,20,5,4
2026-08-17 03:00:00+00:00,BikePoints_612,"Wandsworth Rd, Isley Court, Wandsworth Road",51.469259,-0.141812,24,3,21,30,6,0
2026-08-17 03:00:00+00:00,BikePoints_613,"Woodstock Grove, Shepherd's Bush",51.504038,-0.2174,1,1,0,24,21,2
2026-08-17 03:00:00+00:00,BikePoints_615,"Finlay Street, Fulham",51.476885,-0.215895,17,1,16,24,7,0
2026-08-17 03:00:00+00:00,BikePoints_616,"Aintree Street, Fulham",51.481021,-0.209973,14,6,8,24,8,2
2026-08-17 03:00:00+00:00,BikePoints_617,"Elysium Place, Fulham",51.471079,-0.207842,15,3,12,21,6,0
2026-08-17 03:00:00+00:00,BikePoints_618,"Eel Brook Common, Walham Green",51.476259,-0.193254,24,1,23,24,0,0
2026-08-17 03:00:00+00:00,BikePoints_619,"Irene Road, Parsons Green",51.473763,-0.19701,17,0,17,23,6,0
2026-08-17 03:00:00+00:00,BikePoints_620,"Surrey Lane, Battersea",51.47518,-0.16716,24,3,21,26,1,1
2026-08-17 03:00:00+00:00,BikePoints_621,"Wandsworth Town Station, Wandsworth",51.460864,-0.187427,30,1,29,33,0,3
2026-08-17 03:00:00+00:00,BikePoints_622,"Lansdowne Road, Ladbroke Grove",51.507481,-0.205535,19,3,16,29,10,0
2026-08-17 03:00:00+00:00,BikePoints_623,"Nantes Close, Wandsworth",51.46193,-0.180791,17,0,17,22,4,1
2026-08-17 03:00:00+00:00,BikePoints_624,"Courland Grove, Wandsworth Road",51.472918,-0.132102,37,1,36,40,0,3
2026-08-17 03:00:00+00:00,BikePoints_625,"Queen's Circus, Battersea Park",51.477619,-0.149551,23,3,20,28,5,0
2026-08-17 03:00:00+00:00,BikePoints_626,"Normand Park, West Kensington",51.484386,-0.204815,19,1,18,24,5,0
2026-08-17 03:00:00+00:00,BikePoints_627,"Holden Street, Battersea",51.46879,-0.15823,18,1,17,20,1,1
2026-08-17 03:00:00+00:00,BikePoints_628,"William Morris Way, Sands End",51.468819,-0.184318,25,2,23,26,1,0
2026-08-17 03:00:00+00:00,BikePoints_629,"Morie Street, Wandsworth",51.459953,-0.190184,25,2,23,28,0,3
2026-08-17 03:00:00+00:00,BikePoints_630,"Clarence Walk, Stockwell",51.470732,-0.126994,27,1,26,28,1,0
2026-08-17 03:00:00+00:00,BikePoints_631,"Battersea Park Road, Nine Elms",51.479501,-0.14177,3,3,0,27,21,3
2026-08-17 03:00:00+00:00,BikePoints_632,"Sheepcote Lane, Battersea",51.470538,-0.163041,26,0,26,28,1,1
2026-08-17 03:00:00+00:00,BikePoints_633,"Vereker Road, West Kensington",51.489591,-0.209378,7,1,6,32,24,1
2026-08-17 03:00:00+00:00,BikePoints_634,"Brook Green South, Brook Green",51.494347,-0.215804,2,0,2,33,30,1
2026-08-17 03:00:00+00:00,BikePoints_635,"Greyhound Road, Hammersmith",51.486062,-0.214428,25,5,20,37,11,1
2026-08-17 03:00:00+00:00,BikePoints_636,"South Park, Sands End",51.467064,-0.193502,23,2,21,28,4,1
2026-08-17 03:00:00+00:00,BikePoints_638,"Falcon Road, Clapham Junction",51.466633,-0.169821,17,2,15,28,9,2
2026-08-17 03:00:00+00:00,BikePoints_640,"Silverthorne Road, Battersea",51.472865,-0.148059,16,0,16,28,10,2
2026-08-17 03:00:00+00:00,BikePoints_641,"Archbishop's Park, Waterloo",51.498241,-0.117495,10,0,10,23,13,0
2026-08-17 03:00:00+00:00,BikePoints_642,"Fawcett Close, Battersea",51.469161,-0.174485,17,2,15,30,10,3
2026-08-17 03:00:00+00:00,BikePoints_643,"All Saints' Road, Portobello",51.519042,-0.204764,4,4,0,22,18,0
2026-08-17 03:00:00+00:00,BikePoints_644,"Rainville Road, Hammersmith",51.483732,-0.223852,3,0,3,36,31,2
2026-08-17 03:00:00+00:00,BikePoints_645,"Great Suffolk Street, The Borough",51.501732,-0.100292,3,1,2,21,14,4
2026-08-17 03:00:00+00:00,BikePoints_646,"Buckingham Gate, Westminster",51.498865,-0.137424,2,2,0,16,10,4
2026-08-17 03:00:00+00:00,BikePoints_647,"Richmond Way, Shepherd's Bush",51.500353,-0.217515,8,0,8,27,19,0
2026-08-17 03:00:00+00:00,BikePoints_648,"Peterborough Road, Sands End",51.46904,-0.196274,12,1,11,20,8,0
2026-08-17 03:00:00+00:00,BikePoints_649,"World's End Place, West Chelsea",51.481805,-0.180274,7,0,7,22,14,1
2026-08-17 03:00:00+00:00,BikePoints_650,"St. Mark's Road, North Kensington",51.51687,-0.213872,10,5,5,21,10,1
2026-08-17 03:00:00+00:00,BikePoints_651,"Thorndike Close, West Chelsea",51.480898,-0.183853,7,3,4,25,18,0
2026-08-17 03:00:00+00:00,BikePoints_652,"Evesham Street, Avondale",51.511486,-0.21819,7,1,6,20,13,0
2026-08-17 03:00:00+00:00,BikePoints_653,"Simpson Street, Clapham Junction",51.470847,-0.170703,24,3,21,25,1,0
2026-08-17 03:00:00+00:00,BikePoints_654,"Ashmole Estate, Oval",51.482678,-0.117661,20,1,19,34,13,1
2026-08-17 03:00:00+00:00,BikePoints_655,"Crabtree Lane, Fulham",51.482944,-0.219346,22,2,20,27,4,1
2026-08-17 03:00:00+00:00,BikePoints_656,"Broomhouse Lane, Parsons Green",51.468418,-0.199135,21,1,20,29,8,0
2026-08-17 03:00:00+00:00,BikePoints_657,"Blythe Road West, Shepherd's Bush",51.49968,-0.221791,4,0,4,21,17,0
2026-08-17 03:00:00+00:00,BikePoints_658,"Ethelburga Estate, Battersea Park",51.477292,-0.164786,21,6,15,30,8,1
2026-08-17 03:00:00+00:00,BikePoints_659,"Blackfriars Station, St. Paul's",51.511934,-0.103078,4,0,4,35,29,2
2026-08-17 03:00:00+00:00,BikePoints_660,"West Kensington Station, West Kensington",51.49087,-0.206029,15,3,12,22,5,2
2026-08-17 03:00:00+00:00,BikePoints_661,"All Saints Church, Portobello",51.51632,-0.202608,9,2,7,37,27,1
2026-08-17 03:00:00+00:00,BikePoints_662,"Phene Street, Chelsea",51.484984,-0.167919,4,2,2,24,19,1
2026-08-17 03:00:00+00:00,BikePoints_663,"Clarendon Road, Avondale",51.51323,-0.211593,5,2,3,24,17,2
2026-08-17 03:00:00+00:00,BikePoints_664,"Austin Road, Battersea Park",51.474376,-0.155442,20,1,19,24,3,1
2026-08-17 03:00:00+00:00,BikePoints_665,"Smugglers Way, Wandsworth",51.461083,-0.191722,26,2,24,27,1,0
2026-08-17 03:00:00+00:00,BikePoints_666,"Harris Academy, Bermondsey",51.492668,-0.07235,15,4,11,18,1,2
2026-08-17 03:00:00+00:00,BikePoints_667,"Shepherd's Bush Road North, Shepherd's Bush",51.501594,-0.222293,28,1,27,34,2,4
2026-08-17 03:00:00+00:00,BikePoints_668,"Ravenscourt Park Station, Hammersmith",51.494223,-0.236769,13,4,9,26,10,3
2026-08-17 03:00:00+00:00,BikePoints_669,"Teversham Lane, Stockwell",51.476149,-0.123258,26,5,21,39,12,1
2026-08-17 03:00:00+00:00,BikePoints_670,"Ashley Crescent, Battersea",51.467185,-0.152248,23,7,16,28,2,3
2026-08-17 03:00:00+00:00,BikePoints_671,"Parsons Green Station, Parsons Green",51.475089,-0.201968,33,3,30,56,21,2
2026-08-17 03:00:00+00:00,BikePoints_672,"Chicheley Street, South Bank",51.502698,-0.116747,9,4,5,24,14,1
2026-08-17 03:00:00+00:00,BikePoints_673,"Hibbert Street, Battersea",51.46517,-0.180389,32,1,31,36,4,0
2026-08-17 03:00:00+00:00,BikePoints_674,"Carnegie Street, King's Cross",51.535467,-0.116191,14,2,12,40,24,2
2026-08-17 03:00:00+00:00,BikePoints_675,"Usk Road, Clapham Junction",51.463489,-0.182126,22,0,22,30,6,2
2026-08-17 03:00:00+00:00,BikePoints_676,"Hartington Road, Stockwell",51.47787,-0.126874,30,2,28,35,5,0
2026-08-17 03:00:00+00:00,BikePoints_677,"Heath Road, Battersea",51.468669,-0.146544,23,2,21,27,4,0
2026-08-17 03:00:00+00:00,BikePoints_678,"Esmond Street, Putney",51.462312,-0.211468,27,5,22,30,1,2
2026-08-17 03:00:00+00:00,BikePoints_679,"Orbel Street, Battersea",51.474535,-0.17021,20,2,18,26,6,0
2026-08-17 03:00:00+00:00,BikePoints_680,"Westbridge Road, Battersea",51.477684,-0.170329,25,4,21,28,0,3
2026-08-17 03:00:00+00:00,BikePoints_681,"Bishop's Avenue, Fulham",51.473036,-0.214749,23,1,22,46,21,2
2026-08-17 03:00:00+00:00,BikePoints_682,"Crisp Road, Hammersmith",51.488108,-0.226606,24,0,24,46,21,1
2026-08-17 03:00:00+00:00,BikePoints_683,"Dorothy Road, Clapham Junction",51.465064,-0.16375,14,1,13,28,13,1
2026-08-17 03:00:00+00:00,BikePoints_684,"Neville Gill Close, Wandsworth",51.454752,-0.195197,30,1,29,32,0,2
2026-08-17 03:00:00+00:00,BikePoints_685,"Osiers Road, Wandsworth",51.46067,-0.198735,14,3,11,30,13,3
2026-08-17 03:00:00+00:00,BikePoints_686,"Beryl Road, Hammersmith",51.488144,-0.222456,8,0,8,26,18,0
2026-08-17 03:00:00+00:00,BikePoints_687,"Clements Road, Bermondsey",51.4954,-0.061698,10,1,9,23,10,3
2026-08-17 03:00:00+00:00,BikePoints_688,"Northfields, Wandsworth",51.460951,-0.200667,22,1,21,28,6,0
2026-08-17 03:00:00+00:00,BikePoints_689,"Spanish Road, Clapham Junction",51.459225,-0.180884,18,4,14,30,12,0
2026-08-17 03:00:00+00:00,BikePoints_690,"Stanley Grove, Battersea",51.470475,-0.15213,21,2,19,24,2,1
2026-08-17 03:00:00+00:00,BikePoints_691,"Erin Close, Walham Green",51.479463,-0.195777,16,1,15,24,8,0
2026-08-17 03:00:00+00:00,BikePoints_692,"Cadogan Close, Victoria Park",51.542118,-0.028941,13,3,10,22,6,3
2026-08-17 03:00:00+00:00,BikePoints_693,"Felsham Road, Putney",51.464786,-0.215618,16,1,15,18,1,1
2026-08-17 03:00:00+00:00,BikePoints_694,"Putney Rail Station, Putney",51.460717,-0.216526,17,6,11,20,2,1
2026-08-17 03:00:00+00:00,BikePoints_695,"Islington Green, Angel",51.536384,-0.102757,9,1,8,21,8,4
2026-08-17 03:00:00+00:00,BikePoints_696,"Charing Cross Hospital, Hammersmith",51.487285,-0.217995,18,2,16,21,3,0
2026-08-17 03:00:00+00:00,BikePoints_697,"Charlotte Terrace, Angel",51.536392,-0.112721,15,7,8,25,8,2
2026-08-17 03:00:00+00:00,BikePoints_698,"Shoreditch Court, Haggerston",51.539083,-0.070329,20,7,13,35,13,2
2026-08-17 03:00:00+00:00,BikePoints_699,"Belford House, Haggerston",51.536654,-0.07023,15,2,13,39,24,0
2026-08-17 03:00:00+00:00,BikePoints_700,"Battersea Church Road, Battersea",51.476964,-0.174347,22,8,14,25,1,2
2026-08-17 03:00:00+00:00,BikePoints_701,"Vicarage Crescent, Battersea",51.472876,-0.176267,19,2,17,30,10,1
2026-08-17 03:00:00+00:00,BikePoints_702,"Durant Street, Bethnal Green",51.528681,-0.06555,15,3,12,24,9,0
2026-08-17 03:00:00+00:00,BikePoints_703,"St. Bride Street, Holborn",51.514665,-0.104583,2,1,1,24,19,3
2026-08-17 03:00:00+00:00,BikePoints_704,"Mexfield Road, East Putney",51.45682,-0.202802,4,4,0,18,11,3
2026-08-17 03:00:00+00:00,BikePoints_705,"Upper Richmond Road, Putney",51.459715,-0.212145,23,6,17,25,0,2
2026-08-17 03:00:00+00:00,BikePoints_706,"Snowsfields, London Bridge",51.502153,-0.083632,0,0,0,31,29,2
2026-08-17 03:00:00+00:00,BikePoints_707,"Barons Court Station, West Kensington",51.490217,-0.215087,26,0,26,32,5,1
2026-08-17 03:00:00+00:00,BikePoints_708,"Disraeli Road, Putney",51.46161,-0.216145,29,0,29,33,3,1
2026-08-17 03:00:00+00:00,BikePoints_709,"Montserrat Road , Putney",51.463211,-0.21555,23,0,23,23,0,0
2026-08-17 03:00:00+00:00,BikePoints_710,"Albert Bridge Road, Battersea Park",51.474392,-0.163347,18,1,17,20,0,2
2026-08-17 03:00:00+00:00,BikePoints_711,"Everington Street, Fulham",51.483356,-0.216305,8,3,5,31,21,2
2026-08-17 03:00:00+00:00,BikePoints_712,"Mile End Stadium, Mile End",51.518541,-0.034903,17,0,17,22,5,0
2026-08-17 03:00:00+00:00,BikePoints_713,"Hawley Crescent, Camden Town",51.541007,-0.14326,19,4,15,22,2,1
2026-08-17 03:00:00+00:00,BikePoints_714,"Stewart's Road, Wandsworth Road",51.473116,-0.137235,25,0,25,28,3,0
2026-08-17 03:00:00+00:00,BikePoints_715,"Aylward Street, Stepney",51.51563,-0.049067,12,2,10,22,9,1
2026-08-17 03:00:00+00:00,BikePoints_716,"Stainsby Road , Poplar",51.515427,-0.023565,12,2,10,24,11,1
2026-08-17 03:00:00+00:00,BikePoints_717,"Dunston Road , Haggerston",51.536585,-0.075885,34,8,26,43,9,0
2026-08-17 03:00:00+00:00,BikePoints_718,"Ada Street, Hackney Central",51.535716,-0.060291,31,5,26,45,14,0
2026-08-17 03:00:00+00:00,BikePoints_719,"Victoria Park Road, Hackney Central",51.536424,-0.054162,9,3,6,34,25,0
2026-08-17 03:00:00+00:00,BikePoints_720,"Star Road, West Kensington",51.487244,-0.205279,19,3,16,23,2,2
2026-08-17 03:00:00+00:00,BikePoints_721,"Wendon Street, Old Ford",51.536039,-0.026262,11,3,8,18,4,3
2026-08-17 03:00:00+00:00,BikePoints_722,"Finnis Street, Bethnal Green",51.524583,-0.058631,5,2,3,19,14,0
2026-08-17 03:00:00+00:00,BikePoints_723,"Stephendale Road, Sands End",51.46822,-0.190346,46,1,45,48,0,2
2026-08-17 03:00:00+00:00,BikePoints_724,"Alma Road, Wandsworth",51.457991,-0.184806,21,6,15,28,6,1
2026-08-17 03:00:00+00:00,BikePoints_725,"Walworth Square, Walworth",51.491327,-0.096518,23,2,21,24,0,1
2026-08-17 03:00:00+00:00,BikePoints_726,"Alfreda Street, Battersea Park",51.47505,-0.150908,19,2,17,22,2,1
2026-08-17 03:00:00+00:00,BikePoints_727,"Chesilton Road, Fulham",51.475698,-0.205876,14,4,10,23,7,2
2026-08-17 03:00:00+00:00,BikePoints_728,"Putney Bridge Road, East Putney",51.461999,-0.20624,28,6,22,29,0,1
2026-08-17 03:00:00+00:00,BikePoints_729,"St. Peter's Terrace, Fulham",51.478939,-0.208485,17,1,16,24,6,1
2026-08-17 03:00:00+00:00,BikePoints_730,"Bridge Avenue, Hammersmith",51.492084,-0.229116,12,1,11,18,6,0
2026-08-17 03:00:00+00:00,BikePoints_731,"Michael Road, Walham Green",51.477276,-0.18921,13,0,13,37,22,2
2026-08-17 03:00:00+00:00,BikePoints_732,"Duke Street Hill, London Bridge",51.506304,-0.087262,0,0,0,21,15,6
2026-08-17 03:00:00+00:00,BikePoints_733,"Park Lane, Mayfair",51.505426,-0.150817,0,0,0,18,17,1
2026-08-17 03:00:00+00:00,BikePoints_734,"Plough Terrace, Clapham Junction",51.462305,-0.175407,26,1,25,31,4,1
2026-08-17 03:00:00+00:00,BikePoints_735,"Grant Road East, Clapham Junction",51.464894,-0.173029,15,0,15,28,10,3
2026-08-17 03:00:00+00:00,BikePoints_736,"Queensdale Road, Shepherd's Bush",51.50659,-0.216104,7,1,6,28,21,0
2026-08-17 03:00:00+00:00,BikePoints_737,"Fulham Broadway, Walham Green",51.479932,-0.194116,11,3,8,26,14,1
2026-08-17 03:00:00+00:00,BikePoints_738,"Imperial Road, Sands End",51.475142,-0.187278,18,2,16,37,19,0
2026-08-17 03:00:00+00:00,BikePoints_739,"Hortensia Road, West Brompton",51.481765,-0.185273,12,1,11,28,16,0
2026-08-17 03:00:00+00:00,BikePoints_740,"Sirdar Road, Avondale",51.510928,-0.214594,8,1,7,20,12,0
2026-08-17 03:00:00+00:00,BikePoints_741,"Freston Road, Avondale",51.512981,-0.219486,15,0,15,23,5,3
2026-08-17 03:00:00+00:00,BikePoints_742,"Blenheim Crescent, Ladbroke Grove",51.515108,-0.208565,5,2,3,22,16,1
2026-08-17 03:00:00+00:00,BikePoints_743,"Oxford Road, Putney",51.460792,-0.212607,18,6,12,20,0,2
2026-08-17 03:00:00+00:00,BikePoints_744,"Ingrave Street, Clapham Junction",51.467454,-0.172293,29,2,27,30,1,0
2026-08-17 03:00:00+00:00,BikePoints_745,"Upcerne Road, West Chelsea",51.478169,-0.182435,7,3,4,29,20,2
2026-08-17 03:00:00+00:00,BikePoints_746,"Lots Road, West Chelsea",51.479573,-0.179038,11,1,10,24,13,0
2026-08-17 03:00:00+00:00,BikePoints_747,"Ormonde Gate, Chelsea",51.487964,-0.161765,16,2,14,24,5,3
2026-08-17 03:00:00+00:00,BikePoints_748,"Hertford Road, De Beauvoir Town",51.537277,-0.079201,23,0,23,25,0,2
2026-08-17 03:00:00+00:00,BikePoints_749,"Haggerston Road, Haggerston",51.539328,-0.074284,24,4,20,37,11,2
2026-08-17 03:00:00+00:00,BikePoints_750,"Culvert Road, Battersea",51.471095,-0.15785,18,2,16,27,9,0
2026-08-17 03:00:00+00:00,BikePoints_751,"Newton Street, Covent Garden",51.516128,-0.120909,0,0,0,24,24,0
2026-08-17 03:00:00+00:00,BikePoints_752,"London Street, Paddington",51.515117,-0.173712,3,0,3,19,16,0
2026-08-17 03:00:00+00:00,BikePoints_753,"Clapham South, Clapham South",51.452997,-0.148651,18,4,14,28,10,0
2026-08-17 03:00:00+00:00,BikePoints_754,"Grenfell Road, Avondale",51.5129,-0.214762,7,2,5,24,16,1
2026-08-17 03:00:00+00:00,BikePoints_755,"The Vale, Chelsea",51.485121,-0.174971,1,1,0,24,22,1
2026-08-17 03:00:00+00:00,BikePoints_756,"Prince of Wales Drive, Battersea Park",51.475153,-0.159169,19,3,16,21,0,2
2026-08-17 03:00:00+00:00,BikePoints_757,"Harcourt Terrace, West Brompton",51.487958,-0.187404,22,3,19,24,0,2
2026-08-17 03:00:00+00:00,BikePoints_758,"Westbourne Park Road, Portobello",51.51787,-0.201005,13,2,11,23,10,0
2026-08-17 03:00:00+00:00,BikePoints_759,"Broadley Terrace, Marylebone",51.524561,-0.165668,3,2,1,18,15,0
2026-08-17 03:00:00+00:00,BikePoints_760,"Elgin Avenue, Maida Hill",51.524309,-0.201234,14,6,8,18,3,1
2026-08-17 03:00:00+00:00,BikePoints_761,"Humbolt Road, Fulham",51.483217,-0.21186,25,1,24,26,1,0
2026-08-17 03:00:00+00:00,BikePoints_762,"Storey's Gate, Westminster",51.500703,-0.129698,1,1,0,21,18,2
2026-08-17 03:00:00+00:00,BikePoints_763,"Mile End Park Leisure Centre, Mile End",51.520597,-0.032566,29,7,22,47,15,3
2026-08-17 03:00:00+00:00,BikePoints_764,"St. John's Road, Clapham Junction",51.462392,-0.168292,29,1,28,33,4,0
2026-08-17 03:00:00+00:00,BikePoints_765,"Ranelagh Gardens, Fulham",51.467601,-0.206827,24,4,20,29,2,3
2026-08-17 03:00:00+00:00,BikePoints_766,"Ram Street, Wandsworth",51.457529,-0.192165,17,1,16,25,6,2
2026-08-17 03:00:00+00:00,BikePoints_767,"Santos Road, Wandsworth",51.457059,-0.200806,25,0,25,30,5,0
2026-08-17 03:00:00+00:00,BikePoints_768,"Clapham Common North Side, Clapham Common",51.461343,-0.159322,23,3,20,37,14,0
2026-08-17 03:00:00+00:00,BikePoints_769,"Sandilands Road, Walham Green",51.473611,-0.191803,12,1,11,21,9,0
2026-08-17 03:00:00+00:00,BikePoints_770,"Gwendwr Road, West Kensington",51.491026,-0.209121,28,1,27,30,2,0
2026-08-17 03:00:00+00:00,BikePoints_771,"Rifle Place, Avondale",51.509224,-0.216016,14,0,14,21,7,0
2026-08-17 03:00:00+00:00,BikePoints_772,"Binfield Road, Stockwell",51.472509,-0.122831,34,4,30,35,0,1
2026-08-17 03:00:00+00:00,BikePoints_773,"Tallis Street, Temple",51.511891,-0.107349,0,0,0,24,22,2
2026-08-17 03:00:00+00:00,BikePoints_774,"Hurlingham Park, Parsons Green",51.470131,-0.20464,15,0,15,20,5,0
2026-08-17 03:00:00+00:00,BikePoints_775,"Little Brook Green, Brook Green",51.496664,-0.223868,16,0,16,33,16,1
2026-08-17 03:00:00+00:00,BikePoints_776,"Adeline Place, Bloomsbury",51.517632,-0.129985,0,0,0,22,22,0
2026-08-17 03:00:00+00:00,BikePoints_779,"Houndsditch, Aldgate",51.514449,-0.077178,2,2,0,28,25,1
2026-08-17 03:00:00+00:00,BikePoints_780,"Imperial Wharf Station, Sands End",51.474665,-0.183165,23,1,22,25,0,2
2026-08-17 03:00:00+00:00,BikePoints_782,"Halford Road, West Kensington",51.483911,-0.197609,20,1,19,24,4,0
2026-08-17 03:00:00+00:00,BikePoints_783,"Monier Road, Hackney Wick",51.540311,-0.02163,25,7,18,27,0,2
2026-08-17 03:00:00+00:00,BikePoints_784,"East Village, Queen Elizabeth Olympic Park",51.546326,-0.009935,12,4,8,34,22,0
2026-08-17 03:00:00+00:00,BikePoints_785,"Aquatic Centre, Queen Elizabeth Olympic Park",51.541482,-0.010437,11,2,9,30,13,6
2026-08-17 03:00:00+00:00,BikePoints_786,"Lee Valley VeloPark, Queen Elizabeth Olympic Park",51.549369,-0.015717,30,8,22,44,12,2
2026-08-17 03:00:00+00:00,BikePoints_787,"Timber Lodge, Queen Elizabeth Olympic Park",51.546805,-0.014691,16,1,15,35,15,4
2026-08-17 03:00:00+00:00,BikePoints_788,"Copper Box Arena, Queen Elizabeth Olympic Park",51.544909,-0.020542,12,2,10,31,14,5
2026-08-17 03:00:00+00:00,BikePoints_789,"Podium, Queen Elizabeth Olympic Park",51.538718,-0.011889,19,7,12,40,8,13
2026-08-17 03:00:00+00:00,BikePoints_790,"Stratford Station, Stratford",51.541793,-0.00481,16,0,16,28,7,5
2026-08-17 03:00:00+00:00,BikePoints_792,"Blackfriars Road, Southwark",51.505461,-0.10454,2,0,2,42,39,1
2026-08-17 03:00:00+00:00,BikePoints_793,"Cromer Street, Bloomsbury",51.528279,-0.119558,20,1,19,28,7,1
2026-08-17 03:00:00+00:00,BikePoints_795,"Euston Square Gardens, Euston",51.527068,-0.131861,0,0,0,30,29,1
2026-08-17 03:00:00+00:00,BikePoints_796,"Coram Street, Bloomsbury",51.524,-0.126409,10,1,9,29,18,1
2026-08-17 03:00:00+00:00,BikePoints_797,"Ossulston Street, Somers Town",51.5293,-0.128279,14,0,14,30,12,4
2026-08-17 03:00:00+00:00,BikePoints_798,"Birkenhead Street, King's Cross",51.530199,-0.122299,15,5,10,27,8,4
2026-08-17 03:00:00+00:00,BikePoints_799,"Kings Gate House, Westminster",51.497698,-0.137598,0,0,0,24,23,1
2026-08-17 03:00:00+00:00,BikePoints_800,"Sopwith Way, Battersea Park",51.481121,-0.149035,14,1,13,30,14,2
2026-08-17 03:00:00+00:00,BikePoints_801,"Lavington Street, Bankside",51.505224,-0.098031,4,0,4,29,22,3
2026-08-17 03:00:00+00:00,BikePoints_802,"Albert Square, Stockwell",51.47659,-0.118256,31,5,26,32,1,0
2026-08-17 03:00:00+00:00,BikePoints_803,"Southwark Street, Bankside",51.505409,-0.098341,5,0,5,23,18,0
2026-08-17 03:00:00+00:00,BikePoints_804,"Good's Way, King's Cross",51.534667,-0.125078,0,0,0,27,23,4
2026-08-17 03:00:00+00:00,BikePoints_805,"The Metropolitan, Portobello",51.520509,-0.200804,2,0,2,18,15,1
2026-08-17 03:00:00+00:00,BikePoints_807,"Bevington Road West, North Kensington",51.5212,-0.208888,10,2,8,24,11,3
2026-08-17 03:00:00+00:00,BikePoints_808,"Gauden Road, Clapham",51.464995,-0.130908,25,1,24,28,1,2
2026-08-17 03:00:00+00:00,BikePoints_809,"Lincoln's Inn Fields, Holborn",51.516277,-0.118272,0,0,0,28,28,0
2026-08-17 03:00:00+00:00,BikePoints_810,"Tate Modern, Bankside",51.506725,-0.098807,12,0,12,30,15,3
2026-08-17 03:00:00+00:00,BikePoints_811,"Westferry Circus, Canary Wharf",51.505703,-0.027772,15,3,12,36,14,7
2026-08-17 03:00:00+00:00,BikePoints_812,"Here East North, Queen Elizabeth Olympic Park",51.548731,-0.022606,15,0,15,28,12,1
2026-08-17 03:00:00+00:00,BikePoints_813,"New Spring Gardens Walk, Vauxhall",51.487807,-0.122759,5,0,5,33,27,1
2026-08-17 03:00:00+00:00,BikePoints_814,"Clapham Road, Lingham Street, Stockwell",51.471433,-0.12367,29,2,27,30,0,1
2026-08-17 03:00:00+00:00,BikePoints_815,"Lambeth Palace Road, Waterloo",51.500089,-0.116628,15,4,11,35,18,2
2026-08-17 03:00:00+00:00,BikePoints_816,"Here East South, Queen Elizabeth Olympic Park",51.546532,-0.020597,9,1,8,20,11,0
2026-08-17 03:00:00+00:00,BikePoints_818,"Westminster Pier, Westminster",51.501513,-0.123823,13,0,13,27,14,0
2026-08-17 03:00:00+00:00,BikePoints_819,"Belvedere Road 2, South Bank",51.50621,-0.114842,6,1,5,38,31,1
2026-08-17 03:00:00+00:00,BikePoints_820,"Victory Place, Walworth",51.492807,-0.091938,18,4,14,24,6,0
2026-08-17 03:00:00+00:00,BikePoints_821,"Battersea Power Station, Battersea Park",51.483507,-0.147714,6,0,6,27,15,6
2026-08-17 03:00:00+00:00,BikePoints_826,"Allington Street, Victoria",51.496863,-0.142943,0,0,0,28,26,2
2026-08-17 03:00:00+00:00,BikePoints_827,"Cranmer Road, Stockwell",51.479601,-0.111471,22,4,18,24,2,0
2026-08-17 03:00:00+00:00,BikePoints_828,"Normandy Road, Stockwell",51.473874,-0.11258,18,1,17,32,13,1
2026-08-17 03:00:00+00:00,BikePoints_829,"Wynne Road, Stockwell",51.469217,-0.112686,17,1,16,25,7,1
2026-08-17 03:00:00+00:00,BikePoints_830,"Sidney Road, Stockwell",51.469202,-0.119022,15,3,12,27,11,1
2026-08-17 03:00:00+00:00,BikePoints_831,"St John's Crescent, Brixton",51.466232,-0.113179,17,3,14,25,8,0
2026-08-17 03:00:00+00:00,BikePoints_832,"Ferndale Road, Brixton",51.464019,-0.115781,22,3,19,30,6,2
2026-08-17 03:00:00+00:00,BikePoints_833,"Saltoun Road, Brixton",51.460232,-0.115375,32,2,30,42,8,2
2026-08-17 03:00:00+00:00,BikePoints_834,"Gas Holders, Battersea Park",51.477966,-0.147857,16,4,12,26,7,3
2026-08-17 03:00:00+00:00,BikePoints_835,"Farringdon Street, Holborn",51.516785,-0.104947,0,0,0,25,25,0
2026-08-17 03:00:00+00:00,BikePoints_836,"York Way, Kings Cross",51.541596,-0.125441,8,3,5,24,14,2
2026-08-17 03:00:00+00:00,BikePoints_838,"Fore Street, Guildhall",51.518093,-0.091401,1,0,1,25,23,1
2026-08-17 03:00:00+00:00,BikePoints_839,"Sea Containers, South Bank",51.508033,-0.106823,1,0,1,30,28,1
2026-08-17 03:00:00+00:00,BikePoints_840,"George Row, Bermondsey",51.498585,-0.068981,16,1,15,22,3,3
2026-08-17 03:00:00+00:00,BikePoints_841,"Tower Wharf, Bermondsey",51.500845,-0.074704,12,1,11,20,5,3
2026-08-17 03:00:00+00:00,BikePoints_842,"Temple Gardens, Temple",51.510981,-0.108322,0,0,0,24,23,1
2026-08-17 03:00:00+00:00,BikePoints_844,"Canada Water Station, Rotherhithe",51.498439,-0.04915,30,4,26,35,1,4
2026-08-17 03:00:00+00:00,BikePoints_845,"Bermondsey Station, Bermondsey",51.497995,-0.063471,25,6,19,30,0,5
2026-08-17 03:00:00+00:00,BikePoints_846,"Burgess Park Albany Road, Walworth",51.48224,-0.094284,26,4,22,30,0,4
2026-08-17 03:00:00+00:00,BikePoints_847,"South Bermondsey Station, Bermondsey",51.488067,-0.057774,21,3,18,24,3,0
2026-08-17 03:00:00+00:00,BikePoints_849,"Crimscott Street, Bermondsey",51.495598,-0.078893,15,3,12,19,3,1
2026-08-17 03:00:00+00:00,BikePoints_850,"Brandon Street, Walworth",51.489102,-0.091548,22,0,22,22,0,0
2026-08-17 03:00:00+00:00,BikePoints_851,"The Blue, Bermondsey",51.492221,-0.062513,21,4,17,22,0,1
2026-08-17 03:00:00+00:00,BikePoints_852,"Coomer Place, West Kensington",51.48357,-0.202038,22,0,22,27,3,2
2026-08-17 03:00:00+00:00,BikePoints_857,"Strand, Strand",51.512582,-0.115057,1,1,0,35,34,0
2026-08-17 03:00:00+00:00,BikePoints_864,"Abbey Orchard Street, Westminster",51.498125,-0.132102,3,1,2,29,25,1
2026-08-17 03:00:00+00:00,BikePoints_865,"Leonard Circus , Shoreditch",51.524696,-0.084439,3,2,1,43,38,2
2026-08-17 03:00:00+00:00,BikePoints_866,"Limburg Road, Clapham Junction",51.461923,-0.165297,19,3,16,21,1,1
2026-08-17 03:00:00+00:00,BikePoints_867,"Pritchard's Road, Bethnal Green",51.532091,-0.061419,15,5,10,30,12,3
2026-08-17 03:00:00+00:00,BikePoints_868,"Kennington Lane Rail Bridge, Vauxhall",51.486343,-0.122492,14,4,10,31,16,1
2026-08-17 03:00:00+00:00,BikePoints_869,"Albert Embankment, Vauxhall",51.490435,-0.122806,6,0,6,24,18,0
2026-08-17 03:00:00+00:00,BikePoints_870,"Lower Marsh, Waterloo",51.500139,-0.113935,0,0,0,17,17,0
2026-08-17 03:00:00+00:00,BikePoints_872,"Risinghill Street, Angel",51.533319,-0.111781,4,4,0,25,17,4
2026-08-17 03:00:00+00:00,BikePoints_873,"St. Pancras Way, Camden Town",51.537071,-0.13285,6,2,4,20,12,2
2026-08-17 03:00:00+00:00,BikePoints_874,"Handyside Street, King's Cross",51.53724,-0.124807,15,4,11,27,9,3
2026-08-17 03:00:00+00:00,BikePoints_875,"Victoria Rise, Clapham Common",51.461376,-0.147804,19,2,17,23,0,4
2026-08-17 03:00:00+00:00,BikePoints_876,"Old Quebec Street, Marylebone",51.514577,-0.158264,4,2,2,16,11,1
2026-08-17 03:00:00+00:00,BikePoints_877,"Spencer Park, Wandsworth Common",51.45787,-0.174691,15,1,14,25,10,0
2026-08-17 03:00:00+00:00,BikePoints_878,"Victoria & Albert Museum, South Kensington",51.495898,-0.173009,2,0,2,30,28,0
2026-08-17 03:00:00+00:00,BikePoints_879,"BBC White City, White City",51.514767,-0.225786,10,2,8,36,25,1
2026-08-17 03:00:00+00:00,BikePoints_881,"Albany Street, The Regent's Park",51.528302,-0.144465,6,0,6,27,19,2
2026-08-17 03:00:00+00:00,BikePoints_882,"Maplin Street, Mile End",51.525501,-0.032267,19,0,19,39,18,2
2026-08-17 03:00:00+00:00,BikePoints_883,"London Fields, Hackney Central",51.54119,-0.058826,10,1,9,21,4,7
2026-08-17 03:00:00+00:00,BikePoints_884,"Westfield Ariel Way, White City",51.509158,-0.224103,31,0,31,42,6,5
2026-08-17 03:00:00+00:00,BikePoints_885,"Gloucester Avenue, Camden Town",51.537349,-0.147154,9,5,4,24,13,2
2026-08-17 03:00:00+00:00,BikePoints_887,"London Zoo Car Park, The Regent's Park",51.536922,-0.150181,5,0,5,36,30,1
2026-08-17 03:00:00+00:00,BikePoints_888,"Norton Folgate, Liverpool Street",51.521113,-0.078869,1,0,1,23,19,3
2026-08-17 03:00:00+00:00,BikePoints_889,"Horse Guards Avenue, Westminster",51.505031,-0.123,5,0,5,29,22,2
2026-08-17 03:00:00+00:00,BikePoints_890,"Burdett Road, Mile End",51.516196,-0.029137,22,3,19,33,4,7
2026-08-17 04:00:00+00:00,BikePoints_1,"River Street , Clerkenwell",51.529163,-0.10997,3,3,0,19,14,2
2026-08-17 04:00:00+00:00,BikePoints_2,"Phillimore Gardens, Kensington",51.499606,-0.197574,10,0,10,37,26,1
2026-08-17 04:00:00+00:00,BikePoints_3,"Christopher Street, Liverpool Street",51.521283,-0.084605,0,0,0,32,32,0
2026-08-17 04:00:00+00:00,BikePoints_4,"St. Chad's Street, King's Cross",51.530059,-0.120973,22,1,21,23,0,1
2026-08-17 04:00:00+00:00,BikePoints_5,"Sedding Street, Sloane Square",51.49313,-0.156876,0,0,0,27,25,2
2026-08-17 04:00:00+00:00,BikePoints_6,"Broadcasting House, Marylebone",51.518117,-0.144228,2,2,0,18,11,5
2026-08-17 04:00:00+00:00,BikePoints_7,"Charlbert Street, St. John's Wood",51.5343,-0.168074,5,0,5,16,5,6
2026-08-17 04:00:00+00:00,BikePoints_8,"Maida Vale, Maida Vale",51.529857,-0.183486,31,7,24,39,1,7
2026-08-17 04:00:00+00:00,BikePoints_9,"New Globe Walk, Bankside",51.507385,-0.09644,8,0,8,19,11,0
2026-08-17 04:00:00+00:00,BikePoints_10,"Park Street, Bankside",51.505974,-0.092754,6,1,5,18,12,0
2026-08-17 04:00:00+00:00,BikePoints_11,"Brunswick Square, Bloomsbury",51.523951,-0.122502,5,3,2,24,17,2
2026-08-17 04:00:00+00:00,BikePoints_12,"Malet Street, Bloomsbury",51.52168,-0.130431,14,3,11,49,35,0
2026-08-17 04:00:00+00:00,BikePoints_13,"Scala Street, Fitzrovia",51.519914,-0.136039,2,0,2,21,19,0
2026-08-17 04:00:00+00:00,BikePoints_14,"Argyle Street, Kings Cross",51.529416,-0.123944,17,0,17,45,25,3
2026-08-17 04:00:00+00:00,BikePoints_15,"Great Russell Street, Bloomsbury",51.517727,-0.127854,1,1,0,26,25,0
2026-08-17 04:00:00+00:00,BikePoints_16,"Cartwright Gardens , Bloomsbury",51.526357,-0.125979,2,1,1,21,19,0
2026-08-17 04:00:00+00:00,BikePoints_17,"Hatton Wall, Holborn",51.521661,-0.109006,4,2,2,26,20,2
2026-08-17 04:00:00+00:00,BikePoints_18,"Drury Lane, Covent Garden",51.51477,-0.122219,0,0,0,27,24,3
2026-08-17 04:00:00+00:00,BikePoints_19,"Taviton Street, Bloomsbury",51.52505,-0.131161,6,0,6,30,24,0
2026-08-17 04:00:00+00:00,BikePoints_20,"Drummond Street , Euston",51.527326,-0.136052,26,0,26,28,0,2
2026-08-17 04:00:00+00:00,BikePoints_21,"Lansdowne Drive, Hackney Central",51.539834,-0.062806,14,7,7,26,11,1
2026-08-17 04:00:00+00:00,BikePoints_22,"Northington Street , Holborn",51.522264,-0.114079,7,1,6,19,12,0
2026-08-17 04:00:00+00:00,BikePoints_23,"Red Lion Square, Holborn",51.519435,-0.119123,2,1,1,16,13,1
2026-08-17 04:00:00+00:00,BikePoints_24,"British Museum, Bloomsbury",51.51908,-0.124678,0,0,0,35,35,0
2026-08-17 04:00:00+00:00,BikePoints_25,"Doric Way , Somers Town",51.528833,-0.13225,23,0,23,50,25,2
2026-08-17 04:00:00+00:00,BikePoints_26,"Ampton Street , Clerkenwell",51.52728,-0.118295,11,2,9,21,9,1
2026-08-17 04:00:00+00:00,BikePoints_28,"Bolsover Street, Fitzrovia",51.523518,-0.143613,9,3,6,19,10,0
2026-08-17 04:00:00+00:00,BikePoints_29,"Hereford Road, Bayswater",51.513735,-0.193487,16,3,13,22,5,1
2026-08-17 04:00:00+00:00,BikePoints_30,"Windsor Terrace, Hoxton",51.529154,-0.093421,17,0,17,24,5,2
2026-08-17 04:00:00+00:00,BikePoints_31,"Fanshaw Street, Hoxton",51.529537,-0.083353,28,0,28,36,6,2
2026-08-17 04:00:00+00:00,BikePoints_33,"Central House, Aldgate",51.515231,-0.07015,0,0,0,24,23,1
2026-08-17 04:00:00+00:00,BikePoints_34,"Pancras Road, King's Cross",51.534123,-0.129386,3,1,2,16,11,2
2026-08-17 04:00:00+00:00,BikePoints_36,"De Vere Gardens, Kensington",51.501737,-0.18498,2,0,2,28,25,1
2026-08-17 04:00:00+00:00,BikePoints_37,"Penywern Road, Earl's Court",51.491593,-0.192369,0,0,0,17,15,2
2026-08-17 04:00:00+00:00,BikePoints_38,"Abingdon Villas, Kensington",51.497387,-0.197245,8,1,7,17,8,1
2026-08-17 04:00:00+00:00,BikePoints_39,"Shoreditch High Street, Shoreditch",51.526377,-0.07813,23,7,16,41,17,1
2026-08-17 04:00:00+00:00,BikePoints_40,"Commercial Street, Shoreditch",51.52127,-0.075578,2,2,0,16,13,1
2026-08-17 04:00:00+00:00,BikePoints_41,"Pindar Street, Liverpool Street",51.520955,-0.083493,0,0,0,24,23,1
2026-08-17 04:00:00+00:00,BikePoints_42,"Wenlock Road , Hoxton",51.530991,-0.093903,11,1,10,28,17,0
2026-08-17 04:00:00+00:00,BikePoints_43,"Crawford Street, Marylebone",51.52026,-0.157183,1,0,1,18,17,0
2026-08-17 04:00:00+00:00,BikePoints_44,"Bruton Street, Mayfair",51.510736,-0.144165,2,0,2,21,18,1
2026-08-17 04:00:00+00:00,BikePoints_45,"Boston Place, Marylebone",51.522511,-0.162298,1,1,0,26,24,1
2026-08-17 04:00:00+00:00,BikePoints_46,"Nesham Street, Wapping",51.507131,-0.06691,6,0,6,16,9,1
2026-08-17 04:00:00+00:00,BikePoints_47,"Warwick Avenue Station, Maida Vale",51.523344,-0.183846,14,2,12,19,1,4
2026-08-17 04:00:00+00:00,BikePoints_48,"Godliman Street, St. Paul's",51.512484,-0.099141,8,1,7,25,16,1
2026-08-17 04:00:00+00:00,BikePoints_49,"Curzon Street, Mayfair",51.507069,-0.145904,0,0,0,16,16,0
2026-08-17 04:00:00+00:00,BikePoints_50,"East Road, Hoxton",51.528673,-0.087459,11,2,9,27,15,1
2026-08-17 04:00:00+00:00,BikePoints_51,"Finsbury Library , Finsbury",51.526717,-0.104298,6,2,4,29,23,0
2026-08-17 04:00:00+00:00,BikePoints_52,"Roscoe Street, St. Luke's",51.522954,-0.094934,4,2,2,18,14,0
2026-08-17 04:00:00+00:00,BikePoints_53,"Grafton Street, Mayfair",51.509992,-0.143495,0,0,0,18,18,0
2026-08-17 04:00:00+00:00,BikePoints_54,"Golden Lane, Barbican",51.521747,-0.094475,1,0,1,27,22,4
2026-08-17 04:00:00+00:00,BikePoints_55,"Finsbury Circus, Liverpool Street",51.517075,-0.086685,0,0,0,33,32,1
2026-08-17 04:00:00+00:00,BikePoints_56,"Paddington Street, Marylebone",51.520583,-0.154701,10,2,8,16,4,2
2026-08-17 04:00:00+00:00,BikePoints_57,"Guilford Street , Bloomsbury",51.523346,-0.120202,8,2,6,32,24,0
2026-08-17 04:00:00+00:00,BikePoints_58,"New Inn Yard, Shoreditch",51.524526,-0.079248,3,1,2,20,13,4
2026-08-17 04:00:00+00:00,BikePoints_60,"Lisson Grove, St. John's Wood",51.526448,-0.17219,10,0,10,18,6,2
2026-08-17 04:00:00+00:00,BikePoints_61,"Great Dover Street, The Borough",51.497382,-0.089446,22,1,21,33,9,2
2026-08-17 04:00:00+00:00,BikePoints_62,"Cotton Garden Estate, Kennington",51.490757,-0.106323,18,4,14,24,6,0
2026-08-17 04:00:00+00:00,BikePoints_63,"Murray Grove , Hoxton",51.53089,-0.089782,18,2,16,27,7,2
2026-08-17 04:00:00+00:00,BikePoints_64,"William IV Street, Strand",51.509462,-0.124749,7,1,6,26,18,1
2026-08-17 04:00:00+00:00,BikePoints_65,"Gower Place , Euston",51.525227,-0.135188,1,0,1,17,16,0
2026-08-17 04:00:00+00:00,BikePoints_66,"Holborn Circus, Holborn",51.51795,-0.108657,1,0,1,40,37,2
2026-08-17 04:00:00+00:00,BikePoints_67,"Hatton Garden, Holborn",51.518825,-0.108028,0,0,0,28,27,1
2026-08-17 04:00:00+00:00,BikePoints_68,"Theobald's Road , Holborn",51.520596,-0.116688,2,0,2,26,23,1
2026-08-17 04:00:00+00:00,BikePoints_69,"Euston Road, Euston",51.526236,-0.134407,0,0,0,24,22,2
2026-08-17 04:00:00+00:00,BikePoints_70,"Calshot Street , King's Cross",51.53136,-0.117069,14,3,11,24,7,3
2026-08-17 04:00:00+00:00,BikePoints_71,"Newgate Street , St. Paul's",51.515768,-0.099894,0,0,0,35,32,3
2026-08-17 04:00:00+00:00,BikePoints_72,"Farringdon Lane, Clerkenwell",51.52352,-0.10834,3,0,3,16,12,1
2026-08-17 04:00:00+00:00,BikePoints_73,"Old Street Station, St. Luke's",51.525615,-0.088532,4,1,3,34,25,5
2026-08-17 04:00:00+00:00,BikePoints_74,"Vauxhall Cross, Vauxhall",51.485917,-0.124469,13,1,12,17,2,2
2026-08-17 04:00:00+00:00,BikePoints_75,"Torrens Street, Angel",51.532199,-0.10548,0,0,0,19,15,4
2026-08-17 04:00:00+00:00,BikePoints_76,"Longford Street, The Regent's Park",51.525595,-0.144083,1,0,1,21,18,2
2026-08-17 04:00:00+00:00,BikePoints_77,"Russell Square Station, Bloomsbury",51.523418,-0.124121,8,0,8,26,16,2
2026-08-17 04:00:00+00:00,BikePoints_78,"Sadlers Sports Centre, Finsbury",51.524868,-0.099489,4,1,3,17,11,2
2026-08-17 04:00:00+00:00,BikePoints_79,"Arundel Street, Temple",51.511726,-0.113855,0,0,0,18,18,0
2026-08-17 04:00:00+00:00,BikePoints_80,"Webber Street , Southwark",51.500693,-0.102091,5,0,5,45,35,5
2026-08-17 04:00:00+00:00,BikePoints_81,"Great Titchfield Street, Fitzrovia",51.520253,-0.141327,3,2,1,19,16,0
2026-08-17 04:00:00+00:00,BikePoints_83,"Panton Street, West End",51.509639,-0.13151,0,0,0,21,18,3
2026-08-17 04:00:00+00:00,BikePoints_84,"Breams Buildings, Holborn",51.515937,-0.111778,0,0,0,25,24,1
2026-08-17 04:00:00+00:00,BikePoints_85,"Tanner Street, Bermondsey",51.500647,-0.0786,33,1,32,41,6,2
2026-08-17 04:00:00+00:00,BikePoints_86,"Sancroft Street, Vauxhall",51.489479,-0.115156,22,1,21,24,1,1
2026-08-17 04:00:00+00:00,BikePoints_87,"Devonshire Square, Liverpool Street",51.516468,-0.079684,0,0,0,16,16,0
2026-08-17 04:00:00+00:00,BikePoints_88,"Percy Street, Bloomsbury",51.51863,-0.132676,0,0,0,29,29,0
2026-08-17 04:00:00+00:00,BikePoints_89,"Tavistock Place, Bloomsbury",51.52625,-0.123509,3,2,1,19,13,3
2026-08-17 04:00:00+00:00,BikePoints_90,"Harrington Square 1, Camden Town",51.533019,-0.139174,7,3,4,27,18,2
2026-08-17 04:00:00+00:00,BikePoints_91,"Walnut Tree Walk, Vauxhall",51.493686,-0.111014,13,3,10,20,6,1
2026-08-17 04:00:00+00:00,BikePoints_92,"Borough Road, Elephant & Castle",51.498898,-0.10044,21,0,21,41,18,2
2026-08-17 04:00:00+00:00,BikePoints_93,"Cloudesley Road, Angel",51.534408,-0.109025,10,5,5,37,25,2
2026-08-17 04:00:00+00:00,BikePoints_94,"Bricklayers Arms, Borough",51.495061,-0.085814,27,4,23,28,1,0
2026-08-17 04:00:00+00:00,BikePoints_95,"Aldersgate Street, Barbican",51.520841,-0.09734,2,2,0,15,12,1
2026-08-17 04:00:00+00:00,BikePoints_96,"Falkirk Street, Hoxton",51.53095,-0.078505,8,4,4,26,16,2
2026-08-17 04:00:00+00:00,BikePoints_97,"Gloucester Road (North), Kensington",51.497924,-0.183834,0,0,0,18,18,0
2026-08-17 04:00:00+00:00,BikePoints_98,"Hampstead Road, Euston",51.525542,-0.138231,8,0,8,54,44,2
2026-08-17 04:00:00+00:00,BikePoints_101,"Queen Street 1, Bank",51.511553,-0.09294,0,0,0,22,21,1
2026-08-17 04:00:00+00:00,BikePoints_102,"Jewry Street, Aldgate",51.513406,-0.076793,2,0,2,17,13,2
2026-08-17 04:00:00+00:00,BikePoints_103,"Vicarage Gate, Kensington",51.504723,-0.192538,2,1,1,18,16,0
2026-08-17 04:00:00+00:00,BikePoints_104,"Crosswall, Tower",51.511594,-0.077121,5,0,5,34,27,2
2026-08-17 04:00:00+00:00,BikePoints_105,"Westbourne Grove, Bayswater",51.515529,-0.19024,7,1,6,26,19,0
2026-08-17 04:00:00+00:00,BikePoints_106,"Woodstock Street, Mayfair",51.514105,-0.147301,2,2,0,21,18,1
2026-08-17 04:00:00+00:00,BikePoints_107,"Finsbury Leisure Centre, St. Luke's",51.526008,-0.096317,5,0,5,20,11,4
2026-08-17 04:00:00+00:00,BikePoints_109,"Soho Square , Soho",51.515631,-0.132328,1,0,1,57,55,1
2026-08-17 04:00:00+00:00,BikePoints_110,"Wellington Road, St. John's Wood",51.533043,-0.172528,8,2,6,17,8,1
2026-08-17 04:00:00+00:00,BikePoints_111,"Park Lane , Hyde Park",51.510017,-0.157275,6,2,4,28,18,4
2026-08-17 04:00:00+00:00,BikePoints_112,"Stonecutter Street, Holborn",51.515809,-0.10527,2,1,1,21,19,0
2026-08-17 04:00:00+00:00,BikePoints_113,"Gloucester Road (Central), South Kensington",51.496462,-0.183289,0,0,0,19,18,1
2026-08-17 04:00:00+00:00,BikePoints_114,"Park Road (Baker Street), The Regent's Park",51.524517,-0.158963,11,2,9,22,5,6
2026-08-17 04:00:00+00:00,BikePoints_115,"Braham Street, Aldgate",51.514233,-0.073537,10,4,6,34,24,0
2026-08-17 04:00:00+00:00,BikePoints_116,"Little Argyll Street, West End",51.514499,-0.141423,2,0,2,21,13,6
2026-08-17 04:00:00+00:00,BikePoints_117,"Lollard Street, Vauxhall",51.49288,-0.114934,24,1,23,25,0,1
2026-08-17 04:00:00+00:00,BikePoints_118,"Rochester Row, Westminster",51.495827,-0.135478,12,2,10,13,0,1
2026-08-17 04:00:00+00:00,BikePoints_119,"Bath Street, St. Luke's",51.525893,-0.090847,5,1,4,18,11,2
2026-08-17 04:00:00+00:00,BikePoints_120,"The Guildhall, Guildhall",51.515735,-0.09308,0,0,0,17,16,1
2026-08-17 04:00:00+00:00,BikePoints_121,"Baker Street, Marylebone",51.518913,-0.156166,7,3,4,22,15,0
2026-08-17 04:00:00+00:00,BikePoints_123,"St. John Street, Finsbury",51.52836,-0.104724,8,2,6,18,10,0
2026-08-17 04:00:00+00:00,BikePoints_124,"Eaton Square, Belgravia",51.496544,-0.150905,8,1,7,18,10,0
2026-08-17 04:00:00+00:00,BikePoints_125,"Borough High Street, The Borough",51.500694,-0.094524,2,0,2,21,18,1
2026-08-17 04:00:00+00:00,BikePoints_126,"Museum of London, Barbican",51.517821,-0.096496,1,0,1,52,50,1
2026-08-17 04:00:00+00:00,BikePoints_127,"Wood Street, Guildhall",51.517008,-0.093885,1,0,1,17,15,1
2026-08-17 04:00:00+00:00,BikePoints_128,"Emperor's Gate, South Kensington",51.495362,-0.185296,8,1,7,22,10,4
2026-08-17 04:00:00+00:00,BikePoints_129,"Golden Square, Soho",51.511897,-0.137043,2,1,1,18,15,1
2026-08-17 04:00:00+00:00,BikePoints_130,"Tower Gardens , Tower",51.509506,-0.075459,7,4,3,24,15,2
2026-08-17 04:00:00+00:00,BikePoints_131,"Eversholt Street , Camden Town",51.533005,-0.136792,0,0,0,16,15,1
2026-08-17 04:00:00+00:00,BikePoints_132,"Bethnal Green Road, Shoreditch",51.523648,-0.074754,12,1,11,38,26,0
2026-08-17 04:00:00+00:00,BikePoints_133,"Derry Street, Kensington",51.501364,-0.191462,5,1,4,18,10,3
2026-08-17 04:00:00+00:00,BikePoints_134,"Wapping High Street, Wapping",51.504904,-0.06797,7,3,4,20,11,2
2026-08-17 04:00:00+00:00,BikePoints_135,"Clerkenwell Green, Clerkenwell",51.52326,-0.104708,12,3,9,21,5,4
2026-08-17 04:00:00+00:00,BikePoints_136,"Queen Victoria Street, St. Paul's",51.511961,-0.097441,0,0,0,32,31,1
2026-08-17 04:00:00+00:00,BikePoints_138,"Green Street, Mayfair",51.512276,-0.157436,0,0,0,19,18,1
2026-08-17 04:00:00+00:00,BikePoints_139,"Lambeth Road, Vauxhall",51.494881,-0.117974,11,1,10,18,7,0
2026-08-17 04:00:00+00:00,BikePoints_140,"Finsbury Square , Moorgate",51.520962,-0.085634,5,0,5,33,27,1
2026-08-17 04:00:00+00:00,BikePoints_141,"Chapel Place, Marylebone",51.515308,-0.147203,0,0,0,29,29,0
2026-08-17 04:00:00+00:00,BikePoints_142,"West Cromwell Road, Earl's Court",51.493724,-0.198286,9,0,9,24,14,1
2026-08-17 04:00:00+00:00,BikePoints_143,"Pont Street, Knightsbridge",51.496886,-0.161203,13,0,13,24,9,2
2026-08-17 04:00:00+00:00,BikePoints_144,"Kennington Cross, Kennington",51.48894,-0.111435,40,5,35,47,2,5
2026-08-17 04:00:00+00:00,BikePoints_145,"Ilchester Place, Kensington",51.500743,-0.202759,0,0,0,24,24,0
2026-08-17 04:00:00+00:00,BikePoints_146,"Vauxhall Bridge , Pimlico",51.488365,-0.129361,2,0,2,35,32,1
2026-08-17 04:00:00+00:00,BikePoints_147,"Portugal Street, Holborn",51.514943,-0.116146,0,0,0,16,16,0
2026-08-17 04:00:00+00:00,BikePoints_148,"Tachbrook Street, Victoria",51.492111,-0.138364,12,3,9,16,1,3
2026-08-17 04:00:00+00:00,BikePoints_149,"Kennington Road Post Office, Oval",51.484788,-0.110683,11,0,11,18,6,1
2026-08-17 04:00:00+00:00,BikePoints_150,"Holy Trinity Brompton, Knightsbridge",51.497056,-0.168917,11,0,11,28,16,1
2026-08-17 04:00:00+00:00,BikePoints_151,"Chepstow Villas, Notting Hill",51.512136,-0.201554,21,0,21,26,5,0
2026-08-17 04:00:00+00:00,BikePoints_152,"Hampton Street, Walworth",51.49217,-0.101536,19,7,12,21,1,1
2026-08-17 04:00:00+00:00,BikePoints_153,"Bayswater Road, Hyde Park",51.511933,-0.174411,7,4,3,27,17,3
2026-08-17 04:00:00+00:00,BikePoints_154,"Waterloo Station 3, Waterloo",51.503791,-0.112824,6,0,6,35,27,2
2026-08-17 04:00:00+00:00,BikePoints_155,"Lexham Gardens, Kensington",51.495866,-0.191933,6,0,6,19,12,1
2026-08-17 04:00:00+00:00,BikePoints_156,"New Kent Road, The Borough",51.494436,-0.092921,26,0,26,33,5,2
2026-08-17 04:00:00+00:00,BikePoints_157,"Wright's Lane, Kensington",51.500397,-0.193068,12,2,10,37,21,4
2026-08-17 04:00:00+00:00,BikePoints_158,"Trebovir Road, Earl's Court",51.490853,-0.19617,6,0,6,18,10,2
2026-08-17 04:00:00+00:00,BikePoints_160,"Waterloo Place, St. James's",51.506633,-0.131773,1,1,0,20,18,1
2026-08-17 04:00:00+00:00,BikePoints_162,"Southampton Place, Holborn",51.517606,-0.121328,1,1,0,20,19,0
2026-08-17 04:00:00+00:00,BikePoints_163,"Sloane Avenue, Knightsbridge",51.493184,-0.167894,4,0,4,27,22,1
2026-08-17 04:00:00+00:00,BikePoints_164,"Cleveland Gardens, Bayswater",51.515607,-0.183118,15,1,14,16,0,1
2026-08-17 04:00:00+00:00,BikePoints_165,"Orsett Terrace, Bayswater",51.517932,-0.183716,6,0,6,15,8,1
2026-08-17 04:00:00+00:00,BikePoints_166,"Seville Street, Knightsbridge",51.501855,-0.159237,0,0,0,27,26,1
2026-08-17 04:00:00+00:00,BikePoints_167,"Eccleston Place, Victoria",51.49395,-0.147624,14,0,14,19,4,1
2026-08-17 04:00:00+00:00,BikePoints_168,"Argyll Road, Kensington",51.500401,-0.195455,16,0,16,19,3,0
2026-08-17 04:00:00+00:00,BikePoints_169,"Porchester Place, Paddington",51.514746,-0.165164,15,1,14,18,2,1
2026-08-17 04:00:00+00:00,BikePoints_170,"Hardwick Street, Clerkenwell",51.527842,-0.108068,3,2,1,30,25,2
2026-08-17 04:00:00+00:00,BikePoints_171,"Collingham Gardens, Earl's Court",51.491615,-0.186753,5,1,4,14,7,2
2026-08-17 04:00:00+00:00,BikePoints_172,"Sumner Place, South Kensington",51.491211,-0.173715,3,0,3,19,14,2
2026-08-17 04:00:00+00:00,BikePoints_173,"Waterloo Road, South Bank",51.50486,-0.113001,3,1,2,15,9,3
2026-08-17 04:00:00+00:00,BikePoints_175,"Worship Street, Shoreditch",51.521668,-0.079608,1,0,1,51,48,2
2026-08-17 04:00:00+00:00,BikePoints_176,"Gloucester Terrace, Bayswater",51.517919,-0.188098,5,0,5,23,17,1
2026-08-17 04:00:00+00:00,BikePoints_177,"Ashley Place, Victoria",51.49616,-0.140947,7,0,7,25,18,0
2026-08-17 04:00:00+00:00,BikePoints_178,"Warwick Square, Pimlico",51.489856,-0.141923,15,1,14,19,3,1
2026-08-17 04:00:00+00:00,BikePoints_180,"North Audley Street, Mayfair",51.512911,-0.153645,4,1,3,17,11,2
2026-08-17 04:00:00+00:00,BikePoints_181,"Belgrave Square, Belgravia",51.499412,-0.152317,2,0,2,21,18,1
2026-08-17 04:00:00+00:00,BikePoints_182,"Bell Street , Marylebone",51.522029,-0.165842,8,6,2,18,9,1
2026-08-17 04:00:00+00:00,BikePoints_183,"Riverlight North, Nine Elms",51.482362,-0.136123,18,2,16,24,3,3
2026-08-17 04:00:00+00:00,BikePoints_184,"Portland Place, Marylebone",51.520715,-0.145211,2,2,0,34,32,0
2026-08-17 04:00:00+00:00,BikePoints_185,"Alderney Street, Pimlico",51.488057,-0.140741,14,2,12,14,0,0
2026-08-17 04:00:00+00:00,BikePoints_186,"South Wharf Road, Paddington",51.517335,-0.17581,4,3,1,16,9,3
2026-08-17 04:00:00+00:00,BikePoints_187,"Queen's Gate (South), South Kensington",51.492479,-0.178433,15,0,15,25,9,1
2026-08-17 04:00:00+00:00,BikePoints_188,"Nutford Place, Marylebone",51.516517,-0.164393,6,2,4,18,11,1
2026-08-17 04:00:00+00:00,BikePoints_189,"Claremont Square, Angel",51.531666,-0.109914,4,2,2,18,11,3
2026-08-17 04:00:00+00:00,BikePoints_190,"Rampayne Street, Pimlico",51.489975,-0.132845,12,2,10,21,8,1
2026-08-17 04:00:00+00:00,BikePoints_191,"Hyde Park Corner, Hyde Park",51.503117,-0.15352,2,0,2,36,26,8
2026-08-17 04:00:00+00:00,BikePoints_192,"Wardour Street, Soho",51.512515,-0.133201,0,0,0,16,10,6
2026-08-17 04:00:00+00:00,BikePoints_193,"Bankside Mix, Bankside",51.505817,-0.100186,8,1,7,60,51,1
2026-08-17 04:00:00+00:00,BikePoints_194,"Hop Exchange, The Borough",51.504627,-0.091773,3,2,1,55,46,6
2026-08-17 04:00:00+00:00,BikePoints_195,"Milroy Walk, South Bank",51.507244,-0.106237,0,0,0,30,30,0
2026-08-17 04:00:00+00:00,BikePoints_196,"Union Street, The Borough",51.503688,-0.098497,3,0,3,17,12,2
2026-08-17 04:00:00+00:00,BikePoints_197,"Stamford Street, South Bank",51.505569,-0.111606,0,0,0,27,26,1
2026-08-17 04:00:00+00:00,BikePoints_199,"Great Tower Street, Monument",51.510484,-0.082989,3,0,3,24,18,3
2026-08-17 04:00:00+00:00,BikePoints_200,"LMU Commercial Road, Whitechapel",51.514924,-0.066078,7,3,4,14,7,0
2026-08-17 04:00:00+00:00,BikePoints_201,"Dorset Square, Marylebone",51.522596,-0.161113,3,1,2,16,12,1
2026-08-17 04:00:00+00:00,BikePoints_202,"Leman Street, Aldgate",51.512363,-0.069542,12,4,8,37,24,1
2026-08-17 04:00:00+00:00,BikePoints_203,"West Smithfield Rotunda, Farringdon",51.518218,-0.100791,1,1,0,15,12,2
2026-08-17 04:00:00+00:00,BikePoints_204,"Margery Street, Clerkenwell",51.526599,-0.112432,9,1,8,19,10,0
2026-08-17 04:00:00+00:00,BikePoints_206,"New Road 1 , Whitechapel",51.518154,-0.062697,18,2,16,36,14,4
2026-08-17 04:00:00+00:00,BikePoints_207,"Grosvenor Crescent, Belgravia",51.501352,-0.153194,0,0,0,18,18,0
2026-08-17 04:00:00+00:00,BikePoints_208,"Mallory Street, Marylebone",51.525051,-0.166304,4,0,4,20,15,1
2026-08-17 04:00:00+00:00,BikePoints_209,"Denyer Street, Knightsbridge",51.493583,-0.165101,3,0,3,30,26,1
2026-08-17 04:00:00+00:00,BikePoints_210,"Hinde Street, Marylebone",51.516814,-0.151926,3,1,2,21,17,1
2026-08-17 04:00:00+00:00,BikePoints_211,"Cadogan Place, Knightsbridge",51.494645,-0.158105,8,0,8,34,25,1
2026-08-17 04:00:00+00:00,BikePoints_212,"Campden Hill Road, Notting Hill",51.506584,-0.199004,10,2,8,17,6,1
2026-08-17 04:00:00+00:00,BikePoints_213,"Wellington Arch, Hyde Park",51.50274,-0.149569,4,0,4,36,29,3
2026-08-17 04:00:00+00:00,BikePoints_214,"Endsleigh Gardens, Euston",51.526838,-0.130504,18,0,18,32,11,3
2026-08-17 04:00:00+00:00,BikePoints_215,"Moorfields, Moorgate",51.519069,-0.088285,1,1,0,54,51,2
2026-08-17 04:00:00+00:00,BikePoints_216,"Old Brompton Road, South Kensington",51.490945,-0.18119,13,0,13,30,15,2
2026-08-17 04:00:00+00:00,BikePoints_217,"Wormwood Street, Liverpool Street",51.516154,-0.082422,4,0,4,16,12,0
2026-08-17 04:00:00+00:00,BikePoints_218,"St. Luke's Church, Chelsea",51.489716,-0.170194,2,0,2,20,18,0
2026-08-17 04:00:00+00:00,BikePoints_219,"Bramham Gardens, Earl's Court",51.490163,-0.190393,19,3,16,29,9,1
2026-08-17 04:00:00+00:00,BikePoints_220,"Chelsea Green, Chelsea",51.490664,-0.166485,2,1,1,15,13,0
2026-08-17 04:00:00+00:00,BikePoints_221,"Horseferry Road, Westminster",51.494816,-0.130458,3,1,2,16,13,0
2026-08-17 04:00:00+00:00,BikePoints_222,"Knightsbridge, Hyde Park",51.502757,-0.155349,24,0,24,43,17,2
2026-08-17 04:00:00+00:00,BikePoints_223,"Rodney Road , Walworth",51.491484,-0.09022,21,0,21,24,1,2
2026-08-17 04:00:00+00:00,BikePoints_224,"Queensway, Kensington Gardens",51.51031,-0.187402,15,2,13,17,1,1
2026-08-17 04:00:00+00:00,BikePoints_225,"Notting Hill Gate Station, Notting Hill",51.509353,-0.196422,10,1,9,30,16,4
2026-08-17 04:00:00+00:00,BikePoints_226,"Charles II Street, West End",51.508446,-0.131961,1,0,1,24,22,1
2026-08-17 04:00:00+00:00,BikePoints_227,"Great Percy Street, Clerkenwell",51.528915,-0.11548,13,2,11,23,10,0
2026-08-17 04:00:00+00:00,BikePoints_228,"St. James's Square, St. James's",51.507424,-0.134621,1,0,1,40,36,3
2026-08-17 04:00:00+00:00,BikePoints_229,"Whitehall Place, Strand",51.506543,-0.123179,1,0,1,46,45,0
2026-08-17 04:00:00+00:00,BikePoints_230,"Poured Lines, Bankside",51.506692,-0.103137,3,3,0,31,27,1
2026-08-17 04:00:00+00:00,BikePoints_231,"Queen's Gate (Central), South Kensington",51.493967,-0.178732,3,0,3,31,28,0
2026-08-17 04:00:00+00:00,BikePoints_232,"Carey Street, Holborn",51.51501,-0.112753,0,0,0,16,16,0
2026-08-17 04:00:00+00:00,BikePoints_233,"Pall Mall East, West End",51.50777,-0.130699,0,0,0,22,17,5
2026-08-17 04:00:00+00:00,BikePoints_234,"Liverpool Road (N1 Centre), Angel",51.534504,-0.106992,1,1,0,24,19,4
2026-08-17 04:00:00+00:00,BikePoints_235,"Kennington Road, Vauxhall",51.495718,-0.110889,7,1,6,36,29,0
2026-08-17 04:00:00+00:00,BikePoints_236,"Fashion Street, Whitechapel",51.51838,-0.073438,0,0,0,30,30,0
2026-08-17 04:00:00+00:00,BikePoints_237,"Dock Street, Wapping",51.509786,-0.068161,11,2,9,30,17,2
2026-08-17 04:00:00+00:00,BikePoints_238,"Frampton Street, Paddington",51.523353,-0.175116,21,1,20,32,11,0
2026-08-17 04:00:00+00:00,BikePoints_239,"Warren Street Station, Euston",51.524438,-0.138019,2,0,2,26,22,2
2026-08-17 04:00:00+00:00,BikePoints_240,"Colombo Street, Southwark",51.505459,-0.105692,0,0,0,14,12,2
2026-08-17 04:00:00+00:00,BikePoints_242,"Beaumont Street, Marylebone",51.522008,-0.151359,2,1,1,23,21,0
2026-08-17 04:00:00+00:00,BikePoints_243,"Gloucester Street, Pimlico",51.490962,-0.139625,24,2,22,25,0,1
2026-08-17 04:00:00+00:00,BikePoints_244,"Bucknall Street, Covent Garden",51.51615,-0.128417,6,5,1,18,7,5
2026-08-17 04:00:00+00:00,BikePoints_245,"Grosvenor Road, Pimlico",51.485357,-0.142207,20,3,17,29,8,1
2026-08-17 04:00:00+00:00,BikePoints_246,"Berry Street, Clerkenwell",51.522853,-0.099994,7,2,5,41,33,1
2026-08-17 04:00:00+00:00,BikePoints_247,"St. John's Wood Church, The Regent's Park",51.530529,-0.167515,20,0,20,50,27,3
2026-08-17 04:00:00+00:00,BikePoints_248,"Triangle Car Park, Hyde Park",51.506451,-0.170279,12,2,10,27,13,2
2026-08-17 04:00:00+00:00,BikePoints_249,"Harper Road, The Borough",51.498597,-0.096191,1,0,1,42,39,2
2026-08-17 04:00:00+00:00,BikePoints_250,"Royal Avenue 1, Chelsea",51.489932,-0.162727,2,0,2,10,6,2
2026-08-17 04:00:00+00:00,BikePoints_251,"Brushfield Street, Liverpool Street",51.518908,-0.079249,0,0,0,34,33,1
2026-08-17 04:00:00+00:00,BikePoints_253,"Shoreditch Park, Hoxton",51.534042,-0.086379,7,0,7,30,19,4
2026-08-17 04:00:00+00:00,BikePoints_254,"Chadwell Street, Angel",51.530515,-0.106408,3,1,2,18,14,1
2026-08-17 04:00:00+00:00,BikePoints_255,"Clifton Road, Maida Vale",51.525575,-0.179592,13,1,12,22,6,3
2026-08-17 04:00:00+00:00,BikePoints_256,"Houghton Street, Strand",51.51362,-0.116764,0,0,0,15,14,1
2026-08-17 04:00:00+00:00,BikePoints_257,"Westminster University, Marylebone",51.522481,-0.154907,5,0,5,16,9,2
2026-08-17 04:00:00+00:00,BikePoints_258,"Kensington Gore, Knightsbridge",51.501432,-0.178656,0,0,0,23,23,0
2026-08-17 04:00:00+00:00,BikePoints_259,"Bourne Street, Belgravia",51.490959,-0.153233,5,1,4,16,11,0
2026-08-17 04:00:00+00:00,BikePoints_260,"Broadwick Street, Soho",51.513684,-0.13558,0,0,0,18,15,3
2026-08-17 04:00:00+00:00,BikePoints_261,"Princes Square, Bayswater",51.513489,-0.191351,8,2,6,16,6,2
2026-08-17 04:00:00+00:00,BikePoints_262,"LSBU (Borough Road), Elephant & Castle",51.498744,-0.103132,8,2,6,35,27,0
2026-08-17 04:00:00+00:00,BikePoints_263,"St. Mary Axe, Aldgate",51.514225,-0.08066,0,0,0,21,17,4
2026-08-17 04:00:00+00:00,BikePoints_264,"Tysoe Street, Clerkenwell",51.526443,-0.109256,2,2,0,20,17,1
2026-08-17 04:00:00+00:00,BikePoints_265,"Southwick Street, Paddington",51.515953,-0.169249,6,3,3,17,11,0
2026-08-17 04:00:00+00:00,BikePoints_266,"Queen's Gate (North), Kensington",51.501026,-0.180246,0,0,0,41,39,2
2026-08-17 04:00:00+00:00,BikePoints_268,"Belgrave Road, Victoria",51.493204,-0.144132,25,0,25,29,2,2
2026-08-17 04:00:00+00:00,BikePoints_269,"Empire Square, The Borough",51.500823,-0.08974,45,2,43,46,0,1
2026-08-17 04:00:00+00:00,BikePoints_271,"London Zoo,  The Regent's Park",51.535836,-0.156285,10,0,10,32,22,0
2026-08-17 04:00:00+00:00,BikePoints_272,"Baylis Road, Waterloo",51.501444,-0.110699,0,0,0,22,20,2
2026-08-17 04:00:00+00:00,BikePoints_273,"Belvedere Road 1, South Bank",51.506133,-0.114686,13,1,12,38,21,4
2026-08-17 04:00:00+00:00,BikePoints_274,"Warwick Road, Olympia",51.496712,-0.205284,12,4,8,36,24,0
2026-08-17 04:00:00+00:00,BikePoints_275,"Barbican Centre, Barbican",51.520044,-0.092176,0,0,0,19,18,1
2026-08-17 04:00:00+00:00,BikePoints_276,"Lower Thames Street, Monument",51.509301,-0.084985,0,0,0,24,23,1
2026-08-17 04:00:00+00:00,BikePoints_277,"Kensington Church Street, Kensington",51.503157,-0.191496,9,1,8,17,6,2
2026-08-17 04:00:00+00:00,BikePoints_278,"Tooley Street, Bermondsey",51.503493,-0.07962,20,8,12,27,3,4
2026-08-17 04:00:00+00:00,BikePoints_279,"North Wharf Road, Paddington",51.518623,-0.176603,6,3,3,23,16,1
2026-08-17 04:00:00+00:00,BikePoints_280,"Royal Avenue 2, Chelsea",51.490083,-0.162418,10,0,10,10,0,0
2026-08-17 04:00:00+00:00,BikePoints_281,"Smith Square, Westminster",51.495805,-0.127575,12,3,9,18,6,0
2026-08-17 04:00:00+00:00,BikePoints_282,"Royal London Hospital, Whitechapel",51.518675,-0.06111,29,4,25,42,7,6
2026-08-17 04:00:00+00:00,BikePoints_283,"Kingsway, Covent Garden",51.514409,-0.118478,0,0,0,16,16,0
2026-08-17 04:00:00+00:00,BikePoints_284,"Lambeth North Station, Waterloo",51.49914,-0.112031,12,1,11,20,8,0
2026-08-17 04:00:00+00:00,BikePoints_286,"St. John's Wood Road, St. John's Wood",51.527294,-0.174653,21,4,17,35,12,2
2026-08-17 04:00:00+00:00,BikePoints_287,"Bedford Way, Bloomsbury",51.523673,-0.128377,4,1,3,23,18,1
2026-08-17 04:00:00+00:00,BikePoints_288,"Elizabeth Bridge, Victoria",51.492369,-0.147478,34,0,34,34,0,0
2026-08-17 04:00:00+00:00,BikePoints_289,"South Audley Street, Mayfair",51.50923,-0.151289,1,0,1,15,14,0
2026-08-17 04:00:00+00:00,BikePoints_290,"St Mary's Hospital, Paddington",51.518268,-0.171103,7,2,5,20,10,3
2026-08-17 04:00:00+00:00,BikePoints_291,"Claverton Street, Pimlico",51.484839,-0.138089,31,1,30,32,0,1
2026-08-17 04:00:00+00:00,BikePoints_292,"Montpelier Street, Knightsbridge",51.498884,-0.165471,7,0,7,16,9,0
2026-08-17 04:00:00+00:00,BikePoints_293,"Kensington Olympia Station, Olympia",51.498157,-0.209494,11,0,11,25,14,0
2026-08-17 04:00:00+00:00,BikePoints_294,"St. George's Square, Pimlico",51.488226,-0.135635,15,2,13,16,0,1
2026-08-17 04:00:00+00:00,BikePoints_295,"Swan Street, The Borough",51.500296,-0.092762,4,0,4,27,22,1
2026-08-17 04:00:00+00:00,BikePoints_296,"Knaresborough Place, Earl's Court",51.493631,-0.190603,6,1,5,18,10,2
2026-08-17 04:00:00+00:00,BikePoints_297,"Geraldine Street, Elephant & Castle",51.496127,-0.106,13,2,11,17,3,1
2026-08-17 04:00:00+00:00,BikePoints_298,"Curlew Street, Shad Thames",51.502279,-0.074189,13,2,11,21,4,4
2026-08-17 04:00:00+00:00,BikePoints_299,"Vincent Square, Westminster",51.493985,-0.136928,16,0,16,19,3,0
2026-08-17 04:00:00+00:00,BikePoints_300,"Serpentine Car Park, Hyde Park",51.505014,-0.17306,4,0,4,18,11,3
2026-08-17 04:00:00+00:00,BikePoints_301,"Marylebone Lane, Marylebone",51.514759,-0.148105,2,1,1,24,18,4
2026-08-17 04:00:00+00:00,BikePoints_302,"Putney Pier, Wandsworth",51.466907,-0.216573,18,2,16,28,5,5
2026-08-17 04:00:00+00:00,BikePoints_303,"Albert Gate, Hyde Park",51.502953,-0.158456,2,1,1,34,27,5
2026-08-17 04:00:00+00:00,BikePoints_306,"Rathbone Street, Fitzrovia",51.518162,-0.135025,0,0,0,16,14,2
2026-08-17 04:00:00+00:00,BikePoints_307,"Black Lion Gate, Kensington Gardens",51.509908,-0.187842,19,9,10,24,0,5
2026-08-17 04:00:00+00:00,BikePoints_308,"Long Lane , Bermondsey",51.499075,-0.085666,20,4,16,20,0,0
2026-08-17 04:00:00+00:00,BikePoints_309,"Embankment (Savoy), Strand",51.509631,-0.119047,0,0,0,41,40,1
2026-08-17 04:00:00+00:00,BikePoints_310,"Black Prince Road, Vauxhall",51.490867,-0.116911,14,2,12,19,3,2
2026-08-17 04:00:00+00:00,BikePoints_311,"Foley Street, Fitzrovia",51.519181,-0.140485,4,1,3,24,20,0
2026-08-17 04:00:00+00:00,BikePoints_312,"Grove End Road, St. John's Wood",51.530889,-0.17677,17,4,13,20,0,3
2026-08-17 04:00:00+00:00,BikePoints_313,"Wells Street, Fitzrovia",51.517344,-0.138072,3,1,2,38,32,3
2026-08-17 04:00:00+00:00,BikePoints_314,"Tyers Gate, Bermondsey",51.500889,-0.083159,33,1,32,36,1,2
2026-08-17 04:00:00+00:00,BikePoints_315,"The Tennis Courts, The Regent's Park",51.525367,-0.153463,5,5,0,16,8,3
2026-08-17 04:00:00+00:00,BikePoints_316,"Warwick Row, Westminster",51.497998,-0.14296,0,0,0,21,18,3
2026-08-17 04:00:00+00:00,BikePoints_317,"Dickens Square, Borough",51.496791,-0.093913,6,0,6,32,26,0
2026-08-17 04:00:00+00:00,BikePoints_318,"Sackville Street, Mayfair",51.510048,-0.138846,0,0,0,18,16,2
2026-08-17 04:00:00+00:00,BikePoints_319,"Baldwin Street, St. Luke's",51.527025,-0.088542,5,1,4,21,14,2
2026-08-17 04:00:00+00:00,BikePoints_320,"Queen Mother Sports Centre, Victoria",51.493573,-0.139956,22,0,22,26,4,0
2026-08-17 04:00:00+00:00,BikePoints_321,"Bermondsey Street, Bermondsey",51.497855,-0.081608,16,3,13,24,7,1
2026-08-17 04:00:00+00:00,BikePoints_322,"Palissy Street, Shoreditch",51.526293,-0.073955,23,1,22,26,1,2
2026-08-17 04:00:00+00:00,BikePoints_323,"Clifton Street, Shoreditch",51.523196,-0.083067,6,1,5,24,18,0
2026-08-17 04:00:00+00:00,BikePoints_324,"Ontario Street, Elephant & Castle",51.49652,-0.101384,10,0,10,15,4,1
2026-08-17 04:00:00+00:00,BikePoints_326,"Graham Street, Angel",51.532661,-0.099981,19,1,18,26,6,1
2026-08-17 04:00:00+00:00,BikePoints_327,"Westbourne Green, Westbourne",51.522168,-0.192814,9,1,8,21,11,1
2026-08-17 04:00:00+00:00,BikePoints_328,"New North Road 2, Hoxton",51.53114,-0.086016,4,2,2,22,18,0
2026-08-17 04:00:00+00:00,BikePoints_329,"Prince Albert Road, The Regent's Park",51.535892,-0.160854,3,3,0,24,17,4
2026-08-17 04:00:00+00:00,BikePoints_330,"Eastbourne Mews, Paddington",51.516417,-0.179135,10,3,7,34,22,2
2026-08-17 04:00:00+00:00,BikePoints_331,"Bunhill Row, Moorgate",51.520858,-0.089887,0,0,0,30,26,4
2026-08-17 04:00:00+00:00,BikePoints_332,"Nevern Place, Earl's Court",51.493343,-0.194757,9,0,9,20,10,1
2026-08-17 04:00:00+00:00,BikePoints_333,"Palace Gardens Terrace, Notting Hill",51.508605,-0.193764,18,4,14,37,17,2
2026-08-17 04:00:00+00:00,BikePoints_334,"Agar Grove, Camden Town",51.542891,-0.132253,13,4,9,18,4,1
2026-08-17 04:00:00+00:00,BikePoints_335,"Tavistock Street, Covent Garden",51.511968,-0.120718,0,0,0,33,30,3
2026-08-17 04:00:00+00:00,BikePoints_336,"Concert Hall Approach, South Bank",51.504841,-0.115153,22,0,22,30,6,2
2026-08-17 04:00:00+00:00,BikePoints_337,"Pembridge Villas, Notting Hill",51.511084,-0.197524,6,2,4,16,9,1
2026-08-17 04:00:00+00:00,BikePoints_338,"Wellington Street , Strand",51.511756,-0.119643,0,0,0,24,20,4
2026-08-17 04:00:00+00:00,BikePoints_340,"Bank of England Museum, Bank",51.514441,-0.087587,0,0,0,16,14,2
2026-08-17 04:00:00+00:00,BikePoints_341,"Craven Street, Strand",51.508103,-0.126021,0,0,0,23,21,2
2026-08-17 04:00:00+00:00,BikePoints_344,"Goswell Road (City Uni), Finsbury",51.528246,-0.101026,10,1,9,16,5,1
2026-08-17 04:00:00+00:00,BikePoints_345,"Flood Street, Chelsea",51.488023,-0.166878,4,0,4,33,28,1
2026-08-17 04:00:00+00:00,BikePoints_348,"Grosvenor Square, Mayfair",51.51217,-0.150481,2,1,1,17,11,4
2026-08-17 04:00:00+00:00,BikePoints_349,"St. George Street, Mayfair",51.51196,-0.142783,0,0,0,18,16,2
2026-08-17 04:00:00+00:00,BikePoints_350,"Queen's Gate, Kensington Gardens",51.501715,-0.179854,4,2,2,21,12,5
2026-08-17 04:00:00+00:00,BikePoints_351,"Macclesfield Rd, St Lukes",51.529423,-0.097122,9,0,9,28,17,2
2026-08-17 04:00:00+00:00,BikePoints_352,"Vauxhall Street, Vauxhall",51.486965,-0.116625,16,1,15,19,3,0
2026-08-17 04:00:00+00:00,BikePoints_353,"Greycoat Street , Westminster",51.494591,-0.134234,13,0,13,17,4,0
2026-08-17 04:00:00+00:00,BikePoints_354,"Northumberland Avenue, Strand",51.506767,-0.123702,3,0,3,37,34,0
2026-08-17 04:00:00+00:00,BikePoints_355,"Clapham Common Station, Clapham Common",51.461388,-0.139221,16,0,16,21,3,2
2026-08-17 04:00:00+00:00,BikePoints_356,"South Kensington Station, South Kensington",51.494412,-0.173881,2,0,2,15,12,1
2026-08-17 04:00:00+00:00,BikePoints_357,"Howland Street, Fitzrovia",51.520994,-0.139016,7,1,6,30,23,0
2026-08-17 04:00:00+00:00,BikePoints_358,"High Holborn , Covent Garden",51.516398,-0.124257,0,0,0,20,20,0
2026-08-17 04:00:00+00:00,BikePoints_359,"Butler Place, Westminster",51.497829,-0.13544,0,0,0,18,17,1
2026-08-17 04:00:00+00:00,BikePoints_360,"Howick Place, Westminster",51.496753,-0.138733,1,0,1,27,25,1
2026-08-17 04:00:00+00:00,BikePoints_361,"Waterloo Station 2, Waterloo",51.503919,-0.113426,15,1,14,55,40,0
2026-08-17 04:00:00+00:00,BikePoints_362,"Royal College Street, Camden Town",51.536264,-0.133952,47,3,44,57,7,3
2026-08-17 04:00:00+00:00,BikePoints_363,"Lord's, St. John's Wood",51.529121,-0.171185,8,0,8,24,15,1
2026-08-17 04:00:00+00:00,BikePoints_364,"Store Street, Bloomsbury",51.519572,-0.13214,3,2,1,32,28,1
2026-08-17 04:00:00+00:00,BikePoints_365,"City Road, Angel",51.530344,-0.100168,25,5,20,47,18,4
2026-08-17 04:00:00+00:00,BikePoints_367,"Harrowby Street, Marylebone",51.517372,-0.164207,0,0,0,16,14,2
2026-08-17 04:00:00+00:00,BikePoints_368,"Lowndes Square, Knightsbridge",51.50058,-0.158837,0,0,0,23,22,1
2026-08-17 04:00:00+00:00,BikePoints_370,"Paddington Green, Paddington",51.520205,-0.174593,9,3,6,20,11,0
2026-08-17 04:00:00+00:00,BikePoints_371,"Brockwell Lido, Brixton",51.453118,-0.104955,26,0,26,30,3,1
2026-08-17 04:00:00+00:00,BikePoints_372,"Sardinia Street, Holborn",51.515208,-0.117863,0,0,0,24,24,0
2026-08-17 04:00:00+00:00,BikePoints_373,"Prince Consort Road, Knightsbridge",51.499806,-0.176415,0,0,0,18,17,1
2026-08-17 04:00:00+00:00,BikePoints_374,"Waterloo Station 1, Waterloo",51.504027,-0.113864,10,0,10,36,21,5
2026-08-17 04:00:00+00:00,BikePoints_375,"Kensington Town Hall, Kensington",51.501945,-0.194392,3,0,3,18,14,1
2026-08-17 04:00:00+00:00,BikePoints_376,"Millbank Tower, Pimlico",51.491884,-0.125674,4,1,3,24,18,2
2026-08-17 04:00:00+00:00,BikePoints_377,"Waterloo Bridge, South Bank",51.505354,-0.113656,8,1,7,15,6,1
2026-08-17 04:00:00+00:00,BikePoints_378,"Natural History Museum, South Kensington",51.495592,-0.179077,0,0,0,42,41,1
2026-08-17 04:00:00+00:00,BikePoints_379,"Turquoise Island, Notting Hill",51.514311,-0.200838,6,0,6,21,15,0
2026-08-17 04:00:00+00:00,BikePoints_380,"Stanhope Gate, Mayfair",51.506864,-0.150666,1,0,1,21,20,0
2026-08-17 04:00:00+00:00,BikePoints_381,"Charlotte Street, Fitzrovia",51.51953,-0.135777,0,0,0,14,14,0
2026-08-17 04:00:00+00:00,BikePoints_382,"Farm Street, Mayfair",51.509351,-0.147449,0,0,0,15,15,0
2026-08-17 04:00:00+00:00,BikePoints_383,"Frith Street, Soho",51.513103,-0.131213,1,0,1,18,15,2
2026-08-17 04:00:00+00:00,BikePoints_384,"Marloes Road, Kensington",51.496481,-0.192404,3,0,3,15,12,0
2026-08-17 04:00:00+00:00,BikePoints_386,"Moor Street, Soho",51.513527,-0.13011,1,1,0,16,12,3
2026-08-17 04:00:00+00:00,BikePoints_387,"Fire Brigade Pier, Vauxhall",51.493699,-0.121394,0,0,0,30,27,3
2026-08-17 04:00:00+00:00,BikePoints_388,"Southampton Street, Strand",51.510701,-0.121723,1,0,1,14,12,1
2026-08-17 04:00:00+00:00,BikePoints_389,"Upper Grosvenor Street, Mayfair",51.51013,-0.155757,2,0,2,18,16,0
2026-08-17 04:00:00+00:00,BikePoints_390,"Buxton Street 1, Shoreditch",51.521776,-0.068856,10,0,10,41,30,1
2026-08-17 04:00:00+00:00,BikePoints_391,"Clifford Street, Mayfair",51.510662,-0.142345,0,0,0,17,16,1
2026-08-17 04:00:00+00:00,BikePoints_392,"Imperial College, Knightsbridge",51.499428,-0.179702,0,0,0,33,32,1
2026-08-17 04:00:00+00:00,BikePoints_393,"Snow Hill, Farringdon",51.517334,-0.103604,5,0,5,15,10,0
2026-08-17 04:00:00+00:00,BikePoints_394,"Aberdeen Place, St. John's Wood",51.524826,-0.176268,17,5,12,18,0,1
2026-08-17 04:00:00+00:00,BikePoints_395,"Cadogan Gardens, Chelsea",51.492462,-0.159919,4,2,2,15,10,1
2026-08-17 04:00:00+00:00,BikePoints_396,"Shouldham Street, Marylebone",51.51809,-0.163609,2,0,2,16,13,1
2026-08-17 04:00:00+00:00,BikePoints_397,"Devonshire Terrace, Bayswater",51.51348,-0.17977,10,4,6,16,2,4
2026-08-17 04:00:00+00:00,BikePoints_398,"Holland Park, Kensington",51.502319,-0.200742,18,0,18,30,12,0
2026-08-17 04:00:00+00:00,BikePoints_399,"Brick Lane Market, Shoreditch",51.522617,-0.071653,9,0,9,24,13,2
2026-08-17 04:00:00+00:00,BikePoints_400,"George Street, Marylebone",51.517703,-0.154106,14,0,14,27,13,0
2026-08-17 04:00:00+00:00,BikePoints_401,"Columbia Road, Shoreditch",51.528187,-0.075375,14,2,12,24,9,1
2026-08-17 04:00:00+00:00,BikePoints_402,"Penfold Street, Marylebone",51.522892,-0.171681,1,0,1,15,13,1
2026-08-17 04:00:00+00:00,BikePoints_403,"George Place Mews, Marylebone",51.516892,-0.158249,2,1,1,16,12,2
2026-08-17 04:00:00+00:00,BikePoints_404,"Palace Gate, Kensington Gardens",51.502042,-0.1844,8,0,8,13,0,5
2026-08-17 04:00:00+00:00,BikePoints_405,"Gloucester Road Station, South Kensington",51.494185,-0.18267,0,0,0,15,14,1
2026-08-17 04:00:00+00:00,BikePoints_408,"Sun Street, Liverpool Street",51.520009,-0.083935,3,1,2,24,21,0
2026-08-17 04:00:00+00:00,BikePoints_409,"Strata, Elephant & Castle",51.493146,-0.099828,35,8,27,41,0,6
2026-08-17 04:00:00+00:00,BikePoints_410,"Orchard Place, Blackwall Tunnel",51.510212,0.004979,15,3,12,24,8,1
2026-08-17 04:00:00+00:00,BikePoints_411,"Rotherhithe Roundabout, Rotherhithe",51.499169,-0.055846,17,1,16,19,1,1
2026-08-17 04:00:00+00:00,BikePoints_412,"Cleaver Street, Kennington",51.488105,-0.110121,8,0,8,17,9,0
2026-08-17 04:00:00+00:00,BikePoints_419,"Chelsea Bridge, Pimlico",51.485821,-0.149004,1,0,1,15,14,0
2026-08-17 04:00:00+00:00,BikePoints_423,"Eaton Square (South), Belgravia",51.494561,-0.153933,8,0,8,31,23,0
2026-08-17 04:00:00+00:00,BikePoints_424,"Ebury Bridge, Pimlico",51.490491,-0.149186,16,1,15,29,11,2
2026-08-17 04:00:00+00:00,BikePoints_426,"Vincent Street, Pimlico",51.493072,-0.129925,12,5,7,17,5,0
2026-08-17 04:00:00+00:00,BikePoints_427,"Cheapside, Bank",51.51397,-0.09294,0,0,0,43,43,0
2026-08-17 04:00:00+00:00,BikePoints_428,"Exhibition Road, Knightsbridge",51.499917,-0.174554,0,0,0,20,20,0
2026-08-17 04:00:00+00:00,BikePoints_430,"South Parade, Chelsea",51.48902,-0.17524,4,0,4,18,12,2
2026-08-17 04:00:00+00:00,BikePoints_431,"Crinan Street, King's Cross",51.534474,-0.122203,6,3,3,20,13,1
2026-08-17 04:00:00+00:00,BikePoints_432,"Exhibition Road Museums 1, South Kensington",51.496468,-0.173796,0,0,0,13,13,0
2026-08-17 04:00:00+00:00,BikePoints_433,"Wren Street, Holborn",51.524564,-0.116279,3,0,3,33,27,3
2026-08-17 04:00:00+00:00,BikePoints_435,"Kennington Station, Kennington",51.488852,-0.105593,5,1,4,23,18,0
2026-08-17 04:00:00+00:00,BikePoints_436,"Red Lion Street, Holborn",51.51824,-0.11655,1,1,0,36,35,0
2026-08-17 04:00:00+00:00,BikePoints_437,"Vauxhall Walk, Vauxhall",51.488124,-0.120903,24,1,23,27,3,0
2026-08-17 04:00:00+00:00,BikePoints_439,"Killick Street, King's Cross",51.5338,-0.118677,15,2,13,22,5,2
2026-08-17 04:00:00+00:00,BikePoints_440,"Kennington Oval, Oval",51.483145,-0.113134,30,0,30,33,0,3
2026-08-17 04:00:00+00:00,BikePoints_441,"Sail Street, Vauxhall",51.495656,-0.114605,11,0,11,24,12,1
2026-08-17 04:00:00+00:00,BikePoints_442,"Walmer Road, Avondale",51.510101,-0.211358,8,1,7,24,16,0
2026-08-17 04:00:00+00:00,BikePoints_443,"Philpot Street, Whitechapel",51.515256,-0.058641,8,1,7,30,19,3
2026-08-17 04:00:00+00:00,BikePoints_444,"Bethnal Green Garden, Bethnal Green",51.52568,-0.055312,4,0,4,24,19,1
2026-08-17 04:00:00+00:00,BikePoints_445,"Cheshire Street, Bethnal Green",51.52388,-0.065076,4,0,4,28,24,0
2026-08-17 04:00:00+00:00,BikePoints_446,"York Hall, Bethnal Green",51.528936,-0.055894,13,0,13,27,12,2
2026-08-17 04:00:00+00:00,BikePoints_447,"Jubilee Crescent, Cubitt Town",51.493381,-0.007542,6,1,5,54,46,2
2026-08-17 04:00:00+00:00,BikePoints_448,"Fisherman's Walk West, Canary Wharf",51.50623,-0.02296,14,0,14,36,21,1
2026-08-17 04:00:00+00:00,BikePoints_449,"Shadwell Station, Shadwell",51.511088,-0.057159,29,3,26,35,3,3
2026-08-17 04:00:00+00:00,BikePoints_450,"Jubilee Street, Stepney",51.515975,-0.053177,6,2,4,28,22,0
2026-08-17 04:00:00+00:00,BikePoints_451,"Hermitage Court, Wapping",51.504719,-0.063531,10,4,6,16,5,1
2026-08-17 04:00:00+00:00,BikePoints_452,"St. Katharine's Way, Tower",51.505697,-0.070542,1,1,0,24,21,2
2026-08-17 04:00:00+00:00,BikePoints_453,"Garnet Street, Shadwell",51.508447,-0.055167,11,0,11,24,12,1
2026-08-17 04:00:00+00:00,BikePoints_454,"Napier Avenue, Millwall",51.487679,-0.021582,15,6,9,20,3,2
2026-08-17 04:00:00+00:00,BikePoints_455,"East Ferry Road, Cubitt Town",51.49447,-0.014409,16,2,14,17,0,1
2026-08-17 04:00:00+00:00,BikePoints_456,"Albert Street, Camden Town",51.537706,-0.144801,10,3,7,26,10,6
2026-08-17 04:00:00+00:00,BikePoints_457,"Castlehaven Road, Camden Town",51.542138,-0.145393,8,2,6,29,20,1
2026-08-17 04:00:00+00:00,BikePoints_458,"Wapping Lane, Wapping",51.504749,-0.057544,10,1,9,28,15,3
2026-08-17 04:00:00+00:00,BikePoints_459,"Gunmakers Lane, Old Ford",51.535179,-0.03338,14,1,13,17,2,1
2026-08-17 04:00:00+00:00,BikePoints_461,"Aston Street, Stepney",51.516,-0.038775,13,3,10,26,13,0
2026-08-17 04:00:00+00:00,BikePoints_462,"Bonny Street, Camden Town",51.541603,-0.138853,34,12,22,45,7,4
2026-08-17 04:00:00+00:00,BikePoints_463,"Thurtle Road, Haggerston",51.534776,-0.071881,3,1,2,22,17,2
2026-08-17 04:00:00+00:00,BikePoints_464,"St. Mary & St. Michael Church, Stepney",51.51417,-0.052099,6,0,6,25,19,0
2026-08-17 04:00:00+00:00,BikePoints_465,"Pitfield Street North,Hoxton",51.53558,-0.08249,21,4,17,28,5,2
2026-08-17 04:00:00+00:00,BikePoints_466,"Whiston Road, Haggerston",51.534464,-0.076341,8,4,4,21,11,2
2026-08-17 04:00:00+00:00,BikePoints_467,"Southern Grove, Bow",51.523538,-0.030556,3,0,3,17,14,0
2026-08-17 04:00:00+00:00,BikePoints_468,"Cantrell Road, Bow",51.521564,-0.022694,22,0,22,24,0,2
2026-08-17 04:00:00+00:00,BikePoints_469,"Lindfield Street, Poplar",51.513757,-0.020467,21,3,18,44,21,2
2026-08-17 04:00:00+00:00,BikePoints_470,"Mostyn Grove, Bow",51.530535,-0.025492,19,4,15,46,26,1
2026-08-17 04:00:00+00:00,BikePoints_471,"Hewison Street, Old Ford",51.533283,-0.028155,14,4,10,19,5,0
2026-08-17 04:00:00+00:00,BikePoints_472,"Malmesbury Road, Bow",51.529452,-0.027616,8,3,5,21,11,2
2026-08-17 04:00:00+00:00,BikePoints_473,"Millharbour, Millwall",51.496137,-0.019355,8,1,7,19,7,4
2026-08-17 04:00:00+00:00,BikePoints_474,"Gascoyne Road, Victoria Park",51.541515,-0.038557,10,7,3,20,7,3
2026-08-17 04:00:00+00:00,BikePoints_475,"Lightermans Road, Millwall",51.499041,-0.020157,7,2,5,31,21,3
2026-08-17 04:00:00+00:00,BikePoints_476,"Stebondale Street, Cubitt Town",51.489096,-0.009205,5,0,5,29,20,4
2026-08-17 04:00:00+00:00,BikePoints_477,"Spindrift Avenue, Millwall",51.49109,-0.018716,16,2,14,36,18,2
2026-08-17 04:00:00+00:00,BikePoints_478,"Stepney Green Station, Stepney",51.521889,-0.04667,17,2,15,21,0,4
2026-08-17 04:00:00+00:00,BikePoints_479,"Pott Street, Bethnal Green",51.527152,-0.058005,14,1,13,20,2,4
2026-08-17 04:00:00+00:00,BikePoints_480,"Flamborough Street, Limehouse",51.512871,-0.038986,24,3,21,25,0,1
2026-08-17 04:00:00+00:00,BikePoints_481,"Saunders Ness Road, Cubitt Town",51.487129,-0.009001,9,1,8,35,23,3
2026-08-17 04:00:00+00:00,BikePoints_482,"Exhibition Road Museums 2, South Kensington",51.495947,-0.173689,0,0,0,14,14,0
2026-08-17 04:00:00+00:00,BikePoints_483,"Albert Gardens, Stepney",51.51328,-0.047784,28,2,26,33,1,4
2026-08-17 04:00:00+00:00,BikePoints_484,"Bromley High Street, Bow",51.528828,-0.013258,11,2,9,24,9,4
2026-08-17 04:00:00+00:00,BikePoints_485,"Old Ford Road, Bethnal Green",51.531127,-0.048017,15,2,13,24,3,6
2026-08-17 04:00:00+00:00,BikePoints_486,"Granby Street, Shoreditch",51.525645,-0.069543,3,0,3,37,33,1
2026-08-17 04:00:00+00:00,BikePoints_487,"Canton Street, Poplar",51.511811,-0.025626,8,1,7,23,14,1
2026-08-17 04:00:00+00:00,BikePoints_488,"Reardon Street, Wapping",51.506946,-0.058681,3,0,3,22,14,5
2026-08-17 04:00:00+00:00,BikePoints_489,"Christian Street, Whitechapel",51.513074,-0.064094,18,6,12,34,16,0
2026-08-17 04:00:00+00:00,BikePoints_490,"Pennington Street, Wapping",51.508622,-0.065006,9,4,5,45,34,2
2026-08-17 04:00:00+00:00,BikePoints_491,"Queen Mary's, Mile End",51.522507,-0.041378,9,0,9,45,31,5
2026-08-17 04:00:00+00:00,BikePoints_494,"South Quay East, Canary Wharf",51.50196,-0.016251,14,2,12,36,22,0
2026-08-17 04:00:00+00:00,BikePoints_495,"Bow Church Station, Bow",51.528169,-0.018703,26,6,20,39,12,1
2026-08-17 04:00:00+00:00,BikePoints_496,"Devons Road, Bow",51.52512,-0.015578,33,7,26,39,1,5
2026-08-17 04:00:00+00:00,BikePoints_497,"Merchant Street, Bow",51.526578,-0.027581,24,4,20,27,2,1
2026-08-17 04:00:00+00:00,BikePoints_498,"Bow Road Station, Bow",51.527058,-0.025296,9,5,4,42,32,1
2026-08-17 04:00:00+00:00,BikePoints_499,"Furze Green, Bow",51.519265,-0.021345,18,3,15,36,15,3
2026-08-17 04:00:00+00:00,BikePoints_500,"Ansell House, Stepney",51.520019,-0.05438,2,0,2,41,37,2
2026-08-17 04:00:00+00:00,BikePoints_501,"Cephas Street, Bethnal Green",51.522561,-0.054883,9,2,7,24,11,4
2026-08-17 04:00:00+00:00,BikePoints_502,"Bonner Gate, Victoria Park",51.53341,-0.049591,2,0,2,21,15,4
2026-08-17 04:00:00+00:00,BikePoints_503,"Cleveland Way, Stepney",51.520893,-0.051394,2,0,2,36,33,1
2026-08-17 04:00:00+00:00,BikePoints_504,"St. John's Park, Cubitt Town",51.496454,-0.009506,7,0,7,30,21,2
2026-08-17 04:00:00+00:00,BikePoints_505,"Ackroyd Drive, Bow",51.520398,-0.026768,24,6,18,29,0,5
2026-08-17 04:00:00+00:00,BikePoints_506,"Bell Lane, Liverpool Street",51.517475,-0.075855,0,0,0,23,22,1
2026-08-17 04:00:00+00:00,BikePoints_507,"Clarkson Street, Bethnal Green",51.528692,-0.059091,14,3,11,31,16,1
2026-08-17 04:00:00+00:00,BikePoints_508,"Fournier Street, Whitechapel",51.519362,-0.074431,1,1,0,18,15,2
2026-08-17 04:00:00+00:00,BikePoints_509,"Fore Street Avenue, Guildhall",51.517842,-0.090075,0,0,0,19,17,2
2026-08-17 04:00:00+00:00,BikePoints_510,"Westferry DLR, Limehouse",51.509303,-0.025996,17,1,16,41,22,2
2026-08-17 04:00:00+00:00,BikePoints_511,"Sutton Street, Shadwell",51.511066,-0.053558,29,5,24,33,1,3
2026-08-17 04:00:00+00:00,BikePoints_513,"Watney Market, Stepney",51.514222,-0.055656,10,2,8,51,40,1
2026-08-17 04:00:00+00:00,BikePoints_514,"Portman Square, Marylebone",51.516204,-0.155525,1,1,0,17,15,1
2026-08-17 04:00:00+00:00,BikePoints_515,"Russell Gardens, Olympia",51.500088,-0.211316,5,0,5,24,19,0
2026-08-17 04:00:00+00:00,BikePoints_516,"Chrisp Street Market, Poplar",51.5112,-0.014438,15,3,12,18,2,1
2026-08-17 04:00:00+00:00,BikePoints_517,"Ford Road, Old Ford",51.532513,-0.033085,7,0,7,18,8,3
2026-08-17 04:00:00+00:00,BikePoints_518,"Antill Road, Mile End",51.528224,-0.037471,8,1,7,30,21,1
2026-08-17 04:00:00+00:00,BikePoints_519,"Teviot Street, Poplar",51.518811,-0.011662,32,1,31,33,0,1
2026-08-17 04:00:00+00:00,BikePoints_520,"Bancroft Road, Bethnal Green",51.526041,-0.047218,19,5,14,21,0,2
2026-08-17 04:00:00+00:00,BikePoints_521,"Driffield Road, Old Ford",51.534137,-0.037366,18,0,18,19,0,1
2026-08-17 04:00:00+00:00,BikePoints_522,"Clinton Road, Mile End",51.525941,-0.036017,15,1,14,36,20,1
2026-08-17 04:00:00+00:00,BikePoints_523,"Langdon Park, Poplar",51.51549,-0.013475,17,2,15,24,6,1
2026-08-17 04:00:00+00:00,BikePoints_524,"Lancaster Gate , Bayswater",51.511654,-0.179668,27,0,27,38,10,1
2026-08-17 04:00:00+00:00,BikePoints_525,"Blythe Road, Olympia",51.496927,-0.2135,6,1,5,24,17,1
2026-08-17 04:00:00+00:00,BikePoints_526,"Lancaster Drive, Blackwall",51.503143,-0.008428,13,2,11,27,13,1
2026-08-17 04:00:00+00:00,BikePoints_527,"Hansard Mews, Holland Park",51.503802,-0.215808,12,5,7,20,8,0
2026-08-17 04:00:00+00:00,BikePoints_528,"Clarges Street, Mayfair",51.507326,-0.145827,0,0,0,16,16,0
2026-08-17 04:00:00+00:00,BikePoints_529,"Manresa Road, Chelsea",51.486892,-0.170983,3,0,3,18,13,2
2026-08-17 04:00:00+00:00,BikePoints_530,"Newby Place, Poplar",51.508896,-0.012413,16,2,14,18,1,1
2026-08-17 04:00:00+00:00,BikePoints_531,"Twig Folly Bridge, Mile End",51.530326,-0.042744,6,2,4,21,15,0
2026-08-17 04:00:00+00:00,BikePoints_532,"Jubilee Plaza, Canary Wharf",51.5034,-0.020242,0,0,0,63,59,4
2026-08-17 04:00:00+00:00,BikePoints_533,"Wellington Row, Bethnal Green",51.528222,-0.069743,24,4,20,33,7,2
2026-08-17 04:00:00+00:00,BikePoints_534,"Goldsmith's Row, Haggerston",51.531864,-0.066035,24,3,21,27,0,3
2026-08-17 04:00:00+00:00,BikePoints_536,"Queensbridge Road, Haggerston",51.53385,-0.06992,11,0,11,35,21,3
2026-08-17 04:00:00+00:00,BikePoints_537,"Old Montague Street, Whitechapel",51.51793,-0.067937,14,5,9,18,4,0
2026-08-17 04:00:00+00:00,BikePoints_538,"Naval Row, Blackwall",51.508981,-0.00699,19,4,15,21,1,1
2026-08-17 04:00:00+00:00,BikePoints_539,"Hoxton Station, Hoxton",51.531091,-0.075901,5,1,4,22,17,0
2026-08-17 04:00:00+00:00,BikePoints_541,"Green Park Station, Mayfair",51.506613,-0.142844,0,0,0,28,24,4
2026-08-17 04:00:00+00:00,BikePoints_542,"Salmon Lane, Limehouse",51.514115,-0.033828,14,5,9,33,18,1
2026-08-17 04:00:00+00:00,BikePoints_543,"Lansdowne Walk, Ladbroke Grove",51.509591,-0.204666,12,1,11,21,7,2
2026-08-17 04:00:00+00:00,BikePoints_544,"Percival Street, Finsbury",51.526153,-0.102208,4,1,3,22,16,2
2026-08-17 04:00:00+00:00,BikePoints_545,"Arlington Road, Camden Town",51.539957,-0.145246,16,0,16,24,7,1
2026-08-17 04:00:00+00:00,BikePoints_546,"New Fetter Lane, Holborn",51.517428,-0.107987,0,0,0,21,20,1
2026-08-17 04:00:00+00:00,BikePoints_547,"East India DLR, Blackwall",51.509474,-0.002275,25,8,17,51,21,5
2026-08-17 04:00:00+00:00,BikePoints_548,"Westminster Bridge Road, Elephant & Castle",51.498386,-0.107913,15,1,14,26,10,1
2026-08-17 04:00:00+00:00,BikePoints_549,"Gaywood  Street, Elephant & Castle",51.49605,-0.104193,5,0,5,45,38,2
2026-08-17 04:00:00+00:00,BikePoints_550,"Harford Street, Mile End",51.521564,-0.039264,22,0,22,23,1,0
2026-08-17 04:00:00+00:00,BikePoints_551,"Import Dock, Canary Wharf",51.505772,-0.01646,14,1,13,39,20,5
2026-08-17 04:00:00+00:00,BikePoints_552,"Watney Street, Shadwell",51.511542,-0.056667,5,0,5,27,22,0
2026-08-17 04:00:00+00:00,BikePoints_553,"Regent's Row , Haggerston",51.535678,-0.062546,4,0,4,24,17,3
2026-08-17 04:00:00+00:00,BikePoints_554,"Aberfeldy Street, Poplar",51.513548,-0.005659,11,2,9,16,0,5
2026-08-17 04:00:00+00:00,BikePoints_556,"Heron Quays DLR, Canary Wharf",51.502661,-0.021596,0,0,0,27,25,2
2026-08-17 04:00:00+00:00,BikePoints_557,"King Edward Street, St Pauls",51.51601,-0.0985,1,0,1,20,19,0
2026-08-17 04:00:00+00:00,BikePoints_558,"Page Street, Westminster",51.493978,-0.127554,8,5,3,24,14,2
2026-08-17 04:00:00+00:00,BikePoints_559,"Abbotsbury Road, Holland Park",51.501391,-0.205991,5,0,5,24,19,0
2026-08-17 04:00:00+00:00,BikePoints_560,"Ladbroke Grove Central, Ladbroke Grove",51.511624,-0.205921,6,1,5,21,14,1
2026-08-17 04:00:00+00:00,BikePoints_561,"Rectory Square, Stepney",51.518369,-0.043371,7,1,6,22,14,1
2026-08-17 04:00:00+00:00,BikePoints_562,"Bury Place, Holborn",51.51742,-0.123189,1,1,0,21,20,0
2026-08-17 04:00:00+00:00,BikePoints_563,"Preston's Road, Cubitt Town",51.499286,-0.009152,17,1,16,26,5,4
2026-08-17 04:00:00+00:00,BikePoints_564,"Somerset House, Strand",51.509943,-0.117619,1,0,1,41,39,1
2026-08-17 04:00:00+00:00,BikePoints_565,"Selby Street, Whitechapel",51.521905,-0.063386,7,2,5,17,8,2
2026-08-17 04:00:00+00:00,BikePoints_568,"Bishop's Bridge Road West, Bayswater",51.51616,-0.18697,4,0,4,18,10,4
2026-08-17 04:00:00+00:00,BikePoints_569,"Pitfield Street Central, Hoxton",51.53213,-0.08299,4,0,4,30,22,4
2026-08-17 04:00:00+00:00,BikePoints_570,"Upper Bank Street, Canary Wharf",51.503083,-0.017676,8,0,8,36,23,5
2026-08-17 04:00:00+00:00,BikePoints_571,"Westfield Southern Terrace ,Shepherd's Bush",51.506256,-0.218337,8,0,8,29,19,2
2026-08-17 04:00:00+00:00,BikePoints_572,"Greenland Road, Camden Town",51.539099,-0.141728,34,4,30,36,1,1
2026-08-17 04:00:00+00:00,BikePoints_573,"Limerston Street, West Chelsea",51.485587,-0.18119,2,2,0,18,15,1
2026-08-17 04:00:00+00:00,BikePoints_574,"Eagle Wharf Road, Hoxton",51.53356,-0.09315,18,4,14,45,22,5
2026-08-17 04:00:00+00:00,BikePoints_576,"Alpha Grove, Millwall",51.497304,-0.022793,18,7,11,23,0,5
2026-08-17 04:00:00+00:00,BikePoints_577,"Globe Town Market, Bethnal Green",51.528869,-0.047548,18,2,16,20,0,2
2026-08-17 04:00:00+00:00,BikePoints_578,"Hollybush Gardens, Bethnal Green",51.527607,-0.057133,25,1,24,32,7,0
2026-08-17 04:00:00+00:00,BikePoints_579,"Queen Street 2, Bank",51.511246,-0.093051,4,0,4,36,31,1
2026-08-17 04:00:00+00:00,BikePoints_580,"Doddington Grove, Kennington",51.486929,-0.102996,28,8,20,36,7,1
2026-08-17 04:00:00+00:00,BikePoints_581,"New Cavendish Street, Marylebone",51.519167,-0.147983,6,1,5,18,10,2
2026-08-17 04:00:00+00:00,BikePoints_583,"Abingdon Green, Westminster",51.49764,-0.125972,0,0,0,20,20,0
2026-08-17 04:00:00+00:00,BikePoints_584,"Ilchester Gardens, Bayswater",51.51244,-0.19096,11,3,8,21,10,0
2026-08-17 04:00:00+00:00,BikePoints_586,"Mudchute DLR, Cubitt Town",51.490645,-0.014582,17,3,14,31,13,1
2026-08-17 04:00:00+00:00,BikePoints_587,"Monument Street, Monument",51.50964,-0.08497,3,0,3,22,18,1
2026-08-17 04:00:00+00:00,BikePoints_589,"Drayton Gardens, West Chelsea",51.487196,-0.179369,4,1,3,18,14,0
2026-08-17 04:00:00+00:00,BikePoints_590,"Greenberry Street, St.John's Wood",51.53256,-0.16862,20,2,18,26,6,0
2026-08-17 04:00:00+00:00,BikePoints_591,"Westfield Library Corner, Shepherd's Bush",51.506093,-0.224223,19,4,15,27,8,0
2026-08-17 04:00:00+00:00,BikePoints_592,"Bishop's Bridge Road East, Bayswater",51.5171,-0.18377,2,1,1,20,18,0
2026-08-17 04:00:00+00:00,BikePoints_593,"Northdown Street, King's Cross",51.531066,-0.11934,9,1,8,21,8,4
2026-08-17 04:00:00+00:00,BikePoints_594,"Kingsway Southbound, Strand",51.513875,-0.117774,0,0,0,33,32,1
2026-08-17 04:00:00+00:00,BikePoints_595,"Hammersmith Road, Hammersmith",51.493267,-0.21985,1,0,1,22,20,1
2026-08-17 04:00:00+00:00,BikePoints_596,"Parson's Green , Parson's Green",51.472817,-0.199783,8,1,7,21,13,0
2026-08-17 04:00:00+00:00,BikePoints_597,"Fulham Park Road, Fulham",51.473471,-0.20782,5,1,4,27,22,0
2026-08-17 04:00:00+00:00,BikePoints_598,"Southerton Road, Hammersmith",51.494499,-0.228188,22,2,20,38,14,2
2026-08-17 04:00:00+00:00,BikePoints_599,"Manbre Road, Hammersmith",51.485743,-0.223616,10,0,10,28,18,0
2026-08-17 04:00:00+00:00,BikePoints_600,"South Lambeth Road, Vauxhall",51.481747,-0.124642,16,4,12,21,0,5
2026-08-17 04:00:00+00:00,BikePoints_602,"Union Grove, Wandsworth Road",51.472993,-0.133972,31,1,30,45,13,1
2026-08-17 04:00:00+00:00,BikePoints_603,"Caldwell Street, Stockwell",51.477839,-0.116493,26,0,26,44,18,0
2026-08-17 04:00:00+00:00,BikePoints_604,"St Martins Close, Camden Town",51.538792,-0.138535,16,7,9,18,0,2
2026-08-17 04:00:00+00:00,BikePoints_605,"Seymour Place, Marylebone",51.520331,-0.163667,2,0,2,29,25,2
2026-08-17 04:00:00+00:00,BikePoints_606,"Addison Road, Holland Park",51.504199,-0.210941,4,0,4,26,21,1
2026-08-17 04:00:00+00:00,BikePoints_607,"Putney Bridge Station, Fulham",51.468814,-0.210279,9,1,8,21,12,0
2026-08-17 04:00:00+00:00,BikePoints_608,"Colet Gardens, Hammersmith",51.491093,-0.216493,5,1,4,30,25,0
2026-08-17 04:00:00+00:00,BikePoints_609,"Sugden Road, Clapham",51.465123,-0.157788,14,7,7,19,2,3
2026-08-17 04:00:00+00:00,BikePoints_610,"Danvers Street, West Chelsea",51.482567,-0.172078,5,1,4,21,14,2
2026-08-17 04:00:00+00:00,BikePoints_611,"Princedale Road , Holland Park",51.506465,-0.208486,11,2,9,20,5,4
2026-08-17 04:00:00+00:00,BikePoints_612,"Wandsworth Rd, Isley Court, Wandsworth Road",51.469259,-0.141812,24,3,21,30,6,0
2026-08-17 04:00:00+00:00,BikePoints_613,"Woodstock Grove, Shepherd's Bush",51.504038,-0.2174,1,1,0,24,21,2
2026-08-17 04:00:00+00:00,BikePoints_615,"Finlay Street, Fulham",51.476885,-0.215895,17,1,16,24,7,0
2026-08-17 04:00:00+00:00,BikePoints_616,"Aintree Street, Fulham",51.481021,-0.209973,14,6,8,24,8,2
2026-08-17 04:00:00+00:00,BikePoints_617,"Elysium Place, Fulham",51.471079,-0.207842,15,3,12,21,6,0
2026-08-17 04:00:00+00:00,BikePoints_618,"Eel Brook Common, Walham Green",51.476259,-0.193254,24,1,23,24,0,0
2026-08-17 04:00:00+00:00,BikePoints_619,"Irene Road, Parsons Green",51.473763,-0.19701,17,0,17,23,6,0
2026-08-17 04:00:00+00:00,BikePoints_620,"Surrey Lane, Battersea",51.47518,-0.16716,24,3,21,26,1,1
2026-08-17 04:00:00+00:00,BikePoints_621,"Wandsworth Town Station, Wandsworth",51.460864,-0.187427,30,1,29,33,0,3
2026-08-17 04:00:00+00:00,BikePoints_622,"Lansdowne Road, Ladbroke Grove",51.507481,-0.205535,19,3,16,29,10,0
2026-08-17 04:00:00+00:00,BikePoints_623,"Nantes Close, Wandsworth",51.46193,-0.180791,17,0,17,22,4,1
2026-08-17 04:00:00+00:00,BikePoints_624,"Courland Grove, Wandsworth Road",51.472918,-0.132102,37,1,36,40,0,3
2026-08-17 04:00:00+00:00,BikePoints_625,"Queen's Circus, Battersea Park",51.477619,-0.149551,23,3,20,28,5,0
2026-08-17 04:00:00+00:00,BikePoints_626,"Normand Park, West Kensington",51.484386,-0.204815,19,1,18,24,5,0
2026-08-17 04:00:00+00:00,BikePoints_627,"Holden Street, Battersea",51.46879,-0.15823,18,1,17,20,1,1
2026-08-17 04:00:00+00:00,BikePoints_628,"William Morris Way, Sands End",51.468819,-0.184318,25,2,23,26,1,0
2026-08-17 04:00:00+00:00,BikePoints_629,"Morie Street, Wandsworth",51.459953,-0.190184,25,2,23,28,0,3
2026-08-17 04:00:00+00:00,BikePoints_630,"Clarence Walk, Stockwell",51.470732,-0.126994,27,1,26,28,1,0
2026-08-17 04:00:00+00:00,BikePoints_631,"Battersea Park Road, Nine Elms",51.479501,-0.14177,3,3,0,27,21,3
2026-08-17 04:00:00+00:00,BikePoints_632,"Sheepcote Lane, Battersea",51.470538,-0.163041,26,0,26,28,1,1
2026-08-17 04:00:00+00:00,BikePoints_633,"Vereker Road, West Kensington",51.489591,-0.209378,7,1,6,32,24,1
2026-08-17 04:00:00+00:00,BikePoints_634,"Brook Green South, Brook Green",51.494347,-0.215804,2,0,2,33,30,1
2026-08-17 04:00:00+00:00,BikePoints_635,"Greyhound Road, Hammersmith",51.486062,-0.214428,24,4,20,37,11,2
2026-08-17 04:00:00+00:00,BikePoints_636,"South Park, Sands End",51.467064,-0.193502,22,2,20,28,5,1
2026-08-17 04:00:00+00:00,BikePoints_638,"Falcon Road, Clapham Junction",51.466633,-0.169821,19,2,17,28,7,2
2026-08-17 04:00:00+00:00,BikePoints_640,"Silverthorne Road, Battersea",51.472865,-0.148059,16,0,16,28,10,2
2026-08-17 04:00:00+00:00,BikePoints_641,"Archbishop's Park, Waterloo",51.498241,-0.117495,10,0,10,23,13,0
2026-08-17 04:00:00+00:00,BikePoints_642,"Fawcett Close, Battersea",51.469161,-0.174485,17,2,15,30,10,3
2026-08-17 04:00:00+00:00,BikePoints_643,"All Saints' Road, Portobello",51.519042,-0.204764,4,4,0,22,18,0
2026-08-17 04:00:00+00:00,BikePoints_644,"Rainville Road, Hammersmith",51.483732,-0.223852,3,0,3,36,31,2
2026-08-17 04:00:00+00:00,BikePoints_645,"Great Suffolk Street, The Borough",51.501732,-0.100292,3,1,2,21,14,4
2026-08-17 04:00:00+00:00,BikePoints_646,"Buckingham Gate, Westminster",51.498865,-0.137424,2,2,0,16,10,4
2026-08-17 04:00:00+00:00,BikePoints_647,"Richmond Way, Shepherd's Bush",51.500353,-0.217515,8,0,8,27,19,0
2026-08-17 04:00:00+00:00,BikePoints_648,"Peterborough Road, Sands End",51.46904,-0.196274,12,1,11,20,8,0
2026-08-17 04:00:00+00:00,BikePoints_649,"World's End Place, West Chelsea",51.481805,-0.180274,7,0,7,22,14,1
2026-08-17 04:00:00+00:00,BikePoints_650,"St. Mark's Road, North Kensington",51.51687,-0.213872,10,5,5,21,10,1
2026-08-17 04:00:00+00:00,BikePoints_651,"Thorndike Close, West Chelsea",51.480898,-0.183853,8,4,4,25,17,0
2026-08-17 04:00:00+00:00,BikePoints_652,"Evesham Street, Avondale",51.511486,-0.21819,7,1,6,20,13,0
2026-08-17 04:00:00+00:00,BikePoints_653,"Simpson Street, Clapham Junction",51.470847,-0.170703,23,3,20,25,2,0
2026-08-17 04:00:00+00:00,BikePoints_654,"Ashmole Estate, Oval",51.482678,-0.117661,20,1,19,34,13,1
2026-08-17 04:00:00+00:00,BikePoints_655,"Crabtree Lane, Fulham",51.482944,-0.219346,22,2,20,27,4,1
2026-08-17 04:00:00+00:00,BikePoints_656,"Broomhouse Lane, Parsons Green",51.468418,-0.199135,21,1,20,29,8,0
2026-08-17 04:00:00+00:00,BikePoints_657,"Blythe Road West, Shepherd's Bush",51.49968,-0.221791,4,0,4,21,17,0
2026-08-17 04:00:00+00:00,BikePoints_658,"Ethelburga Estate, Battersea Park",51.477292,-0.164786,21,6,15,30,8,1
2026-08-17 04:00:00+00:00,BikePoints_659,"Blackfriars Station, St. Paul's",51.511934,-0.103078,6,1,5,35,27,2
2026-08-17 04:00:00+00:00,BikePoints_660,"West Kensington Station, West Kensington",51.49087,-0.206029,14,2,12,22,6,2
2026-08-17 04:00:00+00:00,BikePoints_661,"All Saints Church, Portobello",51.51632,-0.202608,9,2,7,37,27,1
2026-08-17 04:00:00+00:00,BikePoints_662,"Phene Street, Chelsea",51.484984,-0.167919,4,2,2,24,19,1
2026-08-17 04:00:00+00:00,BikePoints_663,"Clarendon Road, Avondale",51.51323,-0.211593,5,2,3,24,17,2
2026-08-17 04:00:00+00:00,BikePoints_664,"Austin Road, Battersea Park",51.474376,-0.155442,19,1,18,24,4,1
2026-08-17 04:00:00+00:00,BikePoints_665,"Smugglers Way, Wandsworth",51.461083,-0.191722,26,2,24,27,1,0
2026-08-17 04:00:00+00:00,BikePoints_666,"Harris Academy, Bermondsey",51.492668,-0.07235,15,4,11,18,1,2
2026-08-17 04:00:00+00:00,BikePoints_667,"Shepherd's Bush Road North, Shepherd's Bush",51.501594,-0.222293,28,1,27,34,2,4
2026-08-17 04:00:00+00:00,BikePoints_668,"Ravenscourt Park Station, Hammersmith",51.494223,-0.236769,13,4,9,26,10,3
2026-08-17 04:00:00+00:00,BikePoints_669,"Teversham Lane, Stockwell",51.476149,-0.123258,26,5,21,39,12,1
2026-08-17 04:00:00+00:00,BikePoints_670,"Ashley Crescent, Battersea",51.467185,-0.152248,23,7,16,28,2,3
2026-08-17 04:00:00+00:00,BikePoints_671,"Parsons Green Station, Parsons Green",51.475089,-0.201968,33,3,30,56,21,2
2026-08-17 04:00:00+00:00,BikePoints_672,"Chicheley Street, South Bank",51.502698,-0.116747,10,4,6,24,13,1
2026-08-17 04:00:00+00:00,BikePoints_673,"Hibbert Street, Battersea",51.46517,-0.180389,32,1,31,36,4,0
2026-08-17 04:00:00+00:00,BikePoints_674,"Carnegie Street, King's Cross",51.535467,-0.116191,14,2,12,40,24,2
2026-08-17 04:00:00+00:00,BikePoints_675,"Usk Road, Clapham Junction",51.463489,-0.182126,22,0,22,30,6,2
2026-08-17 04:00:00+00:00,BikePoints_676,"Hartington Road, Stockwell",51.47787,-0.126874,30,2,28,35,5,0
2026-08-17 04:00:00+00:00,BikePoints_677,"Heath Road, Battersea",51.468669,-0.146544,23,2,21,27,4,0
2026-08-17 04:00:00+00:00,BikePoints_678,"Esmond Street, Putney",51.462312,-0.211468,27,5,22,30,1,2
2026-08-17 04:00:00+00:00,BikePoints_679,"Orbel Street, Battersea",51.474535,-0.17021,20,2,18,26,6,0
2026-08-17 04:00:00+00:00,BikePoints_680,"Westbridge Road, Battersea",51.477684,-0.170329,24,4,20,28,1,3
2026-08-17 04:00:00+00:00,BikePoints_681,"Bishop's Avenue, Fulham",51.473036,-0.214749,23,1,22,46,21,2
2026-08-17 04:00:00+00:00,BikePoints_682,"Crisp Road, Hammersmith",51.488108,-0.226606,24,0,24,46,21,1
2026-08-17 04:00:00+00:00,BikePoints_683,"Dorothy Road, Clapham Junction",51.465064,-0.16375,14,1,13,28,13,1
2026-08-17 04:00:00+00:00,BikePoints_684,"Neville Gill Close, Wandsworth",51.454752,-0.195197,30,1,29,32,0,2
2026-08-17 04:00:00+00:00,BikePoints_685,"Osiers Road, Wandsworth",51.46067,-0.198735,14,3,11,30,13,3
2026-08-17 04:00:00+00:00,BikePoints_686,"Beryl Road, Hammersmith",51.488144,-0.222456,8,0,8,26,18,0
2026-08-17 04:00:00+00:00,BikePoints_687,"Clements Road, Bermondsey",51.4954,-0.061698,10,1,9,23,10,3
2026-08-17 04:00:00+00:00,BikePoints_688,"Northfields, Wandsworth",51.460951,-0.200667,22,1,21,28,6,0
2026-08-17 04:00:00+00:00,BikePoints_689,"Spanish Road, Clapham Junction",51.459225,-0.180884,18,4,14,30,12,0
2026-08-17 04:00:00+00:00,BikePoints_690,"Stanley Grove, Battersea",51.470475,-0.15213,21,2,19,24,2,1
2026-08-17 04:00:00+00:00,BikePoints_691,"Erin Close, Walham Green",51.479463,-0.195777,17,1,16,24,7,0
2026-08-17 04:00:00+00:00,BikePoints_692,"Cadogan Close, Victoria Park",51.542118,-0.028941,13,3,10,22,6,3
2026-08-17 04:00:00+00:00,BikePoints_693,"Felsham Road, Putney",51.464786,-0.215618,16,1,15,18,1,1
2026-08-17 04:00:00+00:00,BikePoints_694,"Putney Rail Station, Putney",51.460717,-0.216526,17,6,11,20,2,1
2026-08-17 04:00:00+00:00,BikePoints_695,"Islington Green, Angel",51.536384,-0.102757,9,1,8,21,8,4
2026-08-17 04:00:00+00:00,BikePoints_696,"Charing Cross Hospital, Hammersmith",51.487285,-0.217995,18,2,16,21,3,0
2026-08-17 04:00:00+00:00,BikePoints_697,"Charlotte Terrace, Angel",51.536392,-0.112721,15,7,8,25,8,2
2026-08-17 04:00:00+00:00,BikePoints_698,"Shoreditch Court, Haggerston",51.539083,-0.070329,20,7,13,35,13,2
2026-08-17 04:00:00+00:00,BikePoints_699,"Belford House, Haggerston",51.536654,-0.07023,15,2,13,39,24,0
2026-08-17 04:00:00+00:00,BikePoints_700,"Battersea Church Road, Battersea",51.476964,-0.174347,22,8,14,25,1,2
2026-08-17 04:00:00+00:00,BikePoints_701,"Vicarage Crescent, Battersea",51.472876,-0.176267,19,2,17,30,10,1
2026-08-17 04:00:00+00:00,BikePoints_702,"Durant Street, Bethnal Green",51.528681,-0.06555,15,3,12,24,9,0
2026-08-17 04:00:00+00:00,BikePoints_703,"St. Bride Street, Holborn",51.514665,-0.104583,2,1,1,24,19,3
2026-08-17 04:00:00+00:00,BikePoints_704,"Mexfield Road, East Putney",51.45682,-0.202802,4,4,0,18,11,3
2026-08-17 04:00:00+00:00,BikePoints_705,"Upper Richmond Road, Putney",51.459715,-0.212145,23,6,17,25,0,2
2026-08-17 04:00:00+00:00,BikePoints_706,"Snowsfields, London Bridge",51.502153,-0.083632,0,0,0,31,29,2
2026-08-17 04:00:00+00:00,BikePoints_707,"Barons Court Station, West Kensington",51.490217,-0.215087,26,0,26,32,5,1
2026-08-17 04:00:00+00:00,BikePoints_708,"Disraeli Road, Putney",51.46161,-0.216145,29,0,29,33,3,1
2026-08-17 04:00:00+00:00,BikePoints_709,"Montserrat Road , Putney",51.463211,-0.21555,23,0,23,23,0,0
2026-08-17 04:00:00+00:00,BikePoints_710,"Albert Bridge Road, Battersea Park",51.474392,-0.163347,18,1,17,20,0,2
2026-08-17 04:00:00+00:00,BikePoints_711,"Everington Street, Fulham",51.483356,-0.216305,8,3,5,31,21,2
2026-08-17 04:00:00+00:00,BikePoints_712,"Mile End Stadium, Mile End",51.518541,-0.034903,17,0,17,22,5,0
2026-08-17 04:00:00+00:00,BikePoints_713,"Hawley Crescent, Camden Town",51.541007,-0.14326,19,4,15,22,2,1
2026-08-17 04:00:00+00:00,BikePoints_714,"Stewart's Road, Wandsworth Road",51.473116,-0.137235,25,0,25,28,3,0
2026-08-17 04:00:00+00:00,BikePoints_715,"Aylward Street, Stepney",51.51563,-0.049067,12,2,10,22,9,1
2026-08-17 04:00:00+00:00,BikePoints_716,"Stainsby Road , Poplar",51.515427,-0.023565,12,2,10,24,11,1
2026-08-17 04:00:00+00:00,BikePoints_717,"Dunston Road , Haggerston",51.536585,-0.075885,34,8,26,43,9,0
2026-08-17 04:00:00+00:00,BikePoints_718,"Ada Street, Hackney Central",51.535716,-0.060291,31,5,26,45,14,0
2026-08-17 04:00:00+00:00,BikePoints_719,"Victoria Park Road, Hackney Central",51.536424,-0.054162,9,3,6,34,25,0
2026-08-17 04:00:00+00:00,BikePoints_720,"Star Road, West Kensington",51.487244,-0.205279,19,3,16,23,2,2
2026-08-17 04:00:00+00:00,BikePoints_721,"Wendon Street, Old Ford",51.536039,-0.026262,10,2,8,18,5,3
2026-08-17 04:00:00+00:00,BikePoints_722,"Finnis Street, Bethnal Green",51.524583,-0.058631,5,2,3,19,14,0
2026-08-17 04:00:00+00:00,BikePoints_723,"Stephendale Road, Sands End",51.46822,-0.190346,46,1,45,48,0,2
2026-08-17 04:00:00+00:00,BikePoints_724,"Alma Road, Wandsworth",51.457991,-0.184806,21,6,15,28,6,1
2026-08-17 04:00:00+00:00,BikePoints_725,"Walworth Square, Walworth",51.491327,-0.096518,23,2,21,24,0,1
2026-08-17 04:00:00+00:00,BikePoints_726,"Alfreda Street, Battersea Park",51.47505,-0.150908,19,2,17,22,2,1
2026-08-17 04:00:00+00:00,BikePoints_727,"Chesilton Road, Fulham",51.475698,-0.205876,13,4,9,23,8,2
2026-08-17 04:00:00+00:00,BikePoints_728,"Putney Bridge Road, East Putney",51.461999,-0.20624,28,6,22,29,0,1
2026-08-17 04:00:00+00:00,BikePoints_729,"St. Peter's Terrace, Fulham",51.478939,-0.208485,17,1,16,24,6,1
2026-08-17 04:00:00+00:00,BikePoints_730,"Bridge Avenue, Hammersmith",51.492084,-0.229116,12,1,11,18,6,0
2026-08-17 04:00:00+00:00,BikePoints_731,"Michael Road, Walham Green",51.477276,-0.18921,13,0,13,37,22,2
2026-08-17 04:00:00+00:00,BikePoints_732,"Duke Street Hill, London Bridge",51.506304,-0.087262,1,0,1,21,14,6
2026-08-17 04:00:00+00:00,BikePoints_733,"Park Lane, Mayfair",51.505426,-0.150817,0,0,0,18,17,1
2026-08-17 04:00:00+00:00,BikePoints_734,"Plough Terrace, Clapham Junction",51.462305,-0.175407,26,1,25,31,4,1
2026-08-17 04:00:00+00:00,BikePoints_735,"Grant Road East, Clapham Junction",51.464894,-0.173029,15,0,15,28,10,3
2026-08-17 04:00:00+00:00,BikePoints_736,"Queensdale Road, Shepherd's Bush",51.50659,-0.216104,7,1,6,28,21,0
2026-08-17 04:00:00+00:00,BikePoints_737,"Fulham Broadway, Walham Green",51.479932,-0.194116,11,3,8,26,14,1
2026-08-17 04:00:00+00:00,BikePoints_738,"Imperial Road, Sands End",51.475142,-0.187278,18,2,16,37,19,0
2026-08-17 04:00:00+00:00,BikePoints_739,"Hortensia Road, West Brompton",51.481765,-0.185273,12,1,11,28,16,0
2026-08-17 04:00:00+00:00,BikePoints_740,"Sirdar Road, Avondale",51.510928,-0.214594,8,1,7,20,12,0
2026-08-17 04:00:00+00:00,BikePoints_741,"Freston Road, Avondale",51.512981,-0.219486,15,0,15,23,5,3
2026-08-17 04:00:00+00:00,BikePoints_742,"Blenheim Crescent, Ladbroke Grove",51.515108,-0.208565,5,2,3,22,16,1
2026-08-17 04:00:00+00:00,BikePoints_743,"Oxford Road, Putney",51.460792,-0.212607,18,6,12,20,0,2
2026-08-17 04:00:00+00:00,BikePoints_744,"Ingrave Street, Clapham Junction",51.467454,-0.172293,29,2,27,30,1,0
2026-08-17 04:00:00+00:00,BikePoints_745,"Upcerne Road, West Chelsea",51.478169,-0.182435,7,3,4,29,20,2
2026-08-17 04:00:00+00:00,BikePoints_746,"Lots Road, West Chelsea",51.479573,-0.179038,10,1,9,24,14,0
2026-08-17 04:00:00+00:00,BikePoints_747,"Ormonde Gate, Chelsea",51.487964,-0.161765,16,2,14,24,5,3
2026-08-17 04:00:00+00:00,BikePoints_748,"Hertford Road, De Beauvoir Town",51.537277,-0.079201,23,0,23,25,0,2
2026-08-17 04:00:00+00:00,BikePoints_749,"Haggerston Road, Haggerston",51.539328,-0.074284,24,4,20,37,11,2
2026-08-17 04:00:00+00:00,BikePoints_750,"Culvert Road, Battersea",51.471095,-0.15785,18,2,16,27,9,0
2026-08-17 04:00:00+00:00,BikePoints_751,"Newton Street, Covent Garden",51.516128,-0.120909,0,0,0,24,24,0
2026-08-17 04:00:00+00:00,BikePoints_752,"London Street, Paddington",51.515117,-0.173712,4,1,3,19,15,0
2026-08-17 04:00:00+00:00,BikePoints_753,"Clapham South, Clapham South",51.452997,-0.148651,18,4,14,28,10,0
2026-08-17 04:00:00+00:00,BikePoints_754,"Grenfell Road, Avondale",51.5129,-0.214762,7,2,5,24,16,1
2026-08-17 04:00:00+00:00,BikePoints_755,"The Vale, Chelsea",51.485121,-0.174971,2,1,1,24,21,1
2026-08-17 04:00:00+00:00,BikePoints_756,"Prince of Wales Drive, Battersea Park",51.475153,-0.159169,19,3,16,21,0,2
2026-08-17 04:00:00+00:00,BikePoints_757,"Harcourt Terrace, West Brompton",51.487958,-0.187404,22,3,19,24,0,2
2026-08-17 04:00:00+00:00,BikePoints_758,"Westbourne Park Road, Portobello",51.51787,-0.201005,13,2,11,23,10,0
2026-08-17 04:00:00+00:00,BikePoints_759,"Broadley Terrace, Marylebone",51.524561,-0.165668,3,2,1,18,15,0
2026-08-17 04:00:00+00:00,BikePoints_760,"Elgin Avenue, Maida Hill",51.524309,-0.201234,13,5,8,18,3,2
2026-08-17 04:00:00+00:00,BikePoints_761,"Humbolt Road, Fulham",51.483217,-0.21186,25,1,24,26,1,0
2026-08-17 04:00:00+00:00,BikePoints_762,"Storey's Gate, Westminster",51.500703,-0.129698,1,1,0,21,18,2
2026-08-17 04:00:00+00:00,BikePoints_763,"Mile End Park Leisure Centre, Mile End",51.520597,-0.032566,29,7,22,47,15,3
2026-08-17 04:00:00+00:00,BikePoints_764,"St. John's Road, Clapham Junction",51.462392,-0.168292,29,1,28,33,4,0
2026-08-17 04:00:00+00:00,BikePoints_765,"Ranelagh Gardens, Fulham",51.467601,-0.206827,24,4,20,29,2,3
2026-08-17 04:00:00+00:00,BikePoints_766,"Ram Street, Wandsworth",51.457529,-0.192165,17,1,16,25,6,2
2026-08-17 04:00:00+00:00,BikePoints_767,"Santos Road, Wandsworth",51.457059,-0.200806,25,0,25,30,5,0
2026-08-17 04:00:00+00:00,BikePoints_768,"Clapham Common North Side, Clapham Common",51.461343,-0.159322,23,3,20,37,14,0
2026-08-17 04:00:00+00:00,BikePoints_769,"Sandilands Road, Walham Green",51.473611,-0.191803,12,1,11,21,9,0
2026-08-17 04:00:00+00:00,BikePoints_770,"Gwendwr Road, West Kensington",51.491026,-0.209121,28,1,27,30,2,0
2026-08-17 04:00:00+00:00,BikePoints_771,"Rifle Place, Avondale",51.509224,-0.216016,14,0,14,21,7,0
2026-08-17 04:00:00+00:00,BikePoints_772,"Binfield Road, Stockwell",51.472509,-0.122831,34,4,30,35,0,1
2026-08-17 04:00:00+00:00,BikePoints_773,"Tallis Street, Temple",51.511891,-0.107349,0,0,0,24,22,2
2026-08-17 04:00:00+00:00,BikePoints_774,"Hurlingham Park, Parsons Green",51.470131,-0.20464,15,0,15,20,5,0
2026-08-17 04:00:00+00:00,BikePoints_775,"Little Brook Green, Brook Green",51.496664,-0.223868,16,0,16,33,16,1
2026-08-17 04:00:00+00:00,BikePoints_776,"Adeline Place, Bloomsbury",51.517632,-0.129985,0,0,0,22,22,0
2026-08-17 04:00:00+00:00,BikePoints_779,"Houndsditch, Aldgate",51.514449,-0.077178,2,2,0,28,25,1
2026-08-17 04:00:00+00:00,BikePoints_780,"Imperial Wharf Station, Sands End",51.474665,-0.183165,23,1,22,25,0,2
2026-08-17 04:00:00+00:00,BikePoints_782,"Halford Road, West Kensington",51.483911,-0.197609,20,1,19,24,4,0
2026-08-17 04:00:00+00:00,BikePoints_783,"Monier Road, Hackney Wick",51.540311,-0.02163,25,7,18,27,0,2
2026-08-17 04:00:00+00:00,BikePoints_784,"East Village, Queen Elizabeth Olympic Park",51.546326,-0.009935,12,4,8,34,22,0
2026-08-17 04:00:00+00:00,BikePoints_785,"Aquatic Centre, Queen Elizabeth Olympic Park",51.541482,-0.010437,11,2,9,30,13,6
2026-08-17 04:00:00+00:00,BikePoints_786,"Lee Valley VeloPark, Queen Elizabeth Olympic Park",51.549369,-0.015717,30,8,22,44,12,2
2026-08-17 04:00:00+00:00,BikePoints_787,"Timber Lodge, Queen Elizabeth Olympic Park",51.546805,-0.014691,16,1,15,35,15,4
2026-08-17 04:00:00+00:00,BikePoints_788,"Copper Box Arena, Queen Elizabeth Olympic Park",51.544909,-0.020542,12,2,10,31,14,5
2026-08-17 04:00:00+00:00,BikePoints_789,"Podium, Queen Elizabeth Olympic Park",51.538718,-0.011889,18,6,12,40,8,14
2026-08-17 04:00:00+00:00,BikePoints_790,"Stratford Station, Stratford",51.541793,-0.00481,16,0,16,28,7,5
2026-08-17 04:00:00+00:00,BikePoints_792,"Blackfriars Road, Southwark",51.505461,-0.10454,2,0,2,42,39,1
2026-08-17 04:00:00+00:00,BikePoints_793,"Cromer Street, Bloomsbury",51.528279,-0.119558,20,1,19,28,7,1
2026-08-17 04:00:00+00:00,BikePoints_795,"Euston Square Gardens, Euston",51.527068,-0.131861,0,0,0,30,29,1
2026-08-17 04:00:00+00:00,BikePoints_796,"Coram Street, Bloomsbury",51.524,-0.126409,10,1,9,29,18,1
2026-08-17 04:00:00+00:00,BikePoints_797,"Ossulston Street, Somers Town",51.5293,-0.128279,14,0,14,30,12,4
2026-08-17 04:00:00+00:00,BikePoints_798,"Birkenhead Street, King's Cross",51.530199,-0.122299,15,5,10,27,8,4
2026-08-17 04:00:00+00:00,BikePoints_799,"Kings Gate House, Westminster",51.497698,-0.137598,0,0,0,24,23,1
2026-08-17 04:00:00+00:00,BikePoints_800,"Sopwith Way, Battersea Park",51.481121,-0.149035,14,1,13,30,14,2
2026-08-17 04:00:00+00:00,BikePoints_801,"Lavington Street, Bankside",51.505224,-0.098031,4,0,4,29,22,3
2026-08-17 04:00:00+00:00,BikePoints_802,"Albert Square, Stockwell",51.47659,-0.118256,31,5,26,32,1,0
2026-08-17 04:00:00+00:00,BikePoints_803,"Southwark Street, Bankside",51.505409,-0.098341,5,0,5,23,18,0
2026-08-17 04:00:00+00:00,BikePoints_804,"Good's Way, King's Cross",51.534667,-0.125078,0,0,0,27,23,4
2026-08-17 04:00:00+00:00,BikePoints_805,"The Metropolitan, Portobello",51.520509,-0.200804,2,0,2,18,15,1
2026-08-17 04:00:00+00:00,BikePoints_807,"Bevington Road West, North Kensington",51.5212,-0.208888,10,2,8,24,11,3
2026-08-17 04:00:00+00:00,BikePoints_808,"Gauden Road, Clapham",51.464995,-0.130908,25,1,24,28,1,2
2026-08-17 04:00:00+00:00,BikePoints_809,"Lincoln's Inn Fields, Holborn",51.516277,-0.118272,1,0,1,28,27,0
2026-08-17 04:00:00+00:00,BikePoints_810,"Tate Modern, Bankside",51.506725,-0.098807,12,0,12,30,15,3
2026-08-17 04:00:00+00:00,BikePoints_811,"Westferry Circus, Canary Wharf",51.505703,-0.027772,15,3,12,36,14,7
2026-08-17 04:00:00+00:00,BikePoints_812,"Here East North, Queen Elizabeth Olympic Park",51.548731,-0.022606,15,0,15,28,12,1
2026-08-17 04:00:00+00:00,BikePoints_813,"New Spring Gardens Walk, Vauxhall",51.487807,-0.122759,5,0,5,33,27,1
2026-08-17 04:00:00+00:00,BikePoints_814,"Clapham Road, Lingham Street, Stockwell",51.471433,-0.12367,29,2,27,30,0,1
2026-08-17 04:00:00+00:00,BikePoints_815,"Lambeth Palace Road, Waterloo",51.500089,-0.116628,15,4,11,35,18,2
2026-08-17 04:00:00+00:00,BikePoints_816,"Here East South, Queen Elizabeth Olympic Park",51.546532,-0.020597,9,1,8,20,11,0
2026-08-17 04:00:00+00:00,BikePoints_818,"Westminster Pier, Westminster",51.501513,-0.123823,13,0,13,27,14,0
2026-08-17 04:00:00+00:00,BikePoints_819,"Belvedere Road 2, South Bank",51.50621,-0.114842,6,1,5,38,31,1
2026-08-17 04:00:00+00:00,BikePoints_820,"Victory Place, Walworth",51.492807,-0.091938,18,4,14,24,6,0
2026-08-17 04:00:00+00:00,BikePoints_821,"Battersea Power Station, Battersea Park",51.483507,-0.147714,6,0,6,27,15,6
2026-08-17 04:00:00+00:00,BikePoints_826,"Allington Street, Victoria",51.496863,-0.142943,1,0,1,28,25,2
2026-08-17 04:00:00+00:00,BikePoints_827,"Cranmer Road, Stockwell",51.479601,-0.111471,21,4,17,24,3,0
2026-08-17 04:00:00+00:00,BikePoints_828,"Normandy Road, Stockwell",51.473874,-0.11258,18,1,17,32,13,1
2026-08-17 04:00:00+00:00,BikePoints_829,"Wynne Road, Stockwell",51.469217,-0.112686,16,1,15,25,8,1
2026-08-17 04:00:00+00:00,BikePoints_830,"Sidney Road, Stockwell",51.469202,-0.119022,15,3,12,27,11,1
2026-08-17 04:00:00+00:00,BikePoints_831,"St John's Crescent, Brixton",51.466232,-0.113179,17,3,14,25,8,0
2026-08-17 04:00:00+00:00,BikePoints_832,"Ferndale Road, Brixton",51.464019,-0.115781,22,3,19,30,6,2
2026-08-17 04:00:00+00:00,BikePoints_833,"Saltoun Road, Brixton",51.460232,-0.115375,32,2,30,42,8,2
2026-08-17 04:00:00+00:00,BikePoints_834,"Gas Holders, Battersea Park",51.477966,-0.147857,16,4,12,26,7,3
2026-08-17 04:00:00+00:00,BikePoints_835,"Farringdon Street, Holborn",51.516785,-0.104947,0,0,0,25,25,0
2026-08-17 04:00:00+00:00,BikePoints_836,"York Way, Kings Cross",51.541596,-0.125441,8,3,5,24,14,2
2026-08-17 04:00:00+00:00,BikePoints_838,"Fore Street, Guildhall",51.518093,-0.091401,1,0,1,25,23,1
2026-08-17 04:00:00+00:00,BikePoints_839,"Sea Containers, South Bank",51.508033,-0.106823,1,0,1,30,28,1
2026-08-17 04:00:00+00:00,BikePoints_840,"George Row, Bermondsey",51.498585,-0.068981,16,1,15,22,3,3
2026-08-17 04:00:00+00:00,BikePoints_841,"Tower Wharf, Bermondsey",51.500845,-0.074704,12,1,11,20,5,3
2026-08-17 04:00:00+00:00,BikePoints_842,"Temple Gardens, Temple",51.510981,-0.108322,0,0,0,24,23,1
2026-08-17 04:00:00+00:00,BikePoints_844,"Canada Water Station, Rotherhithe",51.498439,-0.04915,30,4,26,35,1,4
2026-08-17 04:00:00+00:00,BikePoints_845,"Bermondsey Station, Bermondsey",51.497995,-0.063471,25,6,19,30,0,5
2026-08-17 04:00:00+00:00,BikePoints_846,"Burgess Park Albany Road, Walworth",51.48224,-0.094284,26,4,22,30,0,4
2026-08-17 04:00:00+00:00,BikePoints_847,"South Bermondsey Station, Bermondsey",51.488067,-0.057774,21,3,18,24,3,0
2026-08-17 04:00:00+00:00,BikePoints_849,"Crimscott Street, Bermondsey",51.495598,-0.078893,15,3,12,19,3,1
2026-08-17 04:00:00+00:00,BikePoints_850,"Brandon Street, Walworth",51.489102,-0.091548,22,0,22,22,0,0
2026-08-17 04:00:00+00:00,BikePoints_851,"The Blue, Bermondsey",51.492221,-0.062513,21,4,17,22,0,1
2026-08-17 04:00:00+00:00,BikePoints_852,"Coomer Place, West Kensington",51.48357,-0.202038,22,0,22,27,3,2
2026-08-17 04:00:00+00:00,BikePoints_857,"Strand, Strand",51.512582,-0.115057,1,1,0,35,34,0
2026-08-17 04:00:00+00:00,BikePoints_864,"Abbey Orchard Street, Westminster",51.498125,-0.132102,3,1,2,29,25,1
2026-08-17 04:00:00+00:00,BikePoints_865,"Leonard Circus , Shoreditch",51.524696,-0.084439,2,2,0,43,39,2
2026-08-17 04:00:00+00:00,BikePoints_866,"Limburg Road, Clapham Junction",51.461923,-0.165297,19,3,16,21,1,1
2026-08-17 04:00:00+00:00,BikePoints_867,"Pritchard's Road, Bethnal Green",51.532091,-0.061419,15,5,10,30,12,3
2026-08-17 04:00:00+00:00,BikePoints_868,"Kennington Lane Rail Bridge, Vauxhall",51.486343,-0.122492,14,4,10,31,16,1
2026-08-17 04:00:00+00:00,BikePoints_869,"Albert Embankment, Vauxhall",51.490435,-0.122806,6,0,6,24,18,0
2026-08-17 04:00:00+00:00,BikePoints_870,"Lower Marsh, Waterloo",51.500139,-0.113935,0,0,0,17,17,0
2026-08-17 04:00:00+00:00,BikePoints_872,"Risinghill Street, Angel",51.533319,-0.111781,4,4,0,25,17,4
2026-08-17 04:00:00+00:00,BikePoints_873,"St. Pancras Way, Camden Town",51.537071,-0.13285,6,2,4,20,12,2
2026-08-17 04:00:00+00:00,BikePoints_874,"Handyside Street, King's Cross",51.53724,-0.124807,16,5,11,27,8,3
2026-08-17 04:00:00+00:00,BikePoints_875,"Victoria Rise, Clapham Common",51.461376,-0.147804,19,2,17,23,0,4
2026-08-17 04:00:00+00:00,BikePoints_876,"Old Quebec Street, Marylebone",51.514577,-0.158264,4,2,2,16,11,1
2026-08-17 04:00:00+00:00,BikePoints_877,"Spencer Park, Wandsworth Common",51.45787,-0.174691,15,1,14,25,10,0
2026-08-17 04:00:00+00:00,BikePoints_878,"Victoria & Albert Museum, South Kensington",51.495898,-0.173009,2,0,2,30,28,0
2026-08-17 04:00:00+00:00,BikePoints_879,"BBC White City, White City",51.514767,-0.225786,10,2,8,36,25,1
2026-08-17 04:00:00+00:00,BikePoints_881,"Albany Street, The Regent's Park",51.528302,-0.144465,6,0,6,27,19,2
2026-08-17 04:00:00+00:00,BikePoints_882,"Maplin Street, Mile End",51.525501,-0.032267,21,0,21,39,16,2
2026-08-17 04:00:00+00:00,BikePoints_883,"London Fields, Hackney Central",51.54119,-0.058826,10,1,9,21,4,7
2026-08-17 04:00:00+00:00,BikePoints_884,"Westfield Ariel Way, White City",51.509158,-0.224103,31,0,31,42,6,5
2026-08-17 04:00:00+00:00,BikePoints_885,"Gloucester Avenue, Camden Town",51.537349,-0.147154,9,5,4,24,13,2
2026-08-17 04:00:00+00:00,BikePoints_887,"London Zoo Car Park, The Regent's Park",51.536922,-0.150181,4,0,4,36,31,1
2026-08-17 04:00:00+00:00,BikePoints_888,"Norton Folgate, Liverpool Street",51.521113,-0.078869,1,0,1,23,19,3
2026-08-17 04:00:00+00:00,BikePoints_889,"Horse Guards Avenue, Westminster",51.505031,-0.123,5,0,5,29,22,2
2026-08-17 04:00:00+00:00,BikePoints_890,"Burdett Road, Mile End",51.516196,-0.029137,22,3,19,33,4,7
2026-08-17 04:45:00+00:00,BikePoints_1,"River Street , Clerkenwell",51.529163,-0.10997,3,3,0,19,14,2
2026-08-17 04:45:00+00:00,BikePoints_2,"Phillimore Gardens, Kensington",51.499606,-0.197574,9,0,9,37,27,1
2026-08-17 04:45:00+00:00,BikePoints_3,"Christopher Street, Liverpool Street",51.521283,-0.084605,0,0,0,32,32,0
2026-08-17 04:45:00+00:00,BikePoints_4,"St. Chad's Street, King's Cross",51.530059,-0.120973,22,1,21,23,0,1
2026-08-17 04:45:00+00:00,BikePoints_5,"Sedding Street, Sloane Square",51.49313,-0.156876,0,0,0,27,25,2
2026-08-17 04:45:00+00:00,BikePoints_6,"Broadcasting House, Marylebone",51.518117,-0.144228,3,3,0,18,10,5
2026-08-17 04:45:00+00:00,BikePoints_7,"Charlbert Street, St. John's Wood",51.5343,-0.168074,5,0,5,16,5,6
2026-08-17 04:45:00+00:00,BikePoints_8,"Maida Vale, Maida Vale",51.529857,-0.183486,30,7,23,39,2,7
2026-08-17 04:45:00+00:00,BikePoints_9,"New Globe Walk, Bankside",51.507385,-0.09644,9,1,8,19,10,0
2026-08-17 04:45:00+00:00,BikePoints_10,"Park Street, Bankside",51.505974,-0.092754,7,1,6,18,11,0
2026-08-17 04:45:00+00:00,BikePoints_11,"Brunswick Square, Bloomsbury",51.523951,-0.122502,5,3,2,24,17,2
2026-08-17 04:45:00+00:00,BikePoints_12,"Malet Street, Bloomsbury",51.52168,-0.130431,14,3,11,49,35,0
2026-08-17 04:45:00+00:00,BikePoints_13,"Scala Street, Fitzrovia",51.519914,-0.136039,2,0,2,21,19,0
2026-08-17 04:45:00+00:00,BikePoints_14,"Argyle Street, Kings Cross",51.529416,-0.123944,18,1,17,45,24,3
2026-08-17 04:45:00+00:00,BikePoints_15,"Great Russell Street, Bloomsbury",51.517727,-0.127854,1,1,0,26,25,0
2026-08-17 04:45:00+00:00,BikePoints_16,"Cartwright Gardens , Bloomsbury",51.526357,-0.125979,3,2,1,21,18,0
2026-08-17 04:45:00+00:00,BikePoints_17,"Hatton Wall, Holborn",51.521661,-0.109006,4,2,2,26,20,2
2026-08-17 04:45:00+00:00,BikePoints_18,"Drury Lane, Covent Garden",51.51477,-0.122219,0,0,0,27,24,3
2026-08-17 04:45:00+00:00,BikePoints_19,"Taviton Street, Bloomsbury",51.52505,-0.131161,7,0,7,30,23,0
2026-08-17 04:45:00+00:00,BikePoints_20,"Drummond Street , Euston",51.527326,-0.136052,26,0,26,28,0,2
2026-08-17 04:45:00+00:00,BikePoints_21,"Lansdowne Drive, Hackney Central",51.539834,-0.062806,14,7,7,26,11,1
2026-08-17 04:45:00+00:00,BikePoints_22,"Northington Street , Holborn",51.522264,-0.114079,7,1,6,19,12,0
2026-08-17 04:45:00+00:00,BikePoints_23,"Red Lion Square, Holborn",51.519435,-0.119123,2,1,1,16,13,1
2026-08-17 04:45:00+00:00,BikePoints_24,"British Museum, Bloomsbury",51.51908,-0.124678,1,0,1,35,34,0
2026-08-17 04:45:00+00:00,BikePoints_25,"Doric Way , Somers Town",51.528833,-0.13225,24,0,24,50,24,2
2026-08-17 04:45:00+00:00,BikePoints_26,"Ampton Street , Clerkenwell",51.52728,-0.118295,11,2,9,21,9,1
2026-08-17 04:45:00+00:00,BikePoints_28,"Bolsover Street, Fitzrovia",51.523518,-0.143613,9,3,6,19,10,0
2026-08-17 04:45:00+00:00,BikePoints_29,"Hereford Road, Bayswater",51.513735,-0.193487,17,3,14,22,4,1
2026-08-17 04:45:00+00:00,BikePoints_30,"Windsor Terrace, Hoxton",51.529154,-0.093421,17,0,17,24,5,2
2026-08-17 04:45:00+00:00,BikePoints_31,"Fanshaw Street, Hoxton",51.529537,-0.083353,28,0,28,36,6,2
2026-08-17 04:45:00+00:00,BikePoints_33,"Central House, Aldgate",51.515231,-0.07015,0,0,0,24,23,1
2026-08-17 04:45:00+00:00,BikePoints_34,"Pancras Road, King's Cross",51.534123,-0.129386,3,1,2,16,11,2
2026-08-17 04:45:00+00:00,BikePoints_36,"De Vere Gardens, Kensington",51.501737,-0.18498,2,0,2,28,25,1
2026-08-17 04:45:00+00:00,BikePoints_37,"Penywern Road, Earl's Court",51.491593,-0.192369,0,0,0,17,15,2
2026-08-17 04:45:00+00:00,BikePoints_38,"Abingdon Villas, Kensington",51.497387,-0.197245,6,1,5,17,10,1
2026-08-17 04:45:00+00:00,BikePoints_39,"Shoreditch High Street, Shoreditch",51.526377,-0.07813,23,7,16,41,17,1
2026-08-17 04:45:00+00:00,BikePoints_40,"Commercial Street, Shoreditch",51.52127,-0.075578,1,1,0,16,14,1
2026-08-17 04:45:00+00:00,BikePoints_41,"Pindar Street, Liverpool Street",51.520955,-0.083493,0,0,0,24,23,1
2026-08-17 04:45:00+00:00,BikePoints_42,"Wenlock Road , Hoxton",51.530991,-0.093903,9,0,9,28,18,1
2026-08-17 04:45:00+00:00,BikePoints_43,"Crawford Street, Marylebone",51.52026,-0.157183,1,0,1,18,17,0
2026-08-17 04:45:00+00:00,BikePoints_44,"Bruton Street, Mayfair",51.510736,-0.144165,2,0,2,21,18,1
2026-08-17 04:45:00+00:00,BikePoints_45,"Boston Place, Marylebone",51.522511,-0.162298,1,1,0,26,24,1
2026-08-17 04:45:00+00:00,BikePoints_46,"Nesham Street, Wapping",51.507131,-0.06691,6,0,6,16,9,1
2026-08-17 04:45:00+00:00,BikePoints_47,"Warwick Avenue Station, Maida Vale",51.523344,-0.183846,14,1,13,19,1,4
2026-08-17 04:45:00+00:00,BikePoints_48,"Godliman Street, St. Paul's",51.512484,-0.099141,8,1,7,25,16,1
2026-08-17 04:45:00+00:00,BikePoints_49,"Curzon Street, Mayfair",51.507069,-0.145904,0,0,0,16,16,0
2026-08-17 04:45:00+00:00,BikePoints_50,"East Road, Hoxton",51.528673,-0.087459,10,1,9,27,16,1
2026-08-17 04:45:00+00:00,BikePoints_51,"Finsbury Library , Finsbury",51.526717,-0.104298,6,2,4,29,23,0
2026-08-17 04:45:00+00:00,BikePoints_52,"Roscoe Street, St. Luke's",51.522954,-0.094934,2,0,2,18,16,0
2026-08-17 04:45:00+00:00,BikePoints_53,"Grafton Street, Mayfair",51.509992,-0.143495,0,0,0,18,18,0
2026-08-17 04:45:00+00:00,BikePoints_54,"Golden Lane, Barbican",51.521747,-0.094475,1,0,1,27,22,4
2026-08-17 04:45:00+00:00,BikePoints_55,"Finsbury Circus, Liverpool Street",51.517075,-0.086685,1,0,1,33,31,1
2026-08-17 04:45:00+00:00,BikePoints_56,"Paddington Street, Marylebone",51.520583,-0.154701,10,2,8,16,4,2
2026-08-17 04:45:00+00:00,BikePoints_57,"Guilford Street , Bloomsbury",51.523346,-0.120202,9,2,7,32,23,0
2026-08-17 04:45:00+00:00,BikePoints_58,"New Inn Yard, Shoreditch",51.524526,-0.079248,3,1,2,20,13,4
2026-08-17 04:45:00+00:00,BikePoints_60,"Lisson Grove, St. John's Wood",51.526448,-0.17219,10,0,10,18,6,2
2026-08-17 04:45:00+00:00,BikePoints_61,"Great Dover Street, The Borough",51.497382,-0.089446,22,1,21,33,9,2
2026-08-17 04:45:00+00:00,BikePoints_62,"Cotton Garden Estate, Kennington",51.490757,-0.106323,18,4,14,24,6,0
2026-08-17 04:45:00+00:00,BikePoints_63,"Murray Grove , Hoxton",51.53089,-0.089782,18,2,16,27,7,2
2026-08-17 04:45:00+00:00,BikePoints_64,"William IV Street, Strand",51.509462,-0.124749,7,0,7,26,18,1
2026-08-17 04:45:00+00:00,BikePoints_65,"Gower Place , Euston",51.525227,-0.135188,1,0,1,17,16,0
2026-08-17 04:45:00+00:00,BikePoints_66,"Holborn Circus, Holborn",51.51795,-0.108657,2,0,2,40,36,2
2026-08-17 04:45:00+00:00,BikePoints_67,"Hatton Garden, Holborn",51.518825,-0.108028,0,0,0,28,27,1
2026-08-17 04:45:00+00:00,BikePoints_68,"Theobald's Road , Holborn",51.520596,-0.116688,2,0,2,26,23,1
2026-08-17 04:45:00+00:00,BikePoints_69,"Euston Road, Euston",51.526236,-0.134407,0,0,0,24,22,2
2026-08-17 04:45:00+00:00,BikePoints_70,"Calshot Street , King's Cross",51.53136,-0.117069,14,3,11,24,7,3
2026-08-17 04:45:00+00:00,BikePoints_71,"Newgate Street , St. Paul's",51.515768,-0.099894,0,0,0,35,32,3
2026-08-17 04:45:00+00:00,BikePoints_72,"Farringdon Lane, Clerkenwell",51.52352,-0.10834,3,0,3,16,12,1
2026-08-17 04:45:00+00:00,BikePoints_73,"Old Street Station, St. Luke's",51.525615,-0.088532,4,1,3,34,25,5
2026-08-17 04:45:00+00:00,BikePoints_74,"Vauxhall Cross, Vauxhall",51.485917,-0.124469,13,1,12,17,2,2
2026-08-17 04:45:00+00:00,BikePoints_75,"Torrens Street, Angel",51.532199,-0.10548,0,0,0,19,15,4
2026-08-17 04:45:00+00:00,BikePoints_76,"Longford Street, The Regent's Park",51.525595,-0.144083,0,0,0,21,19,2
2026-08-17 04:45:00+00:00,BikePoints_77,"Russell Square Station, Bloomsbury",51.523418,-0.124121,8,0,8,26,16,2
2026-08-17 04:45:00+00:00,BikePoints_78,"Sadlers Sports Centre, Finsbury",51.524868,-0.099489,4,0,4,17,11,2
2026-08-17 04:45:00+00:00,BikePoints_79,"Arundel Street, Temple",51.511726,-0.113855,0,0,0,18,18,0
2026-08-17 04:45:00+00:00,BikePoints_80,"Webber Street , Southwark",51.500693,-0.102091,5,0,5,45,35,5
2026-08-17 04:45:00+00:00,BikePoints_81,"Great Titchfield Street, Fitzrovia",51.520253,-0.141327,3,2,1,19,16,0
2026-08-17 04:45:00+00:00,BikePoints_83,"Panton Street, West End",51.509639,-0.13151,0,0,0,21,18,3
2026-08-17 04:45:00+00:00,BikePoints_84,"Breams Buildings, Holborn",51.515937,-0.111778,0,0,0,25,24,1
2026-08-17 04:45:00+00:00,BikePoints_85,"Tanner Street, Bermondsey",51.500647,-0.0786,33,1,32,41,6,2
2026-08-17 04:45:00+00:00,BikePoints_86,"Sancroft Street, Vauxhall",51.489479,-0.115156,22,1,21,24,1,1
2026-08-17 04:45:00+00:00,BikePoints_87,"Devonshire Square, Liverpool Street",51.516468,-0.079684,0,0,0,16,16,0
2026-08-17 04:45:00+00:00,BikePoints_88,"Percy Street, Bloomsbury",51.51863,-0.132676,0,0,0,29,29,0
2026-08-17 04:45:00+00:00,BikePoints_89,"Tavistock Place, Bloomsbury",51.52625,-0.123509,3,2,1,19,13,3
2026-08-17 04:45:00+00:00,BikePoints_90,"Harrington Square 1, Camden Town",51.533019,-0.139174,6,3,3,27,19,2
2026-08-17 04:45:00+00:00,BikePoints_91,"Walnut Tree Walk, Vauxhall",51.493686,-0.111014,13,3,10,20,6,1
2026-08-17 04:45:00+00:00,BikePoints_92,"Borough Road, Elephant & Castle",51.498898,-0.10044,21,0,21,41,18,2
2026-08-17 04:45:00+00:00,BikePoints_93,"Cloudesley Road, Angel",51.534408,-0.109025,10,6,4,37,25,2
2026-08-17 04:45:00+00:00,BikePoints_94,"Bricklayers Arms, Borough",51.495061,-0.085814,27,4,23,28,1,0
2026-08-17 04:45:00+00:00,BikePoints_95,"Aldersgate Street, Barbican",51.520841,-0.09734,3,2,1,15,11,1
2026-08-17 04:45:00+00:00,BikePoints_96,"Falkirk Street, Hoxton",51.53095,-0.078505,8,4,4,26,16,2
2026-08-17 04:45:00+00:00,BikePoints_97,"Gloucester Road (North), Kensington",51.497924,-0.183834,0,0,0,18,18,0
2026-08-17 04:45:00+00:00,BikePoints_98,"Hampstead Road, Euston",51.525542,-0.138231,9,0,9,54,43,2
2026-08-17 04:45:00+00:00,BikePoints_101,"Queen Street 1, Bank",51.511553,-0.09294,0,0,0,22,21,1
2026-08-17 04:45:00+00:00,BikePoints_102,"Jewry Street, Aldgate",51.513406,-0.076793,2,0,2,17,13,2
2026-08-17 04:45:00+00:00,BikePoints_103,"Vicarage Gate, Kensington",51.504723,-0.192538,2,1,1,18,16,0
2026-08-17 04:45:00+00:00,BikePoints_104,"Crosswall, Tower",51.511594,-0.077121,5,0,5,34,27,2
2026-08-17 04:45:00+00:00,BikePoints_105,"Westbourne Grove, Bayswater",51.515529,-0.19024,5,0,5,26,21,0
2026-08-17 04:45:00+00:00,BikePoints_106,"Woodstock Street, Mayfair",51.514105,-0.147301,2,2,0,21,18,1
2026-08-17 04:45:00+00:00,BikePoints_107,"Finsbury Leisure Centre, St. Luke's",51.526008,-0.096317,3,0,3,20,13,4
2026-08-17 04:45:00+00:00,BikePoints_109,"Soho Square , Soho",51.515631,-0.132328,1,0,1,57,55,1
2026-08-17 04:45:00+00:00,BikePoints_110,"Wellington Road, St. John's Wood",51.533043,-0.172528,8,2,6,17,8,1
2026-08-17 04:45:00+00:00,BikePoints_111,"Park Lane , Hyde Park",51.510017,-0.157275,6,2,4,28,18,4
2026-08-17 04:45:00+00:00,BikePoints_112,"Stonecutter Street, Holborn",51.515809,-0.10527,2,1,1,21,19,0
2026-08-17 04:45:00+00:00,BikePoints_113,"Gloucester Road (Central), South Kensington",51.496462,-0.183289,0,0,0,19,18,1
2026-08-17 04:45:00+00:00,BikePoints_114,"Park Road (Baker Street), The Regent's Park",51.524517,-0.158963,11,2,9,22,5,6
2026-08-17 04:45:00+00:00,BikePoints_115,"Braham Street, Aldgate",51.514233,-0.073537,12,5,7,34,22,0
2026-08-17 04:45:00+00:00,BikePoints_116,"Little Argyll Street, West End",51.514499,-0.141423,2,0,2,21,13,6
2026-08-17 04:45:00+00:00,BikePoints_117,"Lollard Street, Vauxhall",51.49288,-0.114934,24,1,23,25,0,1
2026-08-17 04:45:00+00:00,BikePoints_118,"Rochester Row, Westminster",51.495827,-0.135478,12,2,10,13,0,1
2026-08-17 04:45:00+00:00,BikePoints_119,"Bath Street, St. Luke's",51.525893,-0.090847,5,1,4,18,11,2
2026-08-17 04:45:00+00:00,BikePoints_120,"The Guildhall, Guildhall",51.515735,-0.09308,0,0,0,17,16,1
2026-08-17 04:45:00+00:00,BikePoints_121,"Baker Street, Marylebone",51.518913,-0.156166,7,3,4,22,15,0
2026-08-17 04:45:00+00:00,BikePoints_123,"St. John Street, Finsbury",51.52836,-0.104724,8,2,6,18,10,0
2026-08-17 04:45:00+00:00,BikePoints_124,"Eaton Square, Belgravia",51.496544,-0.150905,8,1,7,18,10,0
2026-08-17 04:45:00+00:00,BikePoints_125,"Borough High Street, The Borough",51.500694,-0.094524,2,0,2,21,18,1
2026-08-17 04:45:00+00:00,BikePoints_126,"Museum of London, Barbican",51.517821,-0.096496,1,0,1,52,50,1
2026-08-17 04:45:00+00:00,BikePoints_127,"Wood Street, Guildhall",51.517008,-0.093885,1,0,1,17,15,1
2026-08-17 04:45:00+00:00,BikePoints_128,"Emperor's Gate, South Kensington",51.495362,-0.185296,8,1,7,22,10,4
2026-08-17 04:45:00+00:00,BikePoints_129,"Golden Square, Soho",51.511897,-0.137043,2,1,1,18,15,1
2026-08-17 04:45:00+00:00,BikePoints_130,"Tower Gardens , Tower",51.509506,-0.075459,7,4,3,24,15,2
2026-08-17 04:45:00+00:00,BikePoints_131,"Eversholt Street , Camden Town",51.533005,-0.136792,0,0,0,16,15,1
2026-08-17 04:45:00+00:00,BikePoints_132,"Bethnal Green Road, Shoreditch",51.523648,-0.074754,12,1,11,38,26,0
2026-08-17 04:45:00+00:00,BikePoints_133,"Derry Street, Kensington",51.501364,-0.191462,5,1,4,18,10,3
2026-08-17 04:45:00+00:00,BikePoints_134,"Wapping High Street, Wapping",51.504904,-0.06797,7,3,4,20,11,2
2026-08-17 04:45:00+00:00,BikePoints_135,"Clerkenwell Green, Clerkenwell",51.52326,-0.104708,13,4,9,21,4,4
2026-08-17 04:45:00+00:00,BikePoints_136,"Queen Victoria Street, St. Paul's",51.511961,-0.097441,0,0,0,32,31,1
2026-08-17 04:45:00+00:00,BikePoints_138,"Green Street, Mayfair",51.512276,-0.157436,0,0,0,19,18,1
2026-08-17 04:45:00+00:00,BikePoints_139,"Lambeth Road, Vauxhall",51.494881,-0.117974,11,1,10,18,7,0
2026-08-17 04:45:00+00:00,BikePoints_140,"Finsbury Square , Moorgate",51.520962,-0.085634,7,0,7,33,25,1
2026-08-17 04:45:00+00:00,BikePoints_141,"Chapel Place, Marylebone",51.515308,-0.147203,0,0,0,29,29,0
2026-08-17 04:45:00+00:00,BikePoints_142,"West Cromwell Road, Earl's Court",51.493724,-0.198286,9,0,9,24,14,1
2026-08-17 04:45:00+00:00,BikePoints_143,"Pont Street, Knightsbridge",51.496886,-0.161203,12,0,12,24,10,2
2026-08-17 04:45:00+00:00,BikePoints_144,"Kennington Cross, Kennington",51.48894,-0.111435,40,5,35,47,2,5
2026-08-17 04:45:00+00:00,BikePoints_145,"Ilchester Place, Kensington",51.500743,-0.202759,0,0,0,24,24,0
2026-08-17 04:45:00+00:00,BikePoints_146,"Vauxhall Bridge , Pimlico",51.488365,-0.129361,2,0,2,35,32,1
2026-08-17 04:45:00+00:00,BikePoints_147,"Portugal Street, Holborn",51.514943,-0.116146,0,0,0,16,16,0
2026-08-17 04:45:00+00:00,BikePoints_148,"Tachbrook Street, Victoria",51.492111,-0.138364,12,3,9,16,1,3
2026-08-17 04:45:00+00:00,BikePoints_149,"Kennington Road Post Office, Oval",51.484788,-0.110683,11,0,11,18,6,1
2026-08-17 04:45:00+00:00,BikePoints_150,"Holy Trinity Brompton, Knightsbridge",51.497056,-0.168917,11,0,11,28,16,1
2026-08-17 04:45:00+00:00,BikePoints_151,"Chepstow Villas, Notting Hill",51.512136,-0.201554,21,0,21,26,5,0
2026-08-17 04:45:00+00:00,BikePoints_152,"Hampton Street, Walworth",51.49217,-0.101536,19,7,12,21,1,1
2026-08-17 04:45:00+00:00,BikePoints_153,"Bayswater Road, Hyde Park",51.511933,-0.174411,6,3,3,27,17,4
2026-08-17 04:45:00+00:00,BikePoints_154,"Waterloo Station 3, Waterloo",51.503791,-0.112824,7,0,7,35,26,2
2026-08-17 04:45:00+00:00,BikePoints_155,"Lexham Gardens, Kensington",51.495866,-0.191933,6,0,6,19,12,1
2026-08-17 04:45:00+00:00,BikePoints_156,"New Kent Road, The Borough",51.494436,-0.092921,26,0,26,33,5,2
2026-08-17 04:45:00+00:00,BikePoints_157,"Wright's Lane, Kensington",51.500397,-0.193068,12,2,10,37,21,4
2026-08-17 04:45:00+00:00,BikePoints_158,"Trebovir Road, Earl's Court",51.490853,-0.19617,6,0,6,18,10,2
2026-08-17 04:45:00+00:00,BikePoints_160,"Waterloo Place, St. James's",51.506633,-0.131773,1,1,0,20,18,1
2026-08-17 04:45:00+00:00,BikePoints_162,"Southampton Place, Holborn",51.517606,-0.121328,1,1,0,20,19,0
2026-08-17 04:45:00+00:00,BikePoints_163,"Sloane Avenue, Knightsbridge",51.493184,-0.167894,4,0,4,27,22,1
2026-08-17 04:45:00+00:00,BikePoints_164,"Cleveland Gardens, Bayswater",51.515607,-0.183118,14,0,14,16,1,1
2026-08-17 04:45:00+00:00,BikePoints_165,"Orsett Terrace, Bayswater",51.517932,-0.183716,6,0,6,15,8,1
2026-08-17 04:45:00+00:00,BikePoints_166,"Seville Street, Knightsbridge",51.501855,-0.159237,0,0,0,27,26,1
2026-08-17 04:45:00+00:00,BikePoints_167,"Eccleston Place, Victoria",51.49395,-0.147624,14,0,14,19,4,1
2026-08-17 04:45:00+00:00,BikePoints_168,"Argyll Road, Kensington",51.500401,-0.195455,16,0,16,19,3,0
2026-08-17 04:45:00+00:00,BikePoints_169,"Porchester Place, Paddington",51.514746,-0.165164,15,1,14,18,2,1
2026-08-17 04:45:00+00:00,BikePoints_170,"Hardwick Street, Clerkenwell",51.527842,-0.108068,3,2,1,30,25,2
2026-08-17 04:45:00+00:00,BikePoints_171,"Collingham Gardens, Earl's Court",51.491615,-0.186753,6,1,5,14,6,2
2026-08-17 04:45:00+00:00,BikePoints_172,"Sumner Place, South Kensington",51.491211,-0.173715,2,0,2,19,15,2
2026-08-17 04:45:00+00:00,BikePoints_173,"Waterloo Road, South Bank",51.50486,-0.113001,4,1,3,15,8,3
2026-08-17 04:45:00+00:00,BikePoints_175,"Worship Street, Shoreditch",51.521668,-0.079608,1,0,1,51,48,2
2026-08-17 04:45:00+00:00,BikePoints_176,"Gloucester Terrace, Bayswater",51.517919,-0.188098,5,0,5,23,17,1
2026-08-17 04:45:00+00:00,BikePoints_177,"Ashley Place, Victoria",51.49616,-0.140947,7,0,7,25,18,0
2026-08-17 04:45:00+00:00,BikePoints_178,"Warwick Square, Pimlico",51.489856,-0.141923,15,1,14,19,3,1
2026-08-17 04:45:00+00:00,BikePoints_180,"North Audley Street, Mayfair",51.512911,-0.153645,3,0,3,17,12,2
2026-08-17 04:45:00+00:00,BikePoints_181,"Belgrave Square, Belgravia",51.499412,-0.152317,2,0,2,21,18,1
2026-08-17 04:45:00+00:00,BikePoints_182,"Bell Street , Marylebone",51.522029,-0.165842,8,6,2,18,9,1
2026-08-17 04:45:00+00:00,BikePoints_183,"Riverlight North, Nine Elms",51.482362,-0.136123,17,2,15,24,4,3
2026-08-17 04:45:00+00:00,BikePoints_184,"Portland Place, Marylebone",51.520715,-0.145211,2,2,0,34,32,0
2026-08-17 04:45:00+00:00,BikePoints_185,"Alderney Street, Pimlico",51.488057,-0.140741,14,2,12,14,0,0
2026-08-17 04:45:00+00:00,BikePoints_186,"South Wharf Road, Paddington",51.517335,-0.17581,4,3,1,16,9,3
2026-08-17 04:45:00+00:00,BikePoints_187,"Queen's Gate (South), South Kensington",51.492479,-0.178433,15,0,15,25,9,1
2026-08-17 04:45:00+00:00,BikePoints_188,"Nutford Place, Marylebone",51.516517,-0.164393,6,2,4,18,11,1
2026-08-17 04:45:00+00:00,BikePoints_189,"Claremont Square, Angel",51.531666,-0.109914,4,2,2,18,11,3
2026-08-17 04:45:00+00:00,BikePoints_190,"Rampayne Street, Pimlico",51.489975,-0.132845,11,2,9,21,9,1
2026-08-17 04:45:00+00:00,BikePoints_191,"Hyde Park Corner, Hyde Park",51.503117,-0.15352,2,0,2,36,26,8
2026-08-17 04:45:00+00:00,BikePoints_192,"Wardour Street, Soho",51.512515,-0.133201,0,0,0,16,10,6
2026-08-17 04:45:00+00:00,BikePoints_193,"Bankside Mix, Bankside",51.505817,-0.100186,8,1,7,60,51,1
2026-08-17 04:45:00+00:00,BikePoints_194,"Hop Exchange, The Borough",51.504627,-0.091773,5,3,2,55,44,6
2026-08-17 04:45:00+00:00,BikePoints_195,"Milroy Walk, South Bank",51.507244,-0.106237,0,0,0,30,30,0
2026-08-17 04:45:00+00:00,BikePoints_196,"Union Street, The Borough",51.503688,-0.098497,3,0,3,17,12,2
2026-08-17 04:45:00+00:00,BikePoints_197,"Stamford Street, South Bank",51.505569,-0.111606,0,0,0,27,26,1
2026-08-17 04:45:00+00:00,BikePoints_199,"Great Tower Street, Monument",51.510484,-0.082989,3,0,3,24,18,3
2026-08-17 04:45:00+00:00,BikePoints_200,"LMU Commercial Road, Whitechapel",51.514924,-0.066078,7,3,4,14,7,0
2026-08-17 04:45:00+00:00,BikePoints_201,"Dorset Square, Marylebone",51.522596,-0.161113,3,1,2,16,12,1
2026-08-17 04:45:00+00:00,BikePoints_202,"Leman Street, Aldgate",51.512363,-0.069542,12,4,8,37,24,1
2026-08-17 04:45:00+00:00,BikePoints_203,"West Smithfield Rotunda, Farringdon",51.518218,-0.100791,1,1,0,15,12,2
2026-08-17 04:45:00+00:00,BikePoints_204,"Margery Street, Clerkenwell",51.526599,-0.112432,8,1,7,19,11,0
2026-08-17 04:45:00+00:00,BikePoints_206,"New Road 1 , Whitechapel",51.518154,-0.062697,18,2,16,36,14,4
2026-08-17 04:45:00+00:00,BikePoints_207,"Grosvenor Crescent, Belgravia",51.501352,-0.153194,1,0,1,18,17,0
2026-08-17 04:45:00+00:00,BikePoints_208,"Mallory Street, Marylebone",51.525051,-0.166304,4,0,4,20,15,1
2026-08-17 04:45:00+00:00,BikePoints_209,"Denyer Street, Knightsbridge",51.493583,-0.165101,3,0,3,30,26,1
2026-08-17 04:45:00+00:00,BikePoints_210,"Hinde Street, Marylebone",51.516814,-0.151926,5,2,3,21,15,1
2026-08-17 04:45:00+00:00,BikePoints_211,"Cadogan Place, Knightsbridge",51.494645,-0.158105,8,0,8,34,25,1
2026-08-17 04:45:00+00:00,BikePoints_212,"Campden Hill Road, Notting Hill",51.506584,-0.199004,10,2,8,17,6,1
2026-08-17 04:45:00+00:00,BikePoints_213,"Wellington Arch, Hyde Park",51.50274,-0.149569,4,0,4,36,29,3
2026-08-17 04:45:00+00:00,BikePoints_214,"Endsleigh Gardens, Euston",51.526838,-0.130504,16,0,16,32,13,3
2026-08-17 04:45:00+00:00,BikePoints_215,"Moorfields, Moorgate",51.519069,-0.088285,1,1,0,54,51,2
2026-08-17 04:45:00+00:00,BikePoints_216,"Old Brompton Road, South Kensington",51.490945,-0.18119,14,0,14,30,14,2
2026-08-17 04:45:00+00:00,BikePoints_217,"Wormwood Street, Liverpool Street",51.516154,-0.082422,3,0,3,16,13,0
2026-08-17 04:45:00+00:00,BikePoints_218,"St. Luke's Church, Chelsea",51.489716,-0.170194,1,0,1,20,19,0
2026-08-17 04:45:00+00:00,BikePoints_219,"Bramham Gardens, Earl's Court",51.490163,-0.190393,19,3,16,29,9,1
2026-08-17 04:45:00+00:00,BikePoints_220,"Chelsea Green, Chelsea",51.490664,-0.166485,2,1,1,15,13,0
2026-08-17 04:45:00+00:00,BikePoints_221,"Horseferry Road, Westminster",51.494816,-0.130458,4,2,2,16,12,0
2026-08-17 04:45:00+00:00,BikePoints_222,"Knightsbridge, Hyde Park",51.502757,-0.155349,24,0,24,43,17,2
2026-08-17 04:45:00+00:00,BikePoints_223,"Rodney Road , Walworth",51.491484,-0.09022,21,0,21,24,1,2
2026-08-17 04:45:00+00:00,BikePoints_224,"Queensway, Kensington Gardens",51.51031,-0.187402,15,2,13,17,1,1
2026-08-17 04:45:00+00:00,BikePoints_225,"Notting Hill Gate Station, Notting Hill",51.509353,-0.196422,10,1,9,30,16,4
2026-08-17 04:45:00+00:00,BikePoints_226,"Charles II Street, West End",51.508446,-0.131961,1,0,1,24,22,1
2026-08-17 04:45:00+00:00,BikePoints_227,"Great Percy Street, Clerkenwell",51.528915,-0.11548,13,2,11,23,10,0
2026-08-17 04:45:00+00:00,BikePoints_228,"St. James's Square, St. James's",51.507424,-0.134621,2,0,2,40,35,3
2026-08-17 04:45:00+00:00,BikePoints_229,"Whitehall Place, Strand",51.506543,-0.123179,1,0,1,46,45,0
2026-08-17 04:45:00+00:00,BikePoints_230,"Poured Lines, Bankside",51.506692,-0.103137,3,3,0,31,27,1
2026-08-17 04:45:00+00:00,BikePoints_231,"Queen's Gate (Central), South Kensington",51.493967,-0.178732,3,0,3,31,28,0
2026-08-17 04:45:00+00:00,BikePoints_232,"Carey Street, Holborn",51.51501,-0.112753,0,0,0,16,16,0
2026-08-17 04:45:00+00:00,BikePoints_233,"Pall Mall East, West End",51.50777,-0.130699,0,0,0,22,17,5
2026-08-17 04:45:00+00:00,BikePoints_234,"Liverpool Road (N1 Centre), Angel",51.534504,-0.106992,1,1,0,24,19,4
2026-08-17 04:45:00+00:00,BikePoints_235,"Kennington Road, Vauxhall",51.495718,-0.110889,7,1,6,36,29,0
2026-08-17 04:45:00+00:00,BikePoints_236,"Fashion Street, Whitechapel",51.51838,-0.073438,0,0,0,30,30,0
2026-08-17 04:45:00+00:00,BikePoints_237,"Dock Street, Wapping",51.509786,-0.068161,10,2,8,30,18,2
2026-08-17 04:45:00+00:00,BikePoints_238,"Frampton Street, Paddington",51.523353,-0.175116,22,1,21,32,10,0
2026-08-17 04:45:00+00:00,BikePoints_239,"Warren Street Station, Euston",51.524438,-0.138019,2,0,2,26,22,2
2026-08-17 04:45:00+00:00,BikePoints_240,"Colombo Street, Southwark",51.505459,-0.105692,0,0,0,14,12,2
2026-08-17 04:45:00+00:00,BikePoints_242,"Beaumont Street, Marylebone",51.522008,-0.151359,2,1,1,23,21,0
2026-08-17 04:45:00+00:00,BikePoints_243,"Gloucester Street, Pimlico",51.490962,-0.139625,24,2,22,25,0,1
2026-08-17 04:45:00+00:00,BikePoints_244,"Bucknall Street, Covent Garden",51.51615,-0.128417,6,5,1,18,7,5
2026-08-17 04:45:00+00:00,BikePoints_245,"Grosvenor Road, Pimlico",51.485357,-0.142207,20,3,17,29,8,1
2026-08-17 04:45:00+00:00,BikePoints_246,"Berry Street, Clerkenwell",51.522853,-0.099994,7,2,5,41,33,1
2026-08-17 04:45:00+00:00,BikePoints_247,"St. John's Wood Church, The Regent's Park",51.530529,-0.167515,20,0,20,50,27,3
2026-08-17 04:45:00+00:00,BikePoints_248,"Triangle Car Park, Hyde Park",51.506451,-0.170279,12,2,10,27,13,2
2026-08-17 04:45:00+00:00,BikePoints_249,"Harper Road, The Borough",51.498597,-0.096191,1,0,1,42,39,2
2026-08-17 04:45:00+00:00,BikePoints_250,"Royal Avenue 1, Chelsea",51.489932,-0.162727,2,0,2,10,6,2
2026-08-17 04:45:00+00:00,BikePoints_251,"Brushfield Street, Liverpool Street",51.518908,-0.079249,3,1,2,34,30,1
2026-08-17 04:45:00+00:00,BikePoints_253,"Shoreditch Park, Hoxton",51.534042,-0.086379,7,0,7,30,19,4
2026-08-17 04:45:00+00:00,BikePoints_254,"Chadwell Street, Angel",51.530515,-0.106408,3,1,2,18,14,1
2026-08-17 04:45:00+00:00,BikePoints_255,"Clifton Road, Maida Vale",51.525575,-0.179592,12,1,11,22,7,3
2026-08-17 04:45:00+00:00,BikePoints_256,"Houghton Street, Strand",51.51362,-0.116764,0,0,0,15,14,1
2026-08-17 04:45:00+00:00,BikePoints_257,"Westminster University, Marylebone",51.522481,-0.154907,5,0,5,16,9,2
2026-08-17 04:45:00+00:00,BikePoints_258,"Kensington Gore, Knightsbridge",51.501432,-0.178656,0,0,0,23,23,0
2026-08-17 04:45:00+00:00,BikePoints_259,"Bourne Street, Belgravia",51.490959,-0.153233,5,1,4,16,11,0
2026-08-17 04:45:00+00:00,BikePoints_260,"Broadwick Street, Soho",51.513684,-0.13558,0,0,0,18,15,3
2026-08-17 04:45:00+00:00,BikePoints_261,"Princes Square, Bayswater",51.513489,-0.191351,7,2,5,16,7,2
2026-08-17 04:45:00+00:00,BikePoints_262,"LSBU (Borough Road), Elephant & Castle",51.498744,-0.103132,8,2,6,35,27,0
2026-08-17 04:45:00+00:00,BikePoints_263,"St. Mary Axe, Aldgate",51.514225,-0.08066,0,0,0,21,17,4
2026-08-17 04:45:00+00:00,BikePoints_264,"Tysoe Street, Clerkenwell",51.526443,-0.109256,2,2,0,20,17,1
2026-08-17 04:45:00+00:00,BikePoints_265,"Southwick Street, Paddington",51.515953,-0.169249,6,3,3,17,11,0
2026-08-17 04:45:00+00:00,BikePoints_266,"Queen's Gate (North), Kensington",51.501026,-0.180246,0,0,0,41,39,2
2026-08-17 04:45:00+00:00,BikePoints_268,"Belgrave Road, Victoria",51.493204,-0.144132,25,0,25,29,2,2
2026-08-17 04:45:00+00:00,BikePoints_269,"Empire Square, The Borough",51.500823,-0.08974,45,2,43,46,0,1
2026-08-17 04:45:00+00:00,BikePoints_271,"London Zoo,  The Regent's Park",51.535836,-0.156285,10,0,10,32,22,0
2026-08-17 04:45:00+00:00,BikePoints_272,"Baylis Road, Waterloo",51.501444,-0.110699,0,0,0,22,20,2
2026-08-17 04:45:00+00:00,BikePoints_273,"Belvedere Road 1, South Bank",51.506133,-0.114686,13,1,12,38,21,4
2026-08-17 04:45:00+00:00,BikePoints_274,"Warwick Road, Olympia",51.496712,-0.205284,12,4,8,36,24,0
2026-08-17 04:45:00+00:00,BikePoints_275,"Barbican Centre, Barbican",51.520044,-0.092176,0,0,0,19,18,1
2026-08-17 04:45:00+00:00,BikePoints_276,"Lower Thames Street, Monument",51.509301,-0.084985,0,0,0,24,23,1
2026-08-17 04:45:00+00:00,BikePoints_277,"Kensington Church Street, Kensington",51.503157,-0.191496,9,1,8,17,6,2
2026-08-17 04:45:00+00:00,BikePoints_278,"Tooley Street, Bermondsey",51.503493,-0.07962,20,8,12,27,3,4
2026-08-17 04:45:00+00:00,BikePoints_279,"North Wharf Road, Paddington",51.518623,-0.176603,6,3,3,23,16,1
2026-08-17 04:45:00+00:00,BikePoints_280,"Royal Avenue 2, Chelsea",51.490083,-0.162418,10,0,10,10,0,0
2026-08-17 04:45:00+00:00,BikePoints_281,"Smith Square, Westminster",51.495805,-0.127575,12,3,9,18,6,0
2026-08-17 04:45:00+00:00,BikePoints_282,"Royal London Hospital, Whitechapel",51.518675,-0.06111,29,4,25,42,7,6
2026-08-17 04:45:00+00:00,BikePoints_283,"Kingsway, Covent Garden",51.514409,-0.118478,0,0,0,16,16,0
2026-08-17 04:45:00+00:00,BikePoints_284,"Lambeth North Station, Waterloo",51.49914,-0.112031,10,1,9,20,10,0
2026-08-17 04:45:00+00:00,BikePoints_286,"St. John's Wood Road, St. John's Wood",51.527294,-0.174653,21,4,17,35,12,2
2026-08-17 04:45:00+00:00,BikePoints_287,"Bedford Way, Bloomsbury",51.523673,-0.128377,4,1,3,23,18,1
2026-08-17 04:45:00+00:00,BikePoints_288,"Elizabeth Bridge, Victoria",51.492369,-0.147478,34,0,34,34,0,0
2026-08-17 04:45:00+00:00,BikePoints_289,"South Audley Street, Mayfair",51.50923,-0.151289,1,0,1,15,14,0
2026-08-17 04:45:00+00:00,BikePoints_290,"St Mary's Hospital, Paddington",51.518268,-0.171103,7,2,5,20,10,3
2026-08-17 04:45:00+00:00,BikePoints_291,"Claverton Street, Pimlico",51.484839,-0.138089,31,1,30,32,0,1
2026-08-17 04:45:00+00:00,BikePoints_292,"Montpelier Street, Knightsbridge",51.498884,-0.165471,7,0,7,16,9,0
2026-08-17 04:45:00+00:00,BikePoints_293,"Kensington Olympia Station, Olympia",51.498157,-0.209494,11,0,11,25,14,0
2026-08-17 04:45:00+00:00,BikePoints_294,"St. George's Square, Pimlico",51.488226,-0.135635,15,2,13,16,0,1
2026-08-17 04:45:00+00:00,BikePoints_295,"Swan Street, The Borough",51.500296,-0.092762,4,0,4,27,22,1
2026-08-17 04:45:00+00:00,BikePoints_296,"Knaresborough Place, Earl's Court",51.493631,-0.190603,6,1,5,18,10,2
2026-08-17 04:45:00+00:00,BikePoints_297,"Geraldine Street, Elephant & Castle",51.496127,-0.106,13,2,11,17,3,1
2026-08-17 04:45:00+00:00,BikePoints_298,"Curlew Street, Shad Thames",51.502279,-0.074189,13,2,11,21,4,4
2026-08-17 04:45:00+00:00,BikePoints_299,"Vincent Square, Westminster",51.493985,-0.136928,16,0,16,19,3,0
2026-08-17 04:45:00+00:00,BikePoints_300,"Serpentine Car Park, Hyde Park",51.505014,-0.17306,4,0,4,18,11,3
2026-08-17 04:45:00+00:00,BikePoints_301,"Marylebone Lane, Marylebone",51.514759,-0.148105,2,1,1,24,18,4
2026-08-17 04:45:00+00:00,BikePoints_302,"Putney Pier, Wandsworth",51.466907,-0.216573,17,1,16,28,6,5
2026-08-17 04:45:00+00:00,BikePoints_303,"Albert Gate, Hyde Park",51.502953,-0.158456,2,1,1,34,27,5
2026-08-17 04:45:00+00:00,BikePoints_306,"Rathbone Street, Fitzrovia",51.518162,-0.135025,0,0,0,16,14,2
2026-08-17 04:45:00+00:00,BikePoints_307,"Black Lion Gate, Kensington Gardens",51.509908,-0.187842,18,9,9,24,1,5
2026-08-17 04:45:00+00:00,BikePoints_308,"Long Lane , Bermondsey",51.499075,-0.085666,19,3,16,20,1,0
2026-08-17 04:45:00+00:00,BikePoints_309,"Embankment (Savoy), Strand",51.509631,-0.119047,0,0,0,41,40,1
2026-08-17 04:45:00+00:00,BikePoints_310,"Black Prince Road, Vauxhall",51.490867,-0.116911,14,2,12,19,3,2
2026-08-17 04:45:00+00:00,BikePoints_311,"Foley Street, Fitzrovia",51.519181,-0.140485,3,1,2,24,21,0
2026-08-17 04:45:00+00:00,BikePoints_312,"Grove End Road, St. John's Wood",51.530889,-0.17677,17,4,13,20,0,3
2026-08-17 04:45:00+00:00,BikePoints_313,"Wells Street, Fitzrovia",51.517344,-0.138072,3,1,2,38,32,3
2026-08-17 04:45:00+00:00,BikePoints_314,"Tyers Gate, Bermondsey",51.500889,-0.083159,33,1,32,36,1,2
2026-08-17 04:45:00+00:00,BikePoints_315,"The Tennis Courts, The Regent's Park",51.525367,-0.153463,5,5,0,16,8,3
2026-08-17 04:45:00+00:00,BikePoints_316,"Warwick Row, Westminster",51.497998,-0.14296,0,0,0,21,18,3
2026-08-17 04:45:00+00:00,BikePoints_317,"Dickens Square, Borough",51.496791,-0.093913,6,0,6,32,26,0
2026-08-17 04:45:00+00:00,BikePoints_318,"Sackville Street, Mayfair",51.510048,-0.138846,0,0,0,18,16,2
2026-08-17 04:45:00+00:00,BikePoints_319,"Baldwin Street, St. Luke's",51.527025,-0.088542,5,1,4,21,14,2
2026-08-17 04:45:00+00:00,BikePoints_320,"Queen Mother Sports Centre, Victoria",51.493573,-0.139956,22,0,22,26,4,0
2026-08-17 04:45:00+00:00,BikePoints_321,"Bermondsey Street, Bermondsey",51.497855,-0.081608,16,3,13,24,7,1
2026-08-17 04:45:00+00:00,BikePoints_322,"Palissy Street, Shoreditch",51.526293,-0.073955,23,1,22,26,1,2
2026-08-17 04:45:00+00:00,BikePoints_323,"Clifton Street, Shoreditch",51.523196,-0.083067,6,1,5,24,18,0
2026-08-17 04:45:00+00:00,BikePoints_324,"Ontario Street, Elephant & Castle",51.49652,-0.101384,9,0,9,15,5,1
2026-08-17 04:45:00+00:00,BikePoints_326,"Graham Street, Angel",51.532661,-0.099981,19,1,18,26,6,1
2026-08-17 04:45:00+00:00,BikePoints_327,"Westbourne Green, Westbourne",51.522168,-0.192814,9,1,8,21,11,1
2026-08-17 04:45:00+00:00,BikePoints_328,"New North Road 2, Hoxton",51.53114,-0.086016,4,2,2,22,18,0
2026-08-17 04:45:00+00:00,BikePoints_329,"Prince Albert Road, The Regent's Park",51.535892,-0.160854,3,3,0,24,17,4
2026-08-17 04:45:00+00:00,BikePoints_330,"Eastbourne Mews, Paddington",51.516417,-0.179135,10,4,6,34,22,2
2026-08-17 04:45:00+00:00,BikePoints_331,"Bunhill Row, Moorgate",51.520858,-0.089887,0,0,0,30,26,4
2026-08-17 04:45:00+00:00,BikePoints_332,"Nevern Place, Earl's Court",51.493343,-0.194757,9,0,9,20,10,1
2026-08-17 04:45:00+00:00,BikePoints_333,"Palace Gardens Terrace, Notting Hill",51.508605,-0.193764,17,4,13,37,18,2
2026-08-17 04:45:00+00:00,BikePoints_334,"Agar Grove, Camden Town",51.542891,-0.132253,13,4,9,18,4,1
2026-08-17 04:45:00+00:00,BikePoints_335,"Tavistock Street, Covent Garden",51.511968,-0.120718,0,0,0,33,30,3
2026-08-17 04:45:00+00:00,BikePoints_336,"Concert Hall Approach, South Bank",51.504841,-0.115153,23,0,23,30,5,2
2026-08-17 04:45:00+00:00,BikePoints_337,"Pembridge Villas, Notting Hill",51.511084,-0.197524,6,2,4,16,9,1
2026-08-17 04:45:00+00:00,BikePoints_338,"Wellington Street , Strand",51.511756,-0.119643,0,0,0,24,20,4
2026-08-17 04:45:00+00:00,BikePoints_340,"Bank of England Museum, Bank",51.514441,-0.087587,0,0,0,16,14,2
2026-08-17 04:45:00+00:00,BikePoints_341,"Craven Street, Strand",51.508103,-0.126021,0,0,0,23,21,2
2026-08-17 04:45:00+00:00,BikePoints_344,"Goswell Road (City Uni), Finsbury",51.528246,-0.101026,9,1,8,16,6,1
2026-08-17 04:45:00+00:00,BikePoints_345,"Flood Street, Chelsea",51.488023,-0.166878,4,0,4,33,28,1
2026-08-17 04:45:00+00:00,BikePoints_348,"Grosvenor Square, Mayfair",51.51217,-0.150481,2,1,1,17,11,4
2026-08-17 04:45:00+00:00,BikePoints_349,"St. George Street, Mayfair",51.51196,-0.142783,0,0,0,18,16,2
2026-08-17 04:45:00+00:00,BikePoints_350,"Queen's Gate, Kensington Gardens",51.501715,-0.179854,4,2,2,21,12,5
2026-08-17 04:45:00+00:00,BikePoints_351,"Macclesfield Rd, St Lukes",51.529423,-0.097122,9,0,9,28,17,2
2026-08-17 04:45:00+00:00,BikePoints_352,"Vauxhall Street, Vauxhall",51.486965,-0.116625,15,1,14,19,4,0
2026-08-17 04:45:00+00:00,BikePoints_353,"Greycoat Street , Westminster",51.494591,-0.134234,13,0,13,17,4,0
2026-08-17 04:45:00+00:00,BikePoints_354,"Northumberland Avenue, Strand",51.506767,-0.123702,3,0,3,37,34,0
2026-08-17 04:45:00+00:00,BikePoints_355,"Clapham Common Station, Clapham Common",51.461388,-0.139221,17,1,16,21,2,2
2026-08-17 04:45:00+00:00,BikePoints_356,"South Kensington Station, South Kensington",51.494412,-0.173881,2,0,2,15,12,1
2026-08-17 04:45:00+00:00,BikePoints_357,"Howland Street, Fitzrovia",51.520994,-0.139016,7,1,6,30,23,0
2026-08-17 04:45:00+00:00,BikePoints_358,"High Holborn , Covent Garden",51.516398,-0.124257,0,0,0,20,20,0
2026-08-17 04:45:00+00:00,BikePoints_359,"Butler Place, Westminster",51.497829,-0.13544,0,0,0,18,17,1
2026-08-17 04:45:00+00:00,BikePoints_360,"Howick Place, Westminster",51.496753,-0.138733,1,0,1,27,25,1
2026-08-17 04:45:00+00:00,BikePoints_361,"Waterloo Station 2, Waterloo",51.503919,-0.113426,14,0,14,55,40,1
2026-08-17 04:45:00+00:00,BikePoints_362,"Royal College Street, Camden Town",51.536264,-0.133952,47,3,44,57,7,3
2026-08-17 04:45:00+00:00,BikePoints_363,"Lord's, St. John's Wood",51.529121,-0.171185,8,0,8,24,15,1
2026-08-17 04:45:00+00:00,BikePoints_364,"Store Street, Bloomsbury",51.519572,-0.13214,3,2,1,32,28,1
2026-08-17 04:45:00+00:00,BikePoints_365,"City Road, Angel",51.530344,-0.100168,26,5,21,47,17,4
2026-08-17 04:45:00+00:00,BikePoints_367,"Harrowby Street, Marylebone",51.517372,-0.164207,0,0,0,16,14,2
2026-08-17 04:45:00+00:00,BikePoints_368,"Lowndes Square, Knightsbridge",51.50058,-0.158837,1,0,1,23,21,1
2026-08-17 04:45:00+00:00,BikePoints_370,"Paddington Green, Paddington",51.520205,-0.174593,9,3,6,20,11,0
2026-08-17 04:45:00+00:00,BikePoints_371,"Brockwell Lido, Brixton",51.453118,-0.104955,26,0,26,30,3,1
2026-08-17 04:45:00+00:00,BikePoints_372,"Sardinia Street, Holborn",51.515208,-0.117863,0,0,0,24,24,0
2026-08-17 04:45:00+00:00,BikePoints_373,"Prince Consort Road, Knightsbridge",51.499806,-0.176415,0,0,0,18,17,1
2026-08-17 04:45:00+00:00,BikePoints_374,"Waterloo Station 1, Waterloo",51.504027,-0.113864,11,0,11,36,20,5
2026-08-17 04:45:00+00:00,BikePoints_375,"Kensington Town Hall, Kensington",51.501945,-0.194392,3,0,3,18,14,1
2026-08-17 04:45:00+00:00,BikePoints_376,"Millbank Tower, Pimlico",51.491884,-0.125674,4,1,3,24,18,2
2026-08-17 04:45:00+00:00,BikePoints_377,"Waterloo Bridge, South Bank",51.505354,-0.113656,8,1,7,15,6,1
2026-08-17 04:45:00+00:00,BikePoints_378,"Natural History Museum, South Kensington",51.495592,-0.179077,0,0,0,42,41,1
2026-08-17 04:45:00+00:00,BikePoints_379,"Turquoise Island, Notting Hill",51.514311,-0.200838,7,1,6,21,14,0
2026-08-17 04:45:00+00:00,BikePoints_380,"Stanhope Gate, Mayfair",51.506864,-0.150666,1,0,1,21,20,0
2026-08-17 04:45:00+00:00,BikePoints_381,"Charlotte Street, Fitzrovia",51.51953,-0.135777,0,0,0,14,14,0
2026-08-17 04:45:00+00:00,BikePoints_382,"Farm Street, Mayfair",51.509351,-0.147449,0,0,0,15,15,0
2026-08-17 04:45:00+00:00,BikePoints_383,"Frith Street, Soho",51.513103,-0.131213,1,0,1,18,15,2
2026-08-17 04:45:00+00:00,BikePoints_384,"Marloes Road, Kensington",51.496481,-0.192404,3,0,3,15,12,0
2026-08-17 04:45:00+00:00,BikePoints_386,"Moor Street, Soho",51.513527,-0.13011,2,1,1,16,11,3
2026-08-17 04:45:00+00:00,BikePoints_387,"Fire Brigade Pier, Vauxhall",51.493699,-0.121394,0,0,0,30,27,3
2026-08-17 04:45:00+00:00,BikePoints_388,"Southampton Street, Strand",51.510701,-0.121723,1,0,1,14,12,1
2026-08-17 04:45:00+00:00,BikePoints_389,"Upper Grosvenor Street, Mayfair",51.51013,-0.155757,2,0,2,18,16,0
2026-08-17 04:45:00+00:00,BikePoints_390,"Buxton Street 1, Shoreditch",51.521776,-0.068856,10,0,10,41,30,1
2026-08-17 04:45:00+00:00,BikePoints_391,"Clifford Street, Mayfair",51.510662,-0.142345,0,0,0,17,16,1
2026-08-17 04:45:00+00:00,BikePoints_392,"Imperial College, Knightsbridge",51.499428,-0.179702,0,0,0,33,32,1
2026-08-17 04:45:00+00:00,BikePoints_393,"Snow Hill, Farringdon",51.517334,-0.103604,5,0,5,15,10,0
2026-08-17 04:45:00+00:00,BikePoints_394,"Aberdeen Place, St. John's Wood",51.524826,-0.176268,17,5,12,18,0,1
2026-08-17 04:45:00+00:00,BikePoints_395,"Cadogan Gardens, Chelsea",51.492462,-0.159919,4,2,2,15,10,1
2026-08-17 04:45:00+00:00,BikePoints_396,"Shouldham Street, Marylebone",51.51809,-0.163609,2,0,2,16,13,1
2026-08-17 04:45:00+00:00,BikePoints_397,"Devonshire Terrace, Bayswater",51.51348,-0.17977,10,4,6,16,2,4
2026-08-17 04:45:00+00:00,BikePoints_398,"Holland Park, Kensington",51.502319,-0.200742,18,0,18,30,12,0
2026-08-17 04:45:00+00:00,BikePoints_399,"Brick Lane Market, Shoreditch",51.522617,-0.071653,8,0,8,24,14,2
2026-08-17 04:45:00+00:00,BikePoints_400,"George Street, Marylebone",51.517703,-0.154106,14,0,14,27,13,0
2026-08-17 04:45:00+00:00,BikePoints_401,"Columbia Road, Shoreditch",51.528187,-0.075375,14,2,12,24,9,1
2026-08-17 04:45:00+00:00,BikePoints_402,"Penfold Street, Marylebone",51.522892,-0.171681,1,0,1,15,13,1
2026-08-17 04:45:00+00:00,BikePoints_403,"George Place Mews, Marylebone",51.516892,-0.158249,2,1,1,16,12,2
2026-08-17 04:45:00+00:00,BikePoints_404,"Palace Gate, Kensington Gardens",51.502042,-0.1844,8,0,8,13,0,5
2026-08-17 04:45:00+00:00,BikePoints_405,"Gloucester Road Station, South Kensington",51.494185,-0.18267,0,0,0,15,14,1
2026-08-17 04:45:00+00:00,BikePoints_408,"Sun Street, Liverpool Street",51.520009,-0.083935,4,1,3,24,20,0
2026-08-17 04:45:00+00:00,BikePoints_409,"Strata, Elephant & Castle",51.493146,-0.099828,37,8,29,41,0,4
2026-08-17 04:45:00+00:00,BikePoints_410,"Orchard Place, Blackwall Tunnel",51.510212,0.004979,15,3,12,24,8,1
2026-08-17 04:45:00+00:00,BikePoints_411,"Rotherhithe Roundabout, Rotherhithe",51.499169,-0.055846,17,1,16,19,1,1
2026-08-17 04:45:00+00:00,BikePoints_412,"Cleaver Street, Kennington",51.488105,-0.110121,8,0,8,17,9,0
2026-08-17 04:45:00+00:00,BikePoints_419,"Chelsea Bridge, Pimlico",51.485821,-0.149004,1,0,1,15,14,0
2026-08-17 04:45:00+00:00,BikePoints_423,"Eaton Square (South), Belgravia",51.494561,-0.153933,8,0,8,31,23,0
2026-08-17 04:45:00+00:00,BikePoints_424,"Ebury Bridge, Pimlico",51.490491,-0.149186,14,0,14,29,13,2
2026-08-17 04:45:00+00:00,BikePoints_426,"Vincent Street, Pimlico",51.493072,-0.129925,11,4,7,17,6,0
2026-08-17 04:45:00+00:00,BikePoints_427,"Cheapside, Bank",51.51397,-0.09294,1,0,1,43,42,0
2026-08-17 04:45:00+00:00,BikePoints_428,"Exhibition Road, Knightsbridge",51.499917,-0.174554,0,0,0,20,20,0
2026-08-17 04:45:00+00:00,BikePoints_430,"South Parade, Chelsea",51.48902,-0.17524,4,0,4,18,12,2
2026-08-17 04:45:00+00:00,BikePoints_431,"Crinan Street, King's Cross",51.534474,-0.122203,6,3,3,20,13,1
2026-08-17 04:45:00+00:00,BikePoints_432,"Exhibition Road Museums 1, South Kensington",51.496468,-0.173796,0,0,0,13,13,0
2026-08-17 04:45:00+00:00,BikePoints_433,"Wren Street, Holborn",51.524564,-0.116279,3,0,3,33,27,3
2026-08-17 04:45:00+00:00,BikePoints_435,"Kennington Station, Kennington",51.488852,-0.105593,5,1,4,23,18,0
2026-08-17 04:45:00+00:00,BikePoints_436,"Red Lion Street, Holborn",51.51824,-0.11655,1,1,0,36,35,0
2026-08-17 04:45:00+00:00,BikePoints_437,"Vauxhall Walk, Vauxhall",51.488124,-0.120903,23,1,22,27,4,0
2026-08-17 04:45:00+00:00,BikePoints_439,"Killick Street, King's Cross",51.5338,-0.118677,15,2,13,22,5,2
2026-08-17 04:45:00+00:00,BikePoints_440,"Kennington Oval, Oval",51.483145,-0.113134,30,0,30,33,0,3
2026-08-17 04:45:00+00:00,BikePoints_441,"Sail Street, Vauxhall",51.495656,-0.114605,10,0,10,24,13,1
2026-08-17 04:45:00+00:00,BikePoints_442,"Walmer Road, Avondale",51.510101,-0.211358,8,1,7,24,16,0
2026-08-17 04:45:00+00:00,BikePoints_443,"Philpot Street, Whitechapel",51.515256,-0.058641,8,1,7,30,19,3
2026-08-17 04:45:00+00:00,BikePoints_444,"Bethnal Green Garden, Bethnal Green",51.52568,-0.055312,4,0,4,24,19,1
2026-08-17 04:45:00+00:00,BikePoints_445,"Cheshire Street, Bethnal Green",51.52388,-0.065076,3,0,3,28,25,0
2026-08-17 04:45:00+00:00,BikePoints_446,"York Hall, Bethnal Green",51.528936,-0.055894,14,0,14,27,11,2
2026-08-17 04:45:00+00:00,BikePoints_447,"Jubilee Crescent, Cubitt Town",51.493381,-0.007542,6,1,5,54,46,2
2026-08-17 04:45:00+00:00,BikePoints_448,"Fisherman's Walk West, Canary Wharf",51.50623,-0.02296,14,0,14,36,21,1
2026-08-17 04:45:00+00:00,BikePoints_449,"Shadwell Station, Shadwell",51.511088,-0.057159,28,3,25,35,4,3
2026-08-17 04:45:00+00:00,BikePoints_450,"Jubilee Street, Stepney",51.515975,-0.053177,6,2,4,28,22,0
2026-08-17 04:45:00+00:00,BikePoints_451,"Hermitage Court, Wapping",51.504719,-0.063531,10,4,6,16,5,1
2026-08-17 04:45:00+00:00,BikePoints_452,"St. Katharine's Way, Tower",51.505697,-0.070542,1,1,0,24,21,2
2026-08-17 04:45:00+00:00,BikePoints_453,"Garnet Street, Shadwell",51.508447,-0.055167,11,0,11,24,12,1
2026-08-17 04:45:00+00:00,BikePoints_454,"Napier Avenue, Millwall",51.487679,-0.021582,15,6,9,20,3,2
2026-08-17 04:45:00+00:00,BikePoints_455,"East Ferry Road, Cubitt Town",51.49447,-0.014409,16,2,14,17,0,1
2026-08-17 04:45:00+00:00,BikePoints_456,"Albert Street, Camden Town",51.537706,-0.144801,10,3,7,26,10,6
2026-08-17 04:45:00+00:00,BikePoints_457,"Castlehaven Road, Camden Town",51.542138,-0.145393,8,2,6,29,20,1
2026-08-17 04:45:00+00:00,BikePoints_458,"Wapping Lane, Wapping",51.504749,-0.057544,10,0,10,28,15,3
2026-08-17 04:45:00+00:00,BikePoints_459,"Gunmakers Lane, Old Ford",51.535179,-0.03338,14,1,13,17,2,1
2026-08-17 04:45:00+00:00,BikePoints_461,"Aston Street, Stepney",51.516,-0.038775,12,3,9,26,14,0
2026-08-17 04:45:00+00:00,BikePoints_462,"Bonny Street, Camden Town",51.541603,-0.138853,34,12,22,45,7,4
2026-08-17 04:45:00+00:00,BikePoints_463,"Thurtle Road, Haggerston",51.534776,-0.071881,3,1,2,22,17,2
2026-08-17 04:45:00+00:00,BikePoints_464,"St. Mary & St. Michael Church, Stepney",51.51417,-0.052099,6,0,6,25,19,0
2026-08-17 04:45:00+00:00,BikePoints_465,"Pitfield Street North,Hoxton",51.53558,-0.08249,21,4,17,28,5,2
2026-08-17 04:45:00+00:00,BikePoints_466,"Whiston Road, Haggerston",51.534464,-0.076341,8,4,4,21,11,2
2026-08-17 04:45:00+00:00,BikePoints_467,"Southern Grove, Bow",51.523538,-0.030556,3,0,3,17,14,0
2026-08-17 04:45:00+00:00,BikePoints_468,"Cantrell Road, Bow",51.521564,-0.022694,22,0,22,24,0,2
2026-08-17 04:45:00+00:00,BikePoints_469,"Lindfield Street, Poplar",51.513757,-0.020467,20,3,17,44,22,2
2026-08-17 04:45:00+00:00,BikePoints_470,"Mostyn Grove, Bow",51.530535,-0.025492,18,4,14,46,27,1
2026-08-17 04:45:00+00:00,BikePoints_471,"Hewison Street, Old Ford",51.533283,-0.028155,13,4,9,19,6,0
2026-08-17 04:45:00+00:00,BikePoints_472,"Malmesbury Road, Bow",51.529452,-0.027616,8,3,5,21,11,2
2026-08-17 04:45:00+00:00,BikePoints_473,"Millharbour, Millwall",51.496137,-0.019355,8,1,7,19,7,4
2026-08-17 04:45:00+00:00,BikePoints_474,"Gascoyne Road, Victoria Park",51.541515,-0.038557,8,6,2,20,9,3
2026-08-17 04:45:00+00:00,BikePoints_475,"Lightermans Road, Millwall",51.499041,-0.020157,7,2,5,31,21,3
2026-08-17 04:45:00+00:00,BikePoints_476,"Stebondale Street, Cubitt Town",51.489096,-0.009205,5,0,5,29,20,4
2026-08-17 04:45:00+00:00,BikePoints_477,"Spindrift Avenue, Millwall",51.49109,-0.018716,16,2,14,36,18,2
2026-08-17 04:45:00+00:00,BikePoints_478,"Stepney Green Station, Stepney",51.521889,-0.04667,17,2,15,21,0,4
2026-08-17 04:45:00+00:00,BikePoints_479,"Pott Street, Bethnal Green",51.527152,-0.058005,14,1,13,20,2,4
2026-08-17 04:45:00+00:00,BikePoints_480,"Flamborough Street, Limehouse",51.512871,-0.038986,24,3,21,25,0,1
2026-08-17 04:45:00+00:00,BikePoints_481,"Saunders Ness Road, Cubitt Town",51.487129,-0.009001,10,1,9,35,22,3
2026-08-17 04:45:00+00:00,BikePoints_482,"Exhibition Road Museums 2, South Kensington",51.495947,-0.173689,0,0,0,14,14,0
2026-08-17 04:45:00+00:00,BikePoints_483,"Albert Gardens, Stepney",51.51328,-0.047784,28,2,26,33,1,4
2026-08-17 04:45:00+00:00,BikePoints_484,"Bromley High Street, Bow",51.528828,-0.013258,11,2,9,24,9,4
2026-08-17 04:45:00+00:00,BikePoints_485,"Old Ford Road, Bethnal Green",51.531127,-0.048017,14,1,13,24,4,6
2026-08-17 04:45:00+00:00,BikePoints_486,"Granby Street, Shoreditch",51.525645,-0.069543,3,0,3,37,33,1
2026-08-17 04:45:00+00:00,BikePoints_487,"Canton Street, Poplar",51.511811,-0.025626,7,1,6,23,15,1
2026-08-17 04:45:00+00:00,BikePoints_488,"Reardon Street, Wapping",51.506946,-0.058681,3,0,3,22,14,5
2026-08-17 04:45:00+00:00,BikePoints_489,"Christian Street, Whitechapel",51.513074,-0.064094,18,6,12,34,16,0
2026-08-17 04:45:00+00:00,BikePoints_490,"Pennington Street, Wapping",51.508622,-0.065006,9,4,5,45,34,2
2026-08-17 04:45:00+00:00,BikePoints_491,"Queen Mary's, Mile End",51.522507,-0.041378,9,0,9,45,31,5
2026-08-17 04:45:00+00:00,BikePoints_494,"South Quay East, Canary Wharf",51.50196,-0.016251,14,2,12,36,22,0
2026-08-17 04:45:00+00:00,BikePoints_495,"Bow Church Station, Bow",51.528169,-0.018703,25,6,19,39,13,1
2026-08-17 04:45:00+00:00,BikePoints_496,"Devons Road, Bow",51.52512,-0.015578,33,7,26,39,1,5
2026-08-17 04:45:00+00:00,BikePoints_497,"Merchant Street, Bow",51.526578,-0.027581,24,4,20,27,2,1
2026-08-17 04:45:00+00:00,BikePoints_498,"Bow Road Station, Bow",51.527058,-0.025296,9,4,5,42,31,2
2026-08-17 04:45:00+00:00,BikePoints_499,"Furze Green, Bow",51.519265,-0.021345,16,2,14,36,17,3
2026-08-17 04:45:00+00:00,BikePoints_500,"Ansell House, Stepney",51.520019,-0.05438,2,0,2,41,37,2
2026-08-17 04:45:00+00:00,BikePoints_501,"Cephas Street, Bethnal Green",51.522561,-0.054883,9,2,7,24,11,4
2026-08-17 04:45:00+00:00,BikePoints_502,"Bonner Gate, Victoria Park",51.53341,-0.049591,2,0,2,21,15,4
2026-08-17 04:45:00+00:00,BikePoints_503,"Cleveland Way, Stepney",51.520893,-0.051394,1,0,1,36,34,1
2026-08-17 04:45:00+00:00,BikePoints_504,"St. John's Park, Cubitt Town",51.496454,-0.009506,6,0,6,30,22,2
2026-08-17 04:45:00+00:00,BikePoints_505,"Ackroyd Drive, Bow",51.520398,-0.026768,24,6,18,29,0,5
2026-08-17 04:45:00+00:00,BikePoints_506,"Bell Lane, Liverpool Street",51.517475,-0.075855,1,1,0,23,21,1
2026-08-17 04:45:00+00:00,BikePoints_507,"Clarkson Street, Bethnal Green",51.528692,-0.059091,14,3,11,31,16,1
2026-08-17 04:45:00+00:00,BikePoints_508,"Fournier Street, Whitechapel",51.519362,-0.074431,1,1,0,18,15,2
2026-08-17 04:45:00+00:00,BikePoints_509,"Fore Street Avenue, Guildhall",51.517842,-0.090075,1,0,1,19,16,2
2026-08-17 04:45:00+00:00,BikePoints_510,"Westferry DLR, Limehouse",51.509303,-0.025996,18,2,16,41,21,2
2026-08-17 04:45:00+00:00,BikePoints_511,"Sutton Street, Shadwell",51.511066,-0.053558,29,5,24,33,1,3
2026-08-17 04:45:00+00:00,BikePoints_513,"Watney Market, Stepney",51.514222,-0.055656,9,2,7,51,41,1
2026-08-17 04:45:00+00:00,BikePoints_514,"Portman Square, Marylebone",51.516204,-0.155525,1,1,0,17,15,1
2026-08-17 04:45:00+00:00,BikePoints_515,"Russell Gardens, Olympia",51.500088,-0.211316,5,0,5,24,19,0
2026-08-17 04:45:00+00:00,BikePoints_516,"Chrisp Street Market, Poplar",51.5112,-0.014438,15,3,12,18,2,1
2026-08-17 04:45:00+00:00,BikePoints_517,"Ford Road, Old Ford",51.532513,-0.033085,7,0,7,18,8,3
2026-08-17 04:45:00+00:00,BikePoints_518,"Antill Road, Mile End",51.528224,-0.037471,8,1,7,30,21,1
2026-08-17 04:45:00+00:00,BikePoints_519,"Teviot Street, Poplar",51.518811,-0.011662,32,1,31,33,0,1
2026-08-17 04:45:00+00:00,BikePoints_520,"Bancroft Road, Bethnal Green",51.526041,-0.047218,19,5,14,21,0,2
2026-08-17 04:45:00+00:00,BikePoints_521,"Driffield Road, Old Ford",51.534137,-0.037366,17,0,17,19,1,1
2026-08-17 04:45:00+00:00,BikePoints_522,"Clinton Road, Mile End",51.525941,-0.036017,14,1,13,36,21,1
2026-08-17 04:45:00+00:00,BikePoints_523,"Langdon Park, Poplar",51.51549,-0.013475,17,2,15,24,6,1
2026-08-17 04:45:00+00:00,BikePoints_524,"Lancaster Gate , Bayswater",51.511654,-0.179668,27,0,27,38,10,1
2026-08-17 04:45:00+00:00,BikePoints_525,"Blythe Road, Olympia",51.496927,-0.2135,6,1,5,24,17,1
2026-08-17 04:45:00+00:00,BikePoints_526,"Lancaster Drive, Blackwall",51.503143,-0.008428,13,2,11,27,13,1
2026-08-17 04:45:00+00:00,BikePoints_527,"Hansard Mews, Holland Park",51.503802,-0.215808,12,5,7,20,8,0
2026-08-17 04:45:00+00:00,BikePoints_528,"Clarges Street, Mayfair",51.507326,-0.145827,0,0,0,16,16,0
2026-08-17 04:45:00+00:00,BikePoints_529,"Manresa Road, Chelsea",51.486892,-0.170983,3,0,3,18,13,2
2026-08-17 04:45:00+00:00,BikePoints_530,"Newby Place, Poplar",51.508896,-0.012413,16,2,14,18,1,1
2026-08-17 04:45:00+00:00,BikePoints_531,"Twig Folly Bridge, Mile End",51.530326,-0.042744,6,2,4,21,15,0
2026-08-17 04:45:00+00:00,BikePoints_532,"Jubilee Plaza, Canary Wharf",51.5034,-0.020242,0,0,0,63,59,4
2026-08-17 04:45:00+00:00,BikePoints_533,"Wellington Row, Bethnal Green",51.528222,-0.069743,24,4,20,33,7,2
2026-08-17 04:45:00+00:00,BikePoints_534,"Goldsmith's Row, Haggerston",51.531864,-0.066035,24,3,21,27,0,3
2026-08-17 04:45:00+00:00,BikePoints_536,"Queensbridge Road, Haggerston",51.53385,-0.06992,11,0,11,35,21,3
2026-08-17 04:45:00+00:00,BikePoints_537,"Old Montague Street, Whitechapel",51.51793,-0.067937,14,5,9,18,4,0
2026-08-17 04:45:00+00:00,BikePoints_538,"Naval Row, Blackwall",51.508981,-0.00699,20,5,15,21,0,1
2026-08-17 04:45:00+00:00,BikePoints_539,"Hoxton Station, Hoxton",51.531091,-0.075901,5,1,4,22,17,0
2026-08-17 04:45:00+00:00,BikePoints_541,"Green Park Station, Mayfair",51.506613,-0.142844,0,0,0,28,24,4
2026-08-17 04:45:00+00:00,BikePoints_542,"Salmon Lane, Limehouse",51.514115,-0.033828,14,5,9,33,18,1
2026-08-17 04:45:00+00:00,BikePoints_543,"Lansdowne Walk, Ladbroke Grove",51.509591,-0.204666,12,1,11,21,7,2
2026-08-17 04:45:00+00:00,BikePoints_544,"Percival Street, Finsbury",51.526153,-0.102208,4,1,3,22,16,2
2026-08-17 04:45:00+00:00,BikePoints_545,"Arlington Road, Camden Town",51.539957,-0.145246,16,0,16,24,7,1
2026-08-17 04:45:00+00:00,BikePoints_546,"New Fetter Lane, Holborn",51.517428,-0.107987,1,0,1,21,19,1
2026-08-17 04:45:00+00:00,BikePoints_547,"East India DLR, Blackwall",51.509474,-0.002275,25,8,17,51,21,5
2026-08-17 04:45:00+00:00,BikePoints_548,"Westminster Bridge Road, Elephant & Castle",51.498386,-0.107913,15,1,14,26,10,1
2026-08-17 04:45:00+00:00,BikePoints_549,"Gaywood  Street, Elephant & Castle",51.49605,-0.104193,5,0,5,45,38,2
2026-08-17 04:45:00+00:00,BikePoints_550,"Harford Street, Mile End",51.521564,-0.039264,22,0,22,23,1,0
2026-08-17 04:45:00+00:00,BikePoints_551,"Import Dock, Canary Wharf",51.505772,-0.01646,15,1,14,39,19,5
2026-08-17 04:45:00+00:00,BikePoints_552,"Watney Street, Shadwell",51.511542,-0.056667,5,0,5,27,22,0
2026-08-17 04:45:00+00:00,BikePoints_553,"Regent's Row , Haggerston",51.535678,-0.062546,3,0,3,24,18,3
2026-08-17 04:45:00+00:00,BikePoints_554,"Aberfeldy Street, Poplar",51.513548,-0.005659,11,2,9,16,0,5
2026-08-17 04:45:00+00:00,BikePoints_556,"Heron Quays DLR, Canary Wharf",51.502661,-0.021596,0,0,0,27,25,2
2026-08-17 04:45:00+00:00,BikePoints_557,"King Edward Street, St Pauls",51.51601,-0.0985,1,0,1,20,19,0
2026-08-17 04:45:00+00:00,BikePoints_558,"Page Street, Westminster",51.493978,-0.127554,9,6,3,24,13,2
2026-08-17 04:45:00+00:00,BikePoints_559,"Abbotsbury Road, Holland Park",51.501391,-0.205991,5,0,5,24,19,0
2026-08-17 04:45:00+00:00,BikePoints_560,"Ladbroke Grove Central, Ladbroke Grove",51.511624,-0.205921,6,1,5,21,14,1
2026-08-17 04:45:00+00:00,BikePoints_561,"Rectory Square, Stepney",51.518369,-0.043371,6,0,6,22,15,1
2026-08-17 04:45:00+00:00,BikePoints_562,"Bury Place, Holborn",51.51742,-0.123189,1,1,0,21,20,0
2026-08-17 04:45:00+00:00,BikePoints_563,"Preston's Road, Cubitt Town",51.499286,-0.009152,17,1,16,26,5,4
2026-08-17 04:45:00+00:00,BikePoints_564,"Somerset House, Strand",51.509943,-0.117619,1,0,1,41,39,1
2026-08-17 04:45:00+00:00,BikePoints_565,"Selby Street, Whitechapel",51.521905,-0.063386,6,1,5,17,9,2
2026-08-17 04:45:00+00:00,BikePoints_568,"Bishop's Bridge Road West, Bayswater",51.51616,-0.18697,4,0,4,18,10,4
2026-08-17 04:45:00+00:00,BikePoints_569,"Pitfield Street Central, Hoxton",51.53213,-0.08299,4,0,4,30,22,4
2026-08-17 04:45:00+00:00,BikePoints_570,"Upper Bank Street, Canary Wharf",51.503083,-0.017676,8,0,8,36,23,5
2026-08-17 04:45:00+00:00,BikePoints_571,"Westfield Southern Terrace ,Shepherd's Bush",51.506256,-0.218337,8,0,8,29,19,2
2026-08-17 04:45:00+00:00,BikePoints_572,"Greenland Road, Camden Town",51.539099,-0.141728,34,4,30,36,1,1
2026-08-17 04:45:00+00:00,BikePoints_573,"Limerston Street, West Chelsea",51.485587,-0.18119,3,2,1,18,14,1
2026-08-17 04:45:00+00:00,BikePoints_574,"Eagle Wharf Road, Hoxton",51.53356,-0.09315,18,4,14,45,22,5
2026-08-17 04:45:00+00:00,BikePoints_576,"Alpha Grove, Millwall",51.497304,-0.022793,17,6,11,23,1,5
2026-08-17 04:45:00+00:00,BikePoints_577,"Globe Town Market, Bethnal Green",51.528869,-0.047548,18,2,16,20,0,2
2026-08-17 04:45:00+00:00,BikePoints_578,"Hollybush Gardens, Bethnal Green",51.527607,-0.057133,25,1,24,32,7,0
2026-08-17 04:45:00+00:00,BikePoints_579,"Queen Street 2, Bank",51.511246,-0.093051,3,0,3,36,32,1
2026-08-17 04:45:00+00:00,BikePoints_580,"Doddington Grove, Kennington",51.486929,-0.102996,27,7,20,36,8,1
2026-08-17 04:45:00+00:00,BikePoints_581,"New Cavendish Street, Marylebone",51.519167,-0.147983,6,1,5,18,10,2
2026-08-17 04:45:00+00:00,BikePoints_583,"Abingdon Green, Westminster",51.49764,-0.125972,0,0,0,20,19,1
2026-08-17 04:45:00+00:00,BikePoints_584,"Ilchester Gardens, Bayswater",51.51244,-0.19096,10,3,7,21,11,0
2026-08-17 04:45:00+00:00,BikePoints_586,"Mudchute DLR, Cubitt Town",51.490645,-0.014582,17,3,14,31,13,1
2026-08-17 04:45:00+00:00,BikePoints_587,"Monument Street, Monument",51.50964,-0.08497,3,0,3,22,18,1
2026-08-17 04:45:00+00:00,BikePoints_589,"Drayton Gardens, West Chelsea",51.487196,-0.179369,4,1,3,18,14,0
2026-08-17 04:45:00+00:00,BikePoints_590,"Greenberry Street, St.John's Wood",51.53256,-0.16862,20,2,18,26,6,0
2026-08-17 04:45:00+00:00,BikePoints_591,"Westfield Library Corner, Shepherd's Bush",51.506093,-0.224223,19,4,15,27,8,0
2026-08-17 04:45:00+00:00,BikePoints_592,"Bishop's Bridge Road East, Bayswater",51.5171,-0.18377,2,1,1,20,18,0
2026-08-17 04:45:00+00:00,BikePoints_593,"Northdown Street, King's Cross",51.531066,-0.11934,9,1,8,21,8,4
2026-08-17 04:45:00+00:00,BikePoints_594,"Kingsway Southbound, Strand",51.513875,-0.117774,0,0,0,33,32,1
2026-08-17 04:45:00+00:00,BikePoints_595,"Hammersmith Road, Hammersmith",51.493267,-0.21985,1,0,1,22,20,1
2026-08-17 04:45:00+00:00,BikePoints_596,"Parson's Green , Parson's Green",51.472817,-0.199783,8,1,7,21,13,0
2026-08-17 04:45:00+00:00,BikePoints_597,"Fulham Park Road, Fulham",51.473471,-0.20782,5,1,4,27,22,0
2026-08-17 04:45:00+00:00,BikePoints_598,"Southerton Road, Hammersmith",51.494499,-0.228188,22,2,20,38,14,2
2026-08-17 04:45:00+00:00,BikePoints_599,"Manbre Road, Hammersmith",51.485743,-0.223616,9,0,9,28,19,0
2026-08-17 04:45:00+00:00,BikePoints_600,"South Lambeth Road, Vauxhall",51.481747,-0.124642,16,4,12,21,0,5
2026-08-17 04:45:00+00:00,BikePoints_602,"Union Grove, Wandsworth Road",51.472993,-0.133972,31,1,30,45,13,1
2026-08-17 04:45:00+00:00,BikePoints_603,"Caldwell Street, Stockwell",51.477839,-0.116493,25,0,25,44,19,0
2026-08-17 04:45:00+00:00,BikePoints_604,"St Martins Close, Camden Town",51.538792,-0.138535,16,7,9,18,0,2
2026-08-17 04:45:00+00:00,BikePoints_605,"Seymour Place, Marylebone",51.520331,-0.163667,1,0,1,29,26,2
2026-08-17 04:45:00+00:00,BikePoints_606,"Addison Road, Holland Park",51.504199,-0.210941,4,0,4,26,21,1
2026-08-17 04:45:00+00:00,BikePoints_607,"Putney Bridge Station, Fulham",51.468814,-0.210279,9,1,8,21,12,0
2026-08-17 04:45:00+00:00,BikePoints_608,"Colet Gardens, Hammersmith",51.491093,-0.216493,5,1,4,30,25,0
2026-08-17 04:45:00+00:00,BikePoints_609,"Sugden Road, Clapham",51.465123,-0.157788,14,7,7,19,2,3
2026-08-17 04:45:00+00:00,BikePoints_610,"Danvers Street, West Chelsea",51.482567,-0.172078,5,1,4,21,14,2
2026-08-17 04:45:00+00:00,BikePoints_611,"Princedale Road , Holland Park",51.506465,-0.208486,12,2,10,20,4,4
2026-08-17 04:45:00+00:00,BikePoints_612,"Wandsworth Rd, Isley Court, Wandsworth Road",51.469259,-0.141812,24,3,21,30,6,0
2026-08-17 04:45:00+00:00,BikePoints_613,"Woodstock Grove, Shepherd's Bush",51.504038,-0.2174,1,1,0,24,21,2
2026-08-17 04:45:00+00:00,BikePoints_615,"Finlay Street, Fulham",51.476885,-0.215895,17,1,16,24,7,0
2026-08-17 04:45:00+00:00,BikePoints_616,"Aintree Street, Fulham",51.481021,-0.209973,14,6,8,24,8,2
2026-08-17 04:45:00+00:00,BikePoints_617,"Elysium Place, Fulham",51.471079,-0.207842,15,3,12,21,6,0
2026-08-17 04:45:00+00:00,BikePoints_618,"Eel Brook Common, Walham Green",51.476259,-0.193254,24,1,23,24,0,0
2026-08-17 04:45:00+00:00,BikePoints_619,"Irene Road, Parsons Green",51.473763,-0.19701,17,0,17,23,6,0
2026-08-17 04:45:00+00:00,BikePoints_620,"Surrey Lane, Battersea",51.47518,-0.16716,24,3,21,26,1,1
2026-08-17 04:45:00+00:00,BikePoints_621,"Wandsworth Town Station, Wandsworth",51.460864,-0.187427,30,1,29,33,0,3
2026-08-17 04:45:00+00:00,BikePoints_622,"Lansdowne Road, Ladbroke Grove",51.507481,-0.205535,19,3,16,29,10,0
2026-08-17 04:45:00+00:00,BikePoints_623,"Nantes Close, Wandsworth",51.46193,-0.180791,17,0,17,22,4,1
2026-08-17 04:45:00+00:00,BikePoints_624,"Courland Grove, Wandsworth Road",51.472918,-0.132102,37,1,36,40,0,3
2026-08-17 04:45:00+00:00,BikePoints_625,"Queen's Circus, Battersea Park",51.477619,-0.149551,23,3,20,28,5,0
2026-08-17 04:45:00+00:00,BikePoints_626,"Normand Park, West Kensington",51.484386,-0.204815,18,1,17,24,6,0
2026-08-17 04:45:00+00:00,BikePoints_627,"Holden Street, Battersea",51.46879,-0.15823,18,1,17,20,1,1
2026-08-17 04:45:00+00:00,BikePoints_628,"William Morris Way, Sands End",51.468819,-0.184318,24,2,22,26,2,0
2026-08-17 04:45:00+00:00,BikePoints_629,"Morie Street, Wandsworth",51.459953,-0.190184,25,2,23,28,0,3
2026-08-17 04:45:00+00:00,BikePoints_630,"Clarence Walk, Stockwell",51.470732,-0.126994,26,0,26,28,2,0
2026-08-17 04:45:00+00:00,BikePoints_631,"Battersea Park Road, Nine Elms",51.479501,-0.14177,4,3,1,27,20,3
2026-08-17 04:45:00+00:00,BikePoints_632,"Sheepcote Lane, Battersea",51.470538,-0.163041,26,0,26,28,1,1
2026-08-17 04:45:00+00:00,BikePoints_633,"Vereker Road, West Kensington",51.489591,-0.209378,7,1,6,32,24,1
2026-08-17 04:45:00+00:00,BikePoints_634,"Brook Green South, Brook Green",51.494347,-0.215804,2,0,2,33,30,1
2026-08-17 04:45:00+00:00,BikePoints_635,"Greyhound Road, Hammersmith",51.486062,-0.214428,24,4,20,37,11,2
2026-08-17 04:45:00+00:00,BikePoints_636,"South Park, Sands End",51.467064,-0.193502,22,2,20,28,5,1
2026-08-17 04:45:00+00:00,BikePoints_638,"Falcon Road, Clapham Junction",51.466633,-0.169821,19,2,17,28,7,2
2026-08-17 04:45:00+00:00,BikePoints_640,"Silverthorne Road, Battersea",51.472865,-0.148059,15,0,15,28,11,2
2026-08-17 04:45:00+00:00,BikePoints_641,"Archbishop's Park, Waterloo",51.498241,-0.117495,10,0,10,23,13,0
2026-08-17 04:45:00+00:00,BikePoints_642,"Fawcett Close, Battersea",51.469161,-0.174485,17,2,15,30,10,3
2026-08-17 04:45:00+00:00,BikePoints_643,"All Saints' Road, Portobello",51.519042,-0.204764,4,4,0,22,18,0
2026-08-17 04:45:00+00:00,BikePoints_644,"Rainville Road, Hammersmith",51.483732,-0.223852,3,0,3,36,31,2
2026-08-17 04:45:00+00:00,BikePoints_645,"Great Suffolk Street, The Borough",51.501732,-0.100292,3,1,2,21,14,4
2026-08-17 04:45:00+00:00,BikePoints_646,"Buckingham Gate, Westminster",51.498865,-0.137424,1,1,0,16,10,5
2026-08-17 04:45:00+00:00,BikePoints_647,"Richmond Way, Shepherd's Bush",51.500353,-0.217515,8,0,8,27,19,0
2026-08-17 04:45:00+00:00,BikePoints_648,"Peterborough Road, Sands End",51.46904,-0.196274,12,1,11,20,8,0
2026-08-17 04:45:00+00:00,BikePoints_649,"World's End Place, West Chelsea",51.481805,-0.180274,7,0,7,22,14,1
2026-08-17 04:45:00+00:00,BikePoints_650,"St. Mark's Road, North Kensington",51.51687,-0.213872,10,5,5,21,10,1
2026-08-17 04:45:00+00:00,BikePoints_651,"Thorndike Close, West Chelsea",51.480898,-0.183853,7,4,3,25,18,0
2026-08-17 04:45:00+00:00,BikePoints_652,"Evesham Street, Avondale",51.511486,-0.21819,7,1,6,20,13,0
2026-08-17 04:45:00+00:00,BikePoints_653,"Simpson Street, Clapham Junction",51.470847,-0.170703,22,3,19,25,3,0
2026-08-17 04:45:00+00:00,BikePoints_654,"Ashmole Estate, Oval",51.482678,-0.117661,20,1,19,34,13,1
2026-08-17 04:45:00+00:00,BikePoints_655,"Crabtree Lane, Fulham",51.482944,-0.219346,19,2,17,27,7,1
2026-08-17 04:45:00+00:00,BikePoints_656,"Broomhouse Lane, Parsons Green",51.468418,-0.199135,20,0,20,29,9,0
2026-08-17 04:45:00+00:00,BikePoints_657,"Blythe Road West, Shepherd's Bush",51.49968,-0.221791,4,0,4,21,17,0
2026-08-17 04:45:00+00:00,BikePoints_658,"Ethelburga Estate, Battersea Park",51.477292,-0.164786,21,6,15,30,8,1
2026-08-17 04:45:00+00:00,BikePoints_659,"Blackfriars Station, St. Paul's",51.511934,-0.103078,6,1,5,35,27,2
2026-08-17 04:45:00+00:00,BikePoints_660,"West Kensington Station, West Kensington",51.49087,-0.206029,14,2,12,22,6,2
2026-08-17 04:45:00+00:00,BikePoints_661,"All Saints Church, Portobello",51.51632,-0.202608,9,2,7,37,27,1
2026-08-17 04:45:00+00:00,BikePoints_662,"Phene Street, Chelsea",51.484984,-0.167919,3,1,2,24,20,1
2026-08-17 04:45:00+00:00,BikePoints_663,"Clarendon Road, Avondale",51.51323,-0.211593,5,2,3,24,17,2
2026-08-17 04:45:00+00:00,BikePoints_664,"Austin Road, Battersea Park",51.474376,-0.155442,19,1,18,24,4,1
2026-08-17 04:45:00+00:00,BikePoints_665,"Smugglers Way, Wandsworth",51.461083,-0.191722,26,2,24,27,1,0
2026-08-17 04:45:00+00:00,BikePoints_666,"Harris Academy, Bermondsey",51.492668,-0.07235,15,4,11,18,1,2
2026-08-17 04:45:00+00:00,BikePoints_667,"Shepherd's Bush Road North, Shepherd's Bush",51.501594,-0.222293,28,1,27,34,2,4
2026-08-17 04:45:00+00:00,BikePoints_668,"Ravenscourt Park Station, Hammersmith",51.494223,-0.236769,13,4,9,26,10,3
2026-08-17 04:45:00+00:00,BikePoints_669,"Teversham Lane, Stockwell",51.476149,-0.123258,25,5,20,39,13,1
2026-08-17 04:45:00+00:00,BikePoints_670,"Ashley Crescent, Battersea",51.467185,-0.152248,23,7,16,28,2,3
2026-08-17 04:45:00+00:00,BikePoints_671,"Parsons Green Station, Parsons Green",51.475089,-0.201968,33,3,30,56,21,2
2026-08-17 04:45:00+00:00,BikePoints_672,"Chicheley Street, South Bank",51.502698,-0.116747,10,4,6,24,13,1
2026-08-17 04:45:00+00:00,BikePoints_673,"Hibbert Street, Battersea",51.46517,-0.180389,32,1,31,36,4,0
2026-08-17 04:45:00+00:00,BikePoints_674,"Carnegie Street, King's Cross",51.535467,-0.116191,13,1,12,40,24,3
2026-08-17 04:45:00+00:00,BikePoints_675,"Usk Road, Clapham Junction",51.463489,-0.182126,23,0,23,30,5,2
2026-08-17 04:45:00+00:00,BikePoints_676,"Hartington Road, Stockwell",51.47787,-0.126874,26,1,25,35,9,0
2026-08-17 04:45:00+00:00,BikePoints_677,"Heath Road, Battersea",51.468669,-0.146544,23,2,21,27,4,0
2026-08-17 04:45:00+00:00,BikePoints_678,"Esmond Street, Putney",51.462312,-0.211468,27,5,22,30,1,2
2026-08-17 04:45:00+00:00,BikePoints_679,"Orbel Street, Battersea",51.474535,-0.17021,20,2,18,26,6,0
2026-08-17 04:45:00+00:00,BikePoints_680,"Westbridge Road, Battersea",51.477684,-0.170329,23,4,19,28,2,3
2026-08-17 04:45:00+00:00,BikePoints_681,"Bishop's Avenue, Fulham",51.473036,-0.214749,23,1,22,46,21,2
2026-08-17 04:45:00+00:00,BikePoints_682,"Crisp Road, Hammersmith",51.488108,-0.226606,24,0,24,46,21,1
2026-08-17 04:45:00+00:00,BikePoints_683,"Dorothy Road, Clapham Junction",51.465064,-0.16375,14,1,13,28,13,1
2026-08-17 04:45:00+00:00,BikePoints_684,"Neville Gill Close, Wandsworth",51.454752,-0.195197,30,1,29,32,0,2
2026-08-17 04:45:00+00:00,BikePoints_685,"Osiers Road, Wandsworth",51.46067,-0.198735,14,3,11,30,13,3
2026-08-17 04:45:00+00:00,BikePoints_686,"Beryl Road, Hammersmith",51.488144,-0.222456,9,0,9,26,17,0
2026-08-17 04:45:00+00:00,BikePoints_687,"Clements Road, Bermondsey",51.4954,-0.061698,10,1,9,23,10,3
2026-08-17 04:45:00+00:00,BikePoints_688,"Northfields, Wandsworth",51.460951,-0.200667,22,1,21,28,6,0
2026-08-17 04:45:00+00:00,BikePoints_689,"Spanish Road, Clapham Junction",51.459225,-0.180884,18,4,14,30,12,0
2026-08-17 04:45:00+00:00,BikePoints_690,"Stanley Grove, Battersea",51.470475,-0.15213,21,2,19,24,2,1
2026-08-17 04:45:00+00:00,BikePoints_691,"Erin Close, Walham Green",51.479463,-0.195777,17,1,16,24,7,0
2026-08-17 04:45:00+00:00,BikePoints_692,"Cadogan Close, Victoria Park",51.542118,-0.028941,13,3,10,22,6,3
2026-08-17 04:45:00+00:00,BikePoints_693,"Felsham Road, Putney",51.464786,-0.215618,16,1,15,18,1,1
2026-08-17 04:45:00+00:00,BikePoints_694,"Putney Rail Station, Putney",51.460717,-0.216526,15,4,11,20,3,2
2026-08-17 04:45:00+00:00,BikePoints_695,"Islington Green, Angel",51.536384,-0.102757,9,1,8,21,8,4
2026-08-17 04:45:00+00:00,BikePoints_696,"Charing Cross Hospital, Hammersmith",51.487285,-0.217995,18,2,16,21,3,0
2026-08-17 04:45:00+00:00,BikePoints_697,"Charlotte Terrace, Angel",51.536392,-0.112721,15,7,8,25,8,2
2026-08-17 04:45:00+00:00,BikePoints_698,"Shoreditch Court, Haggerston",51.539083,-0.070329,19,7,12,35,14,2
2026-08-17 04:45:00+00:00,BikePoints_699,"Belford House, Haggerston",51.536654,-0.07023,14,1,13,39,25,0
2026-08-17 04:45:00+00:00,BikePoints_700,"Battersea Church Road, Battersea",51.476964,-0.174347,22,8,14,25,1,2
2026-08-17 04:45:00+00:00,BikePoints_701,"Vicarage Crescent, Battersea",51.472876,-0.176267,19,2,17,30,10,1
2026-08-17 04:45:00+00:00,BikePoints_702,"Durant Street, Bethnal Green",51.528681,-0.06555,15,3,12,24,9,0
2026-08-17 04:45:00+00:00,BikePoints_703,"St. Bride Street, Holborn",51.514665,-0.104583,2,1,1,24,19,3
2026-08-17 04:45:00+00:00,BikePoints_704,"Mexfield Road, East Putney",51.45682,-0.202802,4,4,0,18,11,3
2026-08-17 04:45:00+00:00,BikePoints_705,"Upper Richmond Road, Putney",51.459715,-0.212145,23,6,17,25,0,2
2026-08-17 04:45:00+00:00,BikePoints_706,"Snowsfields, London Bridge",51.502153,-0.083632,0,0,0,31,29,2
2026-08-17 04:45:00+00:00,BikePoints_707,"Barons Court Station, West Kensington",51.490217,-0.215087,26,0,26,32,5,1
2026-08-17 04:45:00+00:00,BikePoints_708,"Disraeli Road, Putney",51.46161,-0.216145,29,0,29,33,3,1
2026-08-17 04:45:00+00:00,BikePoints_709,"Montserrat Road , Putney",51.463211,-0.21555,23,0,23,23,0,0
2026-08-17 04:45:00+00:00,BikePoints_710,"Albert Bridge Road, Battersea Park",51.474392,-0.163347,18,1,17,20,0,2
2026-08-17 04:45:00+00:00,BikePoints_711,"Everington Street, Fulham",51.483356,-0.216305,8,3,5,31,21,2
2026-08-17 04:45:00+00:00,BikePoints_712,"Mile End Stadium, Mile End",51.518541,-0.034903,17,0,17,22,5,0
2026-08-17 04:45:00+00:00,BikePoints_713,"Hawley Crescent, Camden Town",51.541007,-0.14326,19,4,15,22,2,1
2026-08-17 04:45:00+00:00,BikePoints_714,"Stewart's Road, Wandsworth Road",51.473116,-0.137235,26,1,25,28,2,0
2026-08-17 04:45:00+00:00,BikePoints_715,"Aylward Street, Stepney",51.51563,-0.049067,12,2,10,22,9,1
2026-08-17 04:45:00+00:00,BikePoints_716,"Stainsby Road , Poplar",51.515427,-0.023565,12,2,10,24,11,1
2026-08-17 04:45:00+00:00,BikePoints_717,"Dunston Road , Haggerston",51.536585,-0.075885,34,8,26,43,9,0
2026-08-17 04:45:00+00:00,BikePoints_718,"Ada Street, Hackney Central",51.535716,-0.060291,30,4,26,45,14,1
2026-08-17 04:45:00+00:00,BikePoints_719,"Victoria Park Road, Hackney Central",51.536424,-0.054162,8,2,6,34,26,0
2026-08-17 04:45:00+00:00,BikePoints_720,"Star Road, West Kensington",51.487244,-0.205279,19,3,16,23,2,2
2026-08-17 04:45:00+00:00,BikePoints_721,"Wendon Street, Old Ford",51.536039,-0.026262,10,2,8,18,5,3
2026-08-17 04:45:00+00:00,BikePoints_722,"Finnis Street, Bethnal Green",51.524583,-0.058631,5,2,3,19,14,0
2026-08-17 04:45:00+00:00,BikePoints_723,"Stephendale Road, Sands End",51.46822,-0.190346,46,1,45,48,0,2
2026-08-17 04:45:00+00:00,BikePoints_724,"Alma Road, Wandsworth",51.457991,-0.184806,19,4,15,28,8,1
2026-08-17 04:45:00+00:00,BikePoints_725,"Walworth Square, Walworth",51.491327,-0.096518,23,2,21,24,0,1
2026-08-17 04:45:00+00:00,BikePoints_726,"Alfreda Street, Battersea Park",51.47505,-0.150908,18,1,17,22,3,1
2026-08-17 04:45:00+00:00,BikePoints_727,"Chesilton Road, Fulham",51.475698,-0.205876,14,4,10,23,7,2
2026-08-17 04:45:00+00:00,BikePoints_728,"Putney Bridge Road, East Putney",51.461999,-0.20624,28,6,22,29,0,1
2026-08-17 04:45:00+00:00,BikePoints_729,"St. Peter's Terrace, Fulham",51.478939,-0.208485,17,1,16,24,6,1
2026-08-17 04:45:00+00:00,BikePoints_730,"Bridge Avenue, Hammersmith",51.492084,-0.229116,11,1,10,18,7,0
2026-08-17 04:45:00+00:00,BikePoints_731,"Michael Road, Walham Green",51.477276,-0.18921,13,0,13,37,22,2
2026-08-17 04:45:00+00:00,BikePoints_732,"Duke Street Hill, London Bridge",51.506304,-0.087262,1,0,1,21,14,6
2026-08-17 04:45:00+00:00,BikePoints_733,"Park Lane, Mayfair",51.505426,-0.150817,1,0,1,18,16,1
2026-08-17 04:45:00+00:00,BikePoints_734,"Plough Terrace, Clapham Junction",51.462305,-0.175407,24,0,24,31,6,1
2026-08-17 04:45:00+00:00,BikePoints_735,"Grant Road East, Clapham Junction",51.464894,-0.173029,15,0,15,28,10,3
2026-08-17 04:45:00+00:00,BikePoints_736,"Queensdale Road, Shepherd's Bush",51.50659,-0.216104,7,1,6,28,21,0
2026-08-17 04:45:00+00:00,BikePoints_737,"Fulham Broadway, Walham Green",51.479932,-0.194116,10,3,7,26,15,1
2026-08-17 04:45:00+00:00,BikePoints_738,"Imperial Road, Sands End",51.475142,-0.187278,19,3,16,37,18,0
2026-08-17 04:45:00+00:00,BikePoints_739,"Hortensia Road, West Brompton",51.481765,-0.185273,12,1,11,28,16,0
2026-08-17 04:45:00+00:00,BikePoints_740,"Sirdar Road, Avondale",51.510928,-0.214594,7,0,7,20,12,1
2026-08-17 04:45:00+00:00,BikePoints_741,"Freston Road, Avondale",51.512981,-0.219486,15,0,15,23,5,3
2026-08-17 04:45:00+00:00,BikePoints_742,"Blenheim Crescent, Ladbroke Grove",51.515108,-0.208565,5,2,3,22,16,1
2026-08-17 04:45:00+00:00,BikePoints_743,"Oxford Road, Putney",51.460792,-0.212607,18,6,12,20,0,2
2026-08-17 04:45:00+00:00,BikePoints_744,"Ingrave Street, Clapham Junction",51.467454,-0.172293,29,2,27,30,1,0
2026-08-17 04:45:00+00:00,BikePoints_745,"Upcerne Road, West Chelsea",51.478169,-0.182435,7,3,4,29,20,2
2026-08-17 04:45:00+00:00,BikePoints_746,"Lots Road, West Chelsea",51.479573,-0.179038,11,1,10,24,13,0
2026-08-17 04:45:00+00:00,BikePoints_747,"Ormonde Gate, Chelsea",51.487964,-0.161765,16,2,14,24,5,3
2026-08-17 04:45:00+00:00,BikePoints_748,"Hertford Road, De Beauvoir Town",51.537277,-0.079201,23,0,23,25,0,2
2026-08-17 04:45:00+00:00,BikePoints_749,"Haggerston Road, Haggerston",51.539328,-0.074284,23,4,19,37,12,2
2026-08-17 04:45:00+00:00,BikePoints_750,"Culvert Road, Battersea",51.471095,-0.15785,18,2,16,27,9,0
2026-08-17 04:45:00+00:00,BikePoints_751,"Newton Street, Covent Garden",51.516128,-0.120909,0,0,0,24,24,0
2026-08-17 04:45:00+00:00,BikePoints_752,"London Street, Paddington",51.515117,-0.173712,3,1,2,19,16,0
2026-08-17 04:45:00+00:00,BikePoints_753,"Clapham South, Clapham South",51.452997,-0.148651,18,4,14,28,10,0
2026-08-17 04:45:00+00:00,BikePoints_754,"Grenfell Road, Avondale",51.5129,-0.214762,6,2,4,24,17,1
2026-08-17 04:45:00+00:00,BikePoints_755,"The Vale, Chelsea",51.485121,-0.174971,1,1,0,24,22,1
2026-08-17 04:45:00+00:00,BikePoints_756,"Prince of Wales Drive, Battersea Park",51.475153,-0.159169,19,3,16,21,0,2
2026-08-17 04:45:00+00:00,BikePoints_757,"Harcourt Terrace, West Brompton",51.487958,-0.187404,22,3,19,24,0,2
2026-08-17 04:45:00+00:00,BikePoints_758,"Westbourne Park Road, Portobello",51.51787,-0.201005,13,2,11,23,10,0
2026-08-17 04:45:00+00:00,BikePoints_759,"Broadley Terrace, Marylebone",51.524561,-0.165668,2,1,1,18,15,1
2026-08-17 04:45:00+00:00,BikePoints_760,"Elgin Avenue, Maida Hill",51.524309,-0.201234,13,5,8,18,3,2
2026-08-17 04:45:00+00:00,BikePoints_761,"Humbolt Road, Fulham",51.483217,-0.21186,24,0,24,26,2,0
2026-08-17 04:45:00+00:00,BikePoints_762,"Storey's Gate, Westminster",51.500703,-0.129698,1,1,0,21,18,2
2026-08-17 04:45:00+00:00,BikePoints_763,"Mile End Park Leisure Centre, Mile End",51.520597,-0.032566,29,7,22,47,15,3
2026-08-17 04:45:00+00:00,BikePoints_764,"St. John's Road, Clapham Junction",51.462392,-0.168292,29,1,28,33,4,0
2026-08-17 04:45:00+00:00,BikePoints_765,"Ranelagh Gardens, Fulham",51.467601,-0.206827,25,5,20,29,1,3
2026-08-17 04:45:00+00:00,BikePoints_766,"Ram Street, Wandsworth",51.457529,-0.192165,18,2,16,25,5,2
2026-08-17 04:45:00+00:00,BikePoints_767,"Santos Road, Wandsworth",51.457059,-0.200806,25,0,25,30,5,0
2026-08-17 04:45:00+00:00,BikePoints_768,"Clapham Common North Side, Clapham Common",51.461343,-0.159322,23,3,20,37,14,0
2026-08-17 04:45:00+00:00,BikePoints_769,"Sandilands Road, Walham Green",51.473611,-0.191803,12,1,11,21,9,0
2026-08-17 04:45:00+00:00,BikePoints_770,"Gwendwr Road, West Kensington",51.491026,-0.209121,28,1,27,30,2,0
2026-08-17 04:45:00+00:00,BikePoints_771,"Rifle Place, Avondale",51.509224,-0.216016,14,0,14,21,7,0
2026-08-17 04:45:00+00:00,BikePoints_772,"Binfield Road, Stockwell",51.472509,-0.122831,33,3,30,35,1,1
2026-08-17 04:45:00+00:00,BikePoints_773,"Tallis Street, Temple",51.511891,-0.107349,0,0,0,24,22,2
2026-08-17 04:45:00+00:00,BikePoints_774,"Hurlingham Park, Parsons Green",51.470131,-0.20464,15,0,15,20,5,0
2026-08-17 04:45:00+00:00,BikePoints_775,"Little Brook Green, Brook Green",51.496664,-0.223868,16,0,16,33,16,1
2026-08-17 04:45:00+00:00,BikePoints_776,"Adeline Place, Bloomsbury",51.517632,-0.129985,0,0,0,22,22,0
2026-08-17 04:45:00+00:00,BikePoints_779,"Houndsditch, Aldgate",51.514449,-0.077178,2,2,0,28,25,1
2026-08-17 04:45:00+00:00,BikePoints_780,"Imperial Wharf Station, Sands End",51.474665,-0.183165,23,1,22,25,0,2
2026-08-17 04:45:00+00:00,BikePoints_782,"Halford Road, West Kensington",51.483911,-0.197609,20,1,19,24,4,0
2026-08-17 04:45:00+00:00,BikePoints_783,"Monier Road, Hackney Wick",51.540311,-0.02163,25,7,18,27,0,2
2026-08-17 04:45:00+00:00,BikePoints_784,"East Village, Queen Elizabeth Olympic Park",51.546326,-0.009935,12,4,8,34,22,0
2026-08-17 04:45:00+00:00,BikePoints_785,"Aquatic Centre, Queen Elizabeth Olympic Park",51.541482,-0.010437,11,2,9,30,13,6
2026-08-17 04:45:00+00:00,BikePoints_786,"Lee Valley VeloPark, Queen Elizabeth Olympic Park",51.549369,-0.015717,29,7,22,44,13,2
2026-08-17 04:45:00+00:00,BikePoints_787,"Timber Lodge, Queen Elizabeth Olympic Park",51.546805,-0.014691,16,1,15,35,15,4
2026-08-17 04:45:00+00:00,BikePoints_788,"Copper Box Arena, Queen Elizabeth Olympic Park",51.544909,-0.020542,12,2,10,31,14,5
2026-08-17 04:45:00+00:00,BikePoints_789,"Podium, Queen Elizabeth Olympic Park",51.538718,-0.011889,18,6,12,40,8,14
2026-08-17 04:45:00+00:00,BikePoints_790,"Stratford Station, Stratford",51.541793,-0.00481,17,0,17,28,6,5
2026-08-17 04:45:00+00:00,BikePoints_792,"Blackfriars Road, Southwark",51.505461,-0.10454,3,0,3,42,38,1
2026-08-17 04:45:00+00:00,BikePoints_793,"Cromer Street, Bloomsbury",51.528279,-0.119558,20,1,19,28,7,1
2026-08-17 04:45:00+00:00,BikePoints_795,"Euston Square Gardens, Euston",51.527068,-0.131861,0,0,0,30,29,1
2026-08-17 04:45:00+00:00,BikePoints_796,"Coram Street, Bloomsbury",51.524,-0.126409,10,1,9,29,18,1
2026-08-17 04:45:00+00:00,BikePoints_797,"Ossulston Street, Somers Town",51.5293,-0.128279,14,0,14,30,12,4
2026-08-17 04:45:00+00:00,BikePoints_798,"Birkenhead Street, King's Cross",51.530199,-0.122299,14,5,9,27,9,4
2026-08-17 04:45:00+00:00,BikePoints_799,"Kings Gate House, Westminster",51.497698,-0.137598,0,0,0,24,23,1
2026-08-17 04:45:00+00:00,BikePoints_800,"Sopwith Way, Battersea Park",51.481121,-0.149035,14,1,13,30,14,2
2026-08-17 04:45:00+00:00,BikePoints_801,"Lavington Street, Bankside",51.505224,-0.098031,3,0,3,29,23,3
2026-08-17 04:45:00+00:00,BikePoints_802,"Albert Square, Stockwell",51.47659,-0.118256,29,5,24,32,3,0
2026-08-17 04:45:00+00:00,BikePoints_803,"Southwark Street, Bankside",51.505409,-0.098341,5,0,5,23,18,0
2026-08-17 04:45:00+00:00,BikePoints_804,"Good's Way, King's Cross",51.534667,-0.125078,0,0,0,27,23,4
2026-08-17 04:45:00+00:00,BikePoints_805,"The Metropolitan, Portobello",51.520509,-0.200804,2,0,2,18,15,1
2026-08-17 04:45:00+00:00,BikePoints_807,"Bevington Road West, North Kensington",51.5212,-0.208888,10,2,8,24,11,3
2026-08-17 04:45:00+00:00,BikePoints_808,"Gauden Road, Clapham",51.464995,-0.130908,26,1,25,28,0,2
2026-08-17 04:45:00+00:00,BikePoints_809,"Lincoln's Inn Fields, Holborn",51.516277,-0.118272,1,0,1,28,27,0
2026-08-17 04:45:00+00:00,BikePoints_810,"Tate Modern, Bankside",51.506725,-0.098807,12,0,12,30,15,3
2026-08-17 04:45:00+00:00,BikePoints_811,"Westferry Circus, Canary Wharf",51.505703,-0.027772,14,2,12,36,14,8
2026-08-17 04:45:00+00:00,BikePoints_812,"Here East North, Queen Elizabeth Olympic Park",51.548731,-0.022606,15,0,15,28,12,1
2026-08-17 04:45:00+00:00,BikePoints_813,"New Spring Gardens Walk, Vauxhall",51.487807,-0.122759,5,0,5,33,27,1
2026-08-17 04:45:00+00:00,BikePoints_814,"Clapham Road, Lingham Street, Stockwell",51.471433,-0.12367,29,2,27,30,0,1
2026-08-17 04:45:00+00:00,BikePoints_815,"Lambeth Palace Road, Waterloo",51.500089,-0.116628,15,4,11,35,18,2
2026-08-17 04:45:00+00:00,BikePoints_816,"Here East South, Queen Elizabeth Olympic Park",51.546532,-0.020597,8,0,8,20,11,1
2026-08-17 04:45:00+00:00,BikePoints_818,"Westminster Pier, Westminster",51.501513,-0.123823,13,0,13,27,14,0
2026-08-17 04:45:00+00:00,BikePoints_819,"Belvedere Road 2, South Bank",51.50621,-0.114842,6,1,5,38,31,1
2026-08-17 04:45:00+00:00,BikePoints_820,"Victory Place, Walworth",51.492807,-0.091938,17,3,14,24,7,0
2026-08-17 04:45:00+00:00,BikePoints_821,"Battersea Power Station, Battersea Park",51.483507,-0.147714,6,0,6,27,15,6
2026-08-17 04:45:00+00:00,BikePoints_826,"Allington Street, Victoria",51.496863,-0.142943,1,0,1,28,25,2
2026-08-17 04:45:00+00:00,BikePoints_827,"Cranmer Road, Stockwell",51.479601,-0.111471,21,4,17,24,3,0
2026-08-17 04:45:00+00:00,BikePoints_828,"Normandy Road, Stockwell",51.473874,-0.11258,18,1,17,32,13,1
2026-08-17 04:45:00+00:00,BikePoints_829,"Wynne Road, Stockwell",51.469217,-0.112686,16,1,15,25,8,1
2026-08-17 04:45:00+00:00,BikePoints_830,"Sidney Road, Stockwell",51.469202,-0.119022,15,3,12,27,11,1
2026-08-17 04:45:00+00:00,BikePoints_831,"St John's Crescent, Brixton",51.466232,-0.113179,17,3,14,25,8,0
2026-08-17 04:45:00+00:00,BikePoints_832,"Ferndale Road, Brixton",51.464019,-0.115781,22,3,19,30,6,2
2026-08-17 04:45:00+00:00,BikePoints_833,"Saltoun Road, Brixton",51.460232,-0.115375,32,2,30,42,8,2
2026-08-17 04:45:00+00:00,BikePoints_834,"Gas Holders, Battersea Park",51.477966,-0.147857,16,4,12,26,7,3
2026-08-17 04:45:00+00:00,BikePoints_835,"Farringdon Street, Holborn",51.516785,-0.104947,1,0,1,25,24,0
2026-08-17 04:45:00+00:00,BikePoints_836,"York Way, Kings Cross",51.541596,-0.125441,7,3,4,24,15,2
2026-08-17 04:45:00+00:00,BikePoints_838,"Fore Street, Guildhall",51.518093,-0.091401,2,0,2,25,22,1
2026-08-17 04:45:00+00:00,BikePoints_839,"Sea Containers, South Bank",51.508033,-0.106823,1,0,1,30,28,1
2026-08-17 04:45:00+00:00,BikePoints_840,"George Row, Bermondsey",51.498585,-0.068981,16,1,15,22,3,3
2026-08-17 04:45:00+00:00,BikePoints_841,"Tower Wharf, Bermondsey",51.500845,-0.074704,12,1,11,20,5,3
2026-08-17 04:45:00+00:00,BikePoints_842,"Temple Gardens, Temple",51.510981,-0.108322,0,0,0,24,23,1
2026-08-17 04:45:00+00:00,BikePoints_844,"Canada Water Station, Rotherhithe",51.498439,-0.04915,30,4,26,35,1,4
2026-08-17 04:45:00+00:00,BikePoints_845,"Bermondsey Station, Bermondsey",51.497995,-0.063471,25,6,19,30,0,5
2026-08-17 04:45:00+00:00,BikePoints_846,"Burgess Park Albany Road, Walworth",51.48224,-0.094284,23,2,21,30,3,4
2026-08-17 04:45:00+00:00,BikePoints_847,"South Bermondsey Station, Bermondsey",51.488067,-0.057774,21,3,18,24,3,0
2026-08-17 04:45:00+00:00,BikePoints_849,"Crimscott Street, Bermondsey",51.495598,-0.078893,14,2,12,19,4,1
2026-08-17 04:45:00+00:00,BikePoints_850,"Brandon Street, Walworth",51.489102,-0.091548,22,0,22,22,0,0
2026-08-17 04:45:00+00:00,BikePoints_851,"The Blue, Bermondsey",51.492221,-0.062513,21,4,17,22,0,1
2026-08-17 04:45:00+00:00,BikePoints_852,"Coomer Place, West Kensington",51.48357,-0.202038,22,0,22,27,3,2
2026-08-17 04:45:00+00:00,BikePoints_857,"Strand, Strand",51.512582,-0.115057,1,1,0,35,34,0
2026-08-17 04:45:00+00:00,BikePoints_864,"Abbey Orchard Street, Westminster",51.498125,-0.132102,3,1,2,29,25,1
2026-08-17 04:45:00+00:00,BikePoints_865,"Leonard Circus , Shoreditch",51.524696,-0.084439,2,2,0,43,39,2
2026-08-17 04:45:00+00:00,BikePoints_866,"Limburg Road, Clapham Junction",51.461923,-0.165297,19,3,16,21,1,1
2026-08-17 04:45:00+00:00,BikePoints_867,"Pritchard's Road, Bethnal Green",51.532091,-0.061419,13,3,10,30,12,5
2026-08-17 04:45:00+00:00,BikePoints_868,"Kennington Lane Rail Bridge, Vauxhall",51.486343,-0.122492,15,4,11,31,15,1
2026-08-17 04:45:00+00:00,BikePoints_869,"Albert Embankment, Vauxhall",51.490435,-0.122806,6,0,6,24,18,0
2026-08-17 04:45:00+00:00,BikePoints_870,"Lower Marsh, Waterloo",51.500139,-0.113935,0,0,0,17,17,0
2026-08-17 04:45:00+00:00,BikePoints_872,"Risinghill Street, Angel",51.533319,-0.111781,4,4,0,25,17,4
2026-08-17 04:45:00+00:00,BikePoints_873,"St. Pancras Way, Camden Town",51.537071,-0.13285,5,2,3,20,13,2
2026-08-17 04:45:00+00:00,BikePoints_874,"Handyside Street, King's Cross",51.53724,-0.124807,15,4,11,27,8,4
2026-08-17 04:45:00+00:00,BikePoints_875,"Victoria Rise, Clapham Common",51.461376,-0.147804,19,2,17,23,0,4
2026-08-17 04:45:00+00:00,BikePoints_876,"Old Quebec Street, Marylebone",51.514577,-0.158264,4,2,2,16,11,1
2026-08-17 04:45:00+00:00,BikePoints_877,"Spencer Park, Wandsworth Common",51.45787,-0.174691,13,0,13,25,12,0
2026-08-17 04:45:00+00:00,BikePoints_878,"Victoria & Albert Museum, South Kensington",51.495898,-0.173009,1,0,1,30,29,0
2026-08-17 04:45:00+00:00,BikePoints_879,"BBC White City, White City",51.514767,-0.225786,10,2,8,36,25,1
2026-08-17 04:45:00+00:00,BikePoints_881,"Albany Street, The Regent's Park",51.528302,-0.144465,7,0,7,27,18,2
2026-08-17 04:45:00+00:00,BikePoints_882,"Maplin Street, Mile End",51.525501,-0.032267,21,0,21,39,16,2
2026-08-17 04:45:00+00:00,BikePoints_883,"London Fields, Hackney Central",51.54119,-0.058826,10,1,9,21,4,7
2026-08-17 04:45:00+00:00,BikePoints_884,"Westfield Ariel Way, White City",51.509158,-0.224103,32,0,32,42,5,5
2026-08-17 04:45:00+00:00,BikePoints_885,"Gloucester Avenue, Camden Town",51.537349,-0.147154,9,5,4,24,13,2
2026-08-17 04:45:00+00:00,BikePoints_887,"London Zoo Car Park, The Regent's Park",51.536922,-0.150181,4,0,4,36,31,1
2026-08-17 04:45:00+00:00,BikePoints_888,"Norton Folgate, Liverpool Street",51.521113,-0.078869,1,0,1,23,19,3
2026-08-17 04:45:00+00:00,BikePoints_889,"Horse Guards Avenue, Westminster",51.505031,-0.123,5,0,5,29,22,2
2026-08-17 04:45:00+00:00,BikePoints_890,"Burdett Road, Mile End",51.516196,-0.029137,20,2,18,33,6,7
2026-08-17 05:15:00+00:00,BikePoints_1,"River Street , Clerkenwell",51.529163,-0.10997,3,3,0,19,14,2
2026-08-17 05:15:00+00:00,BikePoints_2,"Phillimore Gardens, Kensington",51.499606,-0.197574,11,0,11,37,25,1
2026-08-17 05:15:00+00:00,BikePoints_3,"Christopher Street, Liverpool Street",51.521283,-0.084605,0,0,0,32,32,0
2026-08-17 05:15:00+00:00,BikePoints_4,"St. Chad's Street, King's Cross",51.530059,-0.120973,22,1,21,23,0,1
2026-08-17 05:15:00+00:00,BikePoints_5,"Sedding Street, Sloane Square",51.49313,-0.156876,1,0,1,27,24,2
2026-08-17 05:15:00+00:00,BikePoints_6,"Broadcasting House, Marylebone",51.518117,-0.144228,4,4,0,18,9,5
2026-08-17 05:15:00+00:00,BikePoints_7,"Charlbert Street, St. John's Wood",51.5343,-0.168074,5,0,5,16,5,6
2026-08-17 05:15:00+00:00,BikePoints_8,"Maida Vale, Maida Vale",51.529857,-0.183486,27,4,23,39,4,8
2026-08-17 05:15:00+00:00,BikePoints_9,"New Globe Walk, Bankside",51.507385,-0.09644,9,1,8,19,10,0
2026-08-17 05:15:00+00:00,BikePoints_10,"Park Street, Bankside",51.505974,-0.092754,7,1,6,18,11,0
2026-08-17 05:15:00+00:00,BikePoints_11,"Brunswick Square, Bloomsbury",51.523951,-0.122502,5,3,2,24,17,2
2026-08-17 05:15:00+00:00,BikePoints_12,"Malet Street, Bloomsbury",51.52168,-0.130431,13,3,10,49,36,0
2026-08-17 05:15:00+00:00,BikePoints_13,"Scala Street, Fitzrovia",51.519914,-0.136039,2,0,2,21,19,0
2026-08-17 05:15:00+00:00,BikePoints_14,"Argyle Street, Kings Cross",51.529416,-0.123944,17,0,17,45,25,3
2026-08-17 05:15:00+00:00,BikePoints_15,"Great Russell Street, Bloomsbury",51.517727,-0.127854,1,1,0,26,25,0
2026-08-17 05:15:00+00:00,BikePoints_16,"Cartwright Gardens , Bloomsbury",51.526357,-0.125979,3,2,1,21,18,0
2026-08-17 05:15:00+00:00,BikePoints_17,"Hatton Wall, Holborn",51.521661,-0.109006,4,2,2,26,20,2
2026-08-17 05:15:00+00:00,BikePoints_18,"Drury Lane, Covent Garden",51.51477,-0.122219,1,0,1,27,23,3
2026-08-17 05:15:00+00:00,BikePoints_19,"Taviton Street, Bloomsbury",51.52505,-0.131161,7,0,7,30,23,0
2026-08-17 05:15:00+00:00,BikePoints_20,"Drummond Street , Euston",51.527326,-0.136052,25,0,25,28,1,2
2026-08-17 05:15:00+00:00,BikePoints_21,"Lansdowne Drive, Hackney Central",51.539834,-0.062806,13,7,6,26,12,1
2026-08-17 05:15:00+00:00,BikePoints_22,"Northington Street , Holborn",51.522264,-0.114079,7,1,6,19,12,0
2026-08-17 05:15:00+00:00,BikePoints_23,"Red Lion Square, Holborn",51.519435,-0.119123,2,1,1,16,13,1
2026-08-17 05:15:00+00:00,BikePoints_24,"British Museum, Bloomsbury",51.51908,-0.124678,1,0,1,35,34,0
2026-08-17 05:15:00+00:00,BikePoints_25,"Doric Way , Somers Town",51.528833,-0.13225,22,0,22,50,26,2
2026-08-17 05:15:00+00:00,BikePoints_26,"Ampton Street , Clerkenwell",51.52728,-0.118295,10,1,9,21,10,1
2026-08-17 05:15:00+00:00,BikePoints_28,"Bolsover Street, Fitzrovia",51.523518,-0.143613,9,3,6,19,10,0
2026-08-17 05:15:00+00:00,BikePoints_29,"Hereford Road, Bayswater",51.513735,-0.193487,17,3,14,22,4,1
2026-08-17 05:15:00+00:00,BikePoints_30,"Windsor Terrace, Hoxton",51.529154,-0.093421,17,0,17,24,5,2
2026-08-17 05:15:00+00:00,BikePoints_31,"Fanshaw Street, Hoxton",51.529537,-0.083353,28,0,28,36,6,2
2026-08-17 05:15:00+00:00,BikePoints_33,"Central House, Aldgate",51.515231,-0.07015,0,0,0,24,23,1
2026-08-17 05:15:00+00:00,BikePoints_34,"Pancras Road, King's Cross",51.534123,-0.129386,3,1,2,16,11,2
2026-08-17 05:15:00+00:00,BikePoints_36,"De Vere Gardens, Kensington",51.501737,-0.18498,2,0,2,28,25,1
2026-08-17 05:15:00+00:00,BikePoints_37,"Penywern Road, Earl's Court",51.491593,-0.192369,0,0,0,17,15,2
2026-08-17 05:15:00+00:00,BikePoints_38,"Abingdon Villas, Kensington",51.497387,-0.197245,6,1,5,17,10,1
2026-08-17 05:15:00+00:00,BikePoints_39,"Shoreditch High Street, Shoreditch",51.526377,-0.07813,23,7,16,41,17,1
2026-08-17 05:15:00+00:00,BikePoints_40,"Commercial Street, Shoreditch",51.52127,-0.075578,1,1,0,16,14,1
2026-08-17 05:15:00+00:00,BikePoints_41,"Pindar Street, Liverpool Street",51.520955,-0.083493,2,1,1,24,21,1
2026-08-17 05:15:00+00:00,BikePoints_42,"Wenlock Road , Hoxton",51.530991,-0.093903,8,0,8,28,19,1
2026-08-17 05:15:00+00:00,BikePoints_43,"Crawford Street, Marylebone",51.52026,-0.157183,1,0,1,18,17,0
2026-08-17 05:15:00+00:00,BikePoints_44,"Bruton Street, Mayfair",51.510736,-0.144165,2,0,2,21,18,1
2026-08-17 05:15:00+00:00,BikePoints_45,"Boston Place, Marylebone",51.522511,-0.162298,1,1,0,26,24,1
2026-08-17 05:15:00+00:00,BikePoints_46,"Nesham Street, Wapping",51.507131,-0.06691,6,0,6,16,9,1
2026-08-17 05:15:00+00:00,BikePoints_47,"Warwick Avenue Station, Maida Vale",51.523344,-0.183846,13,1,12,19,2,4
2026-08-17 05:15:00+00:00,BikePoints_48,"Godliman Street, St. Paul's",51.512484,-0.099141,9,2,7,25,15,1
2026-08-17 05:15:00+00:00,BikePoints_49,"Curzon Street, Mayfair",51.507069,-0.145904,0,0,0,16,16,0
2026-08-17 05:15:00+00:00,BikePoints_50,"East Road, Hoxton",51.528673,-0.087459,10,1,9,27,16,1
2026-08-17 05:15:00+00:00,BikePoints_51,"Finsbury Library , Finsbury",51.526717,-0.104298,6,2,4,29,23,0
2026-08-17 05:15:00+00:00,BikePoints_52,"Roscoe Street, St. Luke's",51.522954,-0.094934,3,1,2,18,15,0
2026-08-17 05:15:00+00:00,BikePoints_53,"Grafton Street, Mayfair",51.509992,-0.143495,0,0,0,18,18,0
2026-08-17 05:15:00+00:00,BikePoints_54,"Golden Lane, Barbican",51.521747,-0.094475,1,0,1,27,22,4
2026-08-17 05:15:00+00:00,BikePoints_55,"Finsbury Circus, Liverpool Street",51.517075,-0.086685,0,0,0,33,32,1
2026-08-17 05:15:00+00:00,BikePoints_56,"Paddington Street, Marylebone",51.520583,-0.154701,9,1,8,16,5,2
2026-08-17 05:15:00+00:00,BikePoints_57,"Guilford Street , Bloomsbury",51.523346,-0.120202,9,2,7,32,23,0
2026-08-17 05:15:00+00:00,BikePoints_58,"New Inn Yard, Shoreditch",51.524526,-0.079248,2,1,1,20,14,4
2026-08-17 05:15:00+00:00,BikePoints_60,"Lisson Grove, St. John's Wood",51.526448,-0.17219,10,0,10,18,6,2
2026-08-17 05:15:00+00:00,BikePoints_61,"Great Dover Street, The Borough",51.497382,-0.089446,22,1,21,33,9,2
2026-08-17 05:15:00+00:00,BikePoints_62,"Cotton Garden Estate, Kennington",51.490757,-0.106323,18,4,14,24,6,0
2026-08-17 05:15:00+00:00,BikePoints_63,"Murray Grove , Hoxton",51.53089,-0.089782,18,2,16,27,7,2
2026-08-17 05:15:00+00:00,BikePoints_64,"William IV Street, Strand",51.509462,-0.124749,7,0,7,26,18,1
2026-08-17 05:15:00+00:00,BikePoints_65,"Gower Place , Euston",51.525227,-0.135188,1,0,1,17,16,0
2026-08-17 05:15:00+00:00,BikePoints_66,"Holborn Circus, Holborn",51.51795,-0.108657,1,0,1,40,37,2
2026-08-17 05:15:00+00:00,BikePoints_67,"Hatton Garden, Holborn",51.518825,-0.108028,0,0,0,28,27,1
2026-08-17 05:15:00+00:00,BikePoints_68,"Theobald's Road , Holborn",51.520596,-0.116688,2,0,2,26,23,1
2026-08-17 05:15:00+00:00,BikePoints_69,"Euston Road, Euston",51.526236,-0.134407,0,0,0,24,22,2
2026-08-17 05:15:00+00:00,BikePoints_70,"Calshot Street , King's Cross",51.53136,-0.117069,14,3,11,24,7,3
2026-08-17 05:15:00+00:00,BikePoints_71,"Newgate Street , St. Paul's",51.515768,-0.099894,2,1,1,35,30,3
2026-08-17 05:15:00+00:00,BikePoints_72,"Farringdon Lane, Clerkenwell",51.52352,-0.10834,2,0,2,16,13,1
2026-08-17 05:15:00+00:00,BikePoints_73,"Old Street Station, St. Luke's",51.525615,-0.088532,4,1,3,34,25,5
2026-08-17 05:15:00+00:00,BikePoints_74,"Vauxhall Cross, Vauxhall",51.485917,-0.124469,13,1,12,17,2,2
2026-08-17 05:15:00+00:00,BikePoints_75,"Torrens Street, Angel",51.532199,-0.10548,0,0,0,19,15,4
2026-08-17 05:15:00+00:00,BikePoints_76,"Longford Street, The Regent's Park",51.525595,-0.144083,0,0,0,21,19,2
2026-08-17 05:15:00+00:00,BikePoints_77,"Russell Square Station, Bloomsbury",51.523418,-0.124121,8,0,8,26,16,2
2026-08-17 05:15:00+00:00,BikePoints_78,"Sadlers Sports Centre, Finsbury",51.524868,-0.099489,3,0,3,17,12,2
2026-08-17 05:15:00+00:00,BikePoints_79,"Arundel Street, Temple",51.511726,-0.113855,0,0,0,18,18,0
2026-08-17 05:15:00+00:00,BikePoints_80,"Webber Street , Southwark",51.500693,-0.102091,5,0,5,45,35,5
2026-08-17 05:15:00+00:00,BikePoints_81,"Great Titchfield Street, Fitzrovia",51.520253,-0.141327,3,2,1,19,16,0
2026-08-17 05:15:00+00:00,BikePoints_83,"Panton Street, West End",51.509639,-0.13151,1,1,0,21,17,3
2026-08-17 05:15:00+00:00,BikePoints_84,"Breams Buildings, Holborn",51.515937,-0.111778,0,0,0,25,24,1
2026-08-17 05:15:00+00:00,BikePoints_85,"Tanner Street, Bermondsey",51.500647,-0.0786,32,1,31,41,7,2
2026-08-17 05:15:00+00:00,BikePoints_86,"Sancroft Street, Vauxhall",51.489479,-0.115156,22,1,21,24,1,1
2026-08-17 05:15:00+00:00,BikePoints_87,"Devonshire Square, Liverpool Street",51.516468,-0.079684,0,0,0,16,16,0
2026-08-17 05:15:00+00:00,BikePoints_88,"Percy Street, Bloomsbury",51.51863,-0.132676,0,0,0,29,29,0
2026-08-17 05:15:00+00:00,BikePoints_89,"Tavistock Place, Bloomsbury",51.52625,-0.123509,2,2,0,19,14,3
2026-08-17 05:15:00+00:00,BikePoints_90,"Harrington Square 1, Camden Town",51.533019,-0.139174,5,3,2,27,20,2
2026-08-17 05:15:00+00:00,BikePoints_91,"Walnut Tree Walk, Vauxhall",51.493686,-0.111014,13,3,10,20,6,1
2026-08-17 05:15:00+00:00,BikePoints_92,"Borough Road, Elephant & Castle",51.498898,-0.10044,21,0,21,41,18,2
2026-08-17 05:15:00+00:00,BikePoints_93,"Cloudesley Road, Angel",51.534408,-0.109025,10,6,4,37,25,2
2026-08-17 05:15:00+00:00,BikePoints_94,"Bricklayers Arms, Borough",51.495061,-0.085814,25,3,22,28,3,0
2026-08-17 05:15:00+00:00,BikePoints_95,"Aldersgate Street, Barbican",51.520841,-0.09734,5,2,3,15,9,1
2026-08-17 05:15:00+00:00,BikePoints_96,"Falkirk Street, Hoxton",51.53095,-0.078505,8,4,4,26,16,2
2026-08-17 05:15:00+00:00,BikePoints_97,"Gloucester Road (North), Kensington",51.497924,-0.183834,0,0,0,18,18,0
2026-08-17 05:15:00+00:00,BikePoints_98,"Hampstead Road, Euston",51.525542,-0.138231,10,1,9,54,42,2
2026-08-17 05:15:00+00:00,BikePoints_101,"Queen Street 1, Bank",51.511553,-0.09294,0,0,0,22,21,1
2026-08-17 05:15:00+00:00,BikePoints_102,"Jewry Street, Aldgate",51.513406,-0.076793,3,0,3,17,12,2
2026-08-17 05:15:00+00:00,BikePoints_103,"Vicarage Gate, Kensington",51.504723,-0.192538,1,1,0,18,17,0
2026-08-17 05:15:00+00:00,BikePoints_104,"Crosswall, Tower",51.511594,-0.077121,4,0,4,34,28,2
2026-08-17 05:15:00+00:00,BikePoints_105,"Westbourne Grove, Bayswater",51.515529,-0.19024,4,0,4,26,22,0
2026-08-17 05:15:00+00:00,BikePoints_106,"Woodstock Street, Mayfair",51.514105,-0.147301,2,2,0,21,18,1
2026-08-17 05:15:00+00:00,BikePoints_107,"Finsbury Leisure Centre, St. Luke's",51.526008,-0.096317,2,0,2,20,14,4
2026-08-17 05:15:00+00:00,BikePoints_109,"Soho Square , Soho",51.515631,-0.132328,1,0,1,57,55,1
2026-08-17 05:15:00+00:00,BikePoints_110,"Wellington Road, St. John's Wood",51.533043,-0.172528,8,2,6,17,8,1
2026-08-17 05:15:00+00:00,BikePoints_111,"Park Lane , Hyde Park",51.510017,-0.157275,5,2,3,28,19,4
2026-08-17 05:15:00+00:00,BikePoints_112,"Stonecutter Street, Holborn",51.515809,-0.10527,2,1,1,21,19,0
2026-08-17 05:15:00+00:00,BikePoints_113,"Gloucester Road (Central), South Kensington",51.496462,-0.183289,0,0,0,19,18,1
2026-08-17 05:15:00+00:00,BikePoints_114,"Park Road (Baker Street), The Regent's Park",51.524517,-0.158963,11,2,9,22,5,6
2026-08-17 05:15:00+00:00,BikePoints_115,"Braham Street, Aldgate",51.514233,-0.073537,12,5,7,34,22,0
2026-08-17 05:15:00+00:00,BikePoints_116,"Little Argyll Street, West End",51.514499,-0.141423,1,0,1,21,14,6
2026-08-17 05:15:00+00:00,BikePoints_117,"Lollard Street, Vauxhall",51.49288,-0.114934,24,1,23,25,0,1
2026-08-17 05:15:00+00:00,BikePoints_118,"Rochester Row, Westminster",51.495827,-0.135478,12,2,10,13,0,1
2026-08-17 05:15:00+00:00,BikePoints_119,"Bath Street, St. Luke's",51.525893,-0.090847,6,2,4,18,10,2
2026-08-17 05:15:00+00:00,BikePoints_120,"The Guildhall, Guildhall",51.515735,-0.09308,1,0,1,17,15,1
2026-08-17 05:15:00+00:00,BikePoints_121,"Baker Street, Marylebone",51.518913,-0.156166,7,3,4,22,15,0
2026-08-17 05:15:00+00:00,BikePoints_123,"St. John Street, Finsbury",51.52836,-0.104724,8,2,6,18,10,0
2026-08-17 05:15:00+00:00,BikePoints_124,"Eaton Square, Belgravia",51.496544,-0.150905,9,2,7,18,9,0
2026-08-17 05:15:00+00:00,BikePoints_125,"Borough High Street, The Borough",51.500694,-0.094524,2,0,2,21,18,1
2026-08-17 05:15:00+00:00,BikePoints_126,"Museum of London, Barbican",51.517821,-0.096496,4,0,4,52,47,1
2026-08-17 05:15:00+00:00,BikePoints_127,"Wood Street, Guildhall",51.517008,-0.093885,1,0,1,17,15,1
2026-08-17 05:15:00+00:00,BikePoints_128,"Emperor's Gate, South Kensington",51.495362,-0.185296,7,1,6,22,11,4
2026-08-17 05:15:00+00:00,BikePoints_129,"Golden Square, Soho",51.511897,-0.137043,2,1,1,18,15,1
2026-08-17 05:15:00+00:00,BikePoints_130,"Tower Gardens , Tower",51.509506,-0.075459,6,5,1,24,16,2
2026-08-17 05:15:00+00:00,BikePoints_131,"Eversholt Street , Camden Town",51.533005,-0.136792,0,0,0,16,15,1
2026-08-17 05:15:00+00:00,BikePoints_132,"Bethnal Green Road, Shoreditch",51.523648,-0.074754,12,1,11,38,26,0
2026-08-17 05:15:00+00:00,BikePoints_133,"Derry Street, Kensington",51.501364,-0.191462,5,1,4,18,10,3
2026-08-17 05:15:00+00:00,BikePoints_134,"Wapping High Street, Wapping",51.504904,-0.06797,6,2,4,20,12,2
2026-08-17 05:15:00+00:00,BikePoints_135,"Clerkenwell Green, Clerkenwell",51.52326,-0.104708,13,4,9,21,4,4
2026-08-17 05:15:00+00:00,BikePoints_136,"Queen Victoria Street, St. Paul's",51.511961,-0.097441,0,0,0,32,31,1
2026-08-17 05:15:00+00:00,BikePoints_138,"Green Street, Mayfair",51.512276,-0.157436,0,0,0,19,18,1
2026-08-17 05:15:00+00:00,BikePoints_139,"Lambeth Road, Vauxhall",51.494881,-0.117974,12,1,11,18,6,0
2026-08-17 05:15:00+00:00,BikePoints_140,"Finsbury Square , Moorgate",51.520962,-0.085634,7,0,7,33,25,1
2026-08-17 05:15:00+00:00,BikePoints_141,"Chapel Place, Marylebone",51.515308,-0.147203,0,0,0,29,29,0
2026-08-17 05:15:00+00:00,BikePoints_142,"West Cromwell Road, Earl's Court",51.493724,-0.198286,9,0,9,24,14,1
2026-08-17 05:15:00+00:00,BikePoints_143,"Pont Street, Knightsbridge",51.496886,-0.161203,12,0,12,24,10,2
2026-08-17 05:15:00+00:00,BikePoints_144,"Kennington Cross, Kennington",51.48894,-0.111435,39,5,34,47,3,5
2026-08-17 05:15:00+00:00,BikePoints_145,"Ilchester Place, Kensington",51.500743,-0.202759,0,0,0,24,24,0
2026-08-17 05:15:00+00:00,BikePoints_146,"Vauxhall Bridge , Pimlico",51.488365,-0.129361,2,0,2,35,32,1
2026-08-17 05:15:00+00:00,BikePoints_147,"Portugal Street, Holborn",51.514943,-0.116146,0,0,0,16,16,0
2026-08-17 05:15:00+00:00,BikePoints_148,"Tachbrook Street, Victoria",51.492111,-0.138364,12,2,10,16,1,3
2026-08-17 05:15:00+00:00,BikePoints_149,"Kennington Road Post Office, Oval",51.484788,-0.110683,9,0,9,18,8,1
2026-08-17 05:15:00+00:00,BikePoints_150,"Holy Trinity Brompton, Knightsbridge",51.497056,-0.168917,10,0,10,28,17,1
2026-08-17 05:15:00+00:00,BikePoints_151,"Chepstow Villas, Notting Hill",51.512136,-0.201554,20,0,20,26,6,0
2026-08-17 05:15:00+00:00,BikePoints_152,"Hampton Street, Walworth",51.49217,-0.101536,19,7,12,21,1,1
2026-08-17 05:15:00+00:00,BikePoints_153,"Bayswater Road, Hyde Park",51.511933,-0.174411,7,3,4,27,16,4
2026-08-17 05:15:00+00:00,BikePoints_154,"Waterloo Station 3, Waterloo",51.503791,-0.112824,3,0,3,35,30,2
2026-08-17 05:15:00+00:00,BikePoints_155,"Lexham Gardens, Kensington",51.495866,-0.191933,6,0,6,19,12,1
2026-08-17 05:15:00+00:00,BikePoints_156,"New Kent Road, The Borough",51.494436,-0.092921,26,0,26,33,5,2
2026-08-17 05:15:00+00:00,BikePoints_157,"Wright's Lane, Kensington",51.500397,-0.193068,13,2,11,37,20,4
2026-08-17 05:15:00+00:00,BikePoints_158,"Trebovir Road, Earl's Court",51.490853,-0.19617,9,1,8,18,7,2
2026-08-17 05:15:00+00:00,BikePoints_160,"Waterloo Place, St. James's",51.506633,-0.131773,1,1,0,20,18,1
2026-08-17 05:15:00+00:00,BikePoints_162,"Southampton Place, Holborn",51.517606,-0.121328,2,2,0,20,18,0
2026-08-17 05:15:00+00:00,BikePoints_163,"Sloane Avenue, Knightsbridge",51.493184,-0.167894,4,1,3,27,22,1
2026-08-17 05:15:00+00:00,BikePoints_164,"Cleveland Gardens, Bayswater",51.515607,-0.183118,14,0,14,16,1,1
2026-08-17 05:15:00+00:00,BikePoints_165,"Orsett Terrace, Bayswater",51.517932,-0.183716,6,0,6,15,8,1
2026-08-17 05:15:00+00:00,BikePoints_166,"Seville Street, Knightsbridge",51.501855,-0.159237,1,1,0,27,25,1
2026-08-17 05:15:00+00:00,BikePoints_167,"Eccleston Place, Victoria",51.49395,-0.147624,14,0,14,19,4,1
2026-08-17 05:15:00+00:00,BikePoints_168,"Argyll Road, Kensington",51.500401,-0.195455,17,0,17,19,2,0
2026-08-17 05:15:00+00:00,BikePoints_169,"Porchester Place, Paddington",51.514746,-0.165164,15,1,14,18,2,1
2026-08-17 05:15:00+00:00,BikePoints_170,"Hardwick Street, Clerkenwell",51.527842,-0.108068,3,2,1,30,25,2
2026-08-17 05:15:00+00:00,BikePoints_171,"Collingham Gardens, Earl's Court",51.491615,-0.186753,6,1,5,14,6,2
2026-08-17 05:15:00+00:00,BikePoints_172,"Sumner Place, South Kensington",51.491211,-0.173715,2,0,2,19,15,2
2026-08-17 05:15:00+00:00,BikePoints_173,"Waterloo Road, South Bank",51.50486,-0.113001,3,0,3,15,9,3
2026-08-17 05:15:00+00:00,BikePoints_175,"Worship Street, Shoreditch",51.521668,-0.079608,1,0,1,51,48,2
2026-08-17 05:15:00+00:00,BikePoints_176,"Gloucester Terrace, Bayswater",51.517919,-0.188098,5,0,5,23,17,1
2026-08-17 05:15:00+00:00,BikePoints_177,"Ashley Place, Victoria",51.49616,-0.140947,8,1,7,25,17,0
2026-08-17 05:15:00+00:00,BikePoints_178,"Warwick Square, Pimlico",51.489856,-0.141923,14,1,13,19,4,1
2026-08-17 05:15:00+00:00,BikePoints_180,"North Audley Street, Mayfair",51.512911,-0.153645,4,0,4,17,11,2
2026-08-17 05:15:00+00:00,BikePoints_181,"Belgrave Square, Belgravia",51.499412,-0.152317,2,0,2,21,18,1
2026-08-17 05:15:00+00:00,BikePoints_182,"Bell Street , Marylebone",51.522029,-0.165842,7,6,1,18,10,1
2026-08-17 05:15:00+00:00,BikePoints_183,"Riverlight North, Nine Elms",51.482362,-0.136123,19,4,15,24,2,3
2026-08-17 05:15:00+00:00,BikePoints_184,"Portland Place, Marylebone",51.520715,-0.145211,2,2,0,34,32,0
2026-08-17 05:15:00+00:00,BikePoints_185,"Alderney Street, Pimlico",51.488057,-0.140741,13,1,12,14,1,0
2026-08-17 05:15:00+00:00,BikePoints_186,"South Wharf Road, Paddington",51.517335,-0.17581,2,1,1,16,10,4
2026-08-17 05:15:00+00:00,BikePoints_187,"Queen's Gate (South), South Kensington",51.492479,-0.178433,16,1,15,25,8,1
2026-08-17 05:15:00+00:00,BikePoints_188,"Nutford Place, Marylebone",51.516517,-0.164393,6,2,4,18,11,1
2026-08-17 05:15:00+00:00,BikePoints_189,"Claremont Square, Angel",51.531666,-0.109914,4,2,2,18,11,3
2026-08-17 05:15:00+00:00,BikePoints_190,"Rampayne Street, Pimlico",51.489975,-0.132845,11,1,10,21,9,1
2026-08-17 05:15:00+00:00,BikePoints_191,"Hyde Park Corner, Hyde Park",51.503117,-0.15352,2,0,2,36,26,8
2026-08-17 05:15:00+00:00,BikePoints_192,"Wardour Street, Soho",51.512515,-0.133201,0,0,0,16,10,6
2026-08-17 05:15:00+00:00,BikePoints_193,"Bankside Mix, Bankside",51.505817,-0.100186,8,1,7,60,51,1
2026-08-17 05:15:00+00:00,BikePoints_194,"Hop Exchange, The Borough",51.504627,-0.091773,5,3,2,55,44,6
2026-08-17 05:15:00+00:00,BikePoints_195,"Milroy Walk, South Bank",51.507244,-0.106237,0,0,0,30,30,0
2026-08-17 05:15:00+00:00,BikePoints_196,"Union Street, The Borough",51.503688,-0.098497,3,0,3,17,12,2
2026-08-17 05:15:00+00:00,BikePoints_197,"Stamford Street, South Bank",51.505569,-0.111606,0,0,0,27,26,1
2026-08-17 05:15:00+00:00,BikePoints_199,"Great Tower Street, Monument",51.510484,-0.082989,2,0,2,24,19,3
2026-08-17 05:15:00+00:00,BikePoints_200,"LMU Commercial Road, Whitechapel",51.514924,-0.066078,7,3,4,14,7,0
2026-08-17 05:15:00+00:00,BikePoints_201,"Dorset Square, Marylebone",51.522596,-0.161113,1,0,1,16,14,1
2026-08-17 05:15:00+00:00,BikePoints_202,"Leman Street, Aldgate",51.512363,-0.069542,12,4,8,37,24,1
2026-08-17 05:15:00+00:00,BikePoints_203,"West Smithfield Rotunda, Farringdon",51.518218,-0.100791,1,1,0,15,12,2
2026-08-17 05:15:00+00:00,BikePoints_204,"Margery Street, Clerkenwell",51.526599,-0.112432,9,1,8,19,10,0
2026-08-17 05:15:00+00:00,BikePoints_206,"New Road 1 , Whitechapel",51.518154,-0.062697,19,2,17,36,13,4
2026-08-17 05:15:00+00:00,BikePoints_207,"Grosvenor Crescent, Belgravia",51.501352,-0.153194,1,0,1,18,17,0
2026-08-17 05:15:00+00:00,BikePoints_208,"Mallory Street, Marylebone",51.525051,-0.166304,4,0,4,20,15,1
2026-08-17 05:15:00+00:00,BikePoints_209,"Denyer Street, Knightsbridge",51.493583,-0.165101,3,0,3,30,26,1
2026-08-17 05:15:00+00:00,BikePoints_210,"Hinde Street, Marylebone",51.516814,-0.151926,5,2,3,21,15,1
2026-08-17 05:15:00+00:00,BikePoints_211,"Cadogan Place, Knightsbridge",51.494645,-0.158105,7,0,7,34,26,1
2026-08-17 05:15:00+00:00,BikePoints_212,"Campden Hill Road, Notting Hill",51.506584,-0.199004,10,2,8,17,6,1
2026-08-17 05:15:00+00:00,BikePoints_213,"Wellington Arch, Hyde Park",51.50274,-0.149569,4,0,4,36,29,3
2026-08-17 05:15:00+00:00,BikePoints_214,"Endsleigh Gardens, Euston",51.526838,-0.130504,16,0,16,32,13,3
2026-08-17 05:15:00+00:00,BikePoints_215,"Moorfields, Moorgate",51.519069,-0.088285,2,1,1,54,49,3
2026-08-17 05:15:00+00:00,BikePoints_216,"Old Brompton Road, South Kensington",51.490945,-0.18119,13,0,13,30,15,2
2026-08-17 05:15:00+00:00,BikePoints_217,"Wormwood Street, Liverpool Street",51.516154,-0.082422,6,0,6,16,10,0
2026-08-17 05:15:00+00:00,BikePoints_218,"St. Luke's Church, Chelsea",51.489716,-0.170194,2,0,2,20,18,0
2026-08-17 05:15:00+00:00,BikePoints_219,"Bramham Gardens, Earl's Court",51.490163,-0.190393,18,2,16,29,10,1
2026-08-17 05:15:00+00:00,BikePoints_220,"Chelsea Green, Chelsea",51.490664,-0.166485,3,1,2,15,12,0
2026-08-17 05:15:00+00:00,BikePoints_221,"Horseferry Road, Westminster",51.494816,-0.130458,4,2,2,16,12,0
2026-08-17 05:15:00+00:00,BikePoints_222,"Knightsbridge, Hyde Park",51.502757,-0.155349,25,0,25,43,16,2
2026-08-17 05:15:00+00:00,BikePoints_223,"Rodney Road , Walworth",51.491484,-0.09022,20,0,20,24,2,2
2026-08-17 05:15:00+00:00,BikePoints_224,"Queensway, Kensington Gardens",51.51031,-0.187402,15,2,13,17,1,1
2026-08-17 05:15:00+00:00,BikePoints_225,"Notting Hill Gate Station, Notting Hill",51.509353,-0.196422,11,2,9,30,15,4
2026-08-17 05:15:00+00:00,BikePoints_226,"Charles II Street, West End",51.508446,-0.131961,0,0,0,24,23,1
2026-08-17 05:15:00+00:00,BikePoints_227,"Great Percy Street, Clerkenwell",51.528915,-0.11548,13,2,11,23,10,0
2026-08-17 05:15:00+00:00,BikePoints_228,"St. James's Square, St. James's",51.507424,-0.134621,4,0,4,40,33,3
2026-08-17 05:15:00+00:00,BikePoints_229,"Whitehall Place, Strand",51.506543,-0.123179,0,0,0,46,46,0
2026-08-17 05:15:00+00:00,BikePoints_230,"Poured Lines, Bankside",51.506692,-0.103137,3,3,0,31,27,1
2026-08-17 05:15:00+00:00,BikePoints_231,"Queen's Gate (Central), South Kensington",51.493967,-0.178732,4,0,4,31,27,0
2026-08-17 05:15:00+00:00,BikePoints_232,"Carey Street, Holborn",51.51501,-0.112753,0,0,0,16,16,0
2026-08-17 05:15:00+00:00,BikePoints_233,"Pall Mall East, West End",51.50777,-0.130699,1,0,1,22,16,5
2026-08-17 05:15:00+00:00,BikePoints_234,"Liverpool Road (N1 Centre), Angel",51.534504,-0.106992,1,1,0,24,19,4
2026-08-17 05:15:00+00:00,BikePoints_235,"Kennington Road, Vauxhall",51.495718,-0.110889,7,1,6,36,29,0
2026-08-17 05:15:00+00:00,BikePoints_236,"Fashion Street, Whitechapel",51.51838,-0.073438,0,0,0,30,30,0
2026-08-17 05:15:00+00:00,BikePoints_237,"Dock Street, Wapping",51.509786,-0.068161,9,2,7,30,19,2
2026-08-17 05:15:00+00:00,BikePoints_238,"Frampton Street, Paddington",51.523353,-0.175116,21,1,20,32,11,0
2026-08-17 05:15:00+00:00,BikePoints_239,"Warren Street Station, Euston",51.524438,-0.138019,2,0,2,26,22,2
2026-08-17 05:15:00+00:00,BikePoints_240,"Colombo Street, Southwark",51.505459,-0.105692,0,0,0,14,12,2
2026-08-17 05:15:00+00:00,BikePoints_242,"Beaumont Street, Marylebone",51.522008,-0.151359,1,0,1,23,22,0
2026-08-17 05:15:00+00:00,BikePoints_243,"Gloucester Street, Pimlico",51.490962,-0.139625,24,2,22,25,0,1
2026-08-17 05:15:00+00:00,BikePoints_244,"Bucknall Street, Covent Garden",51.51615,-0.128417,7,5,2,18,6,5
2026-08-17 05:15:00+00:00,BikePoints_245,"Grosvenor Road, Pimlico",51.485357,-0.142207,18,2,16,29,10,1
2026-08-17 05:15:00+00:00,BikePoints_246,"Berry Street, Clerkenwell",51.522853,-0.099994,4,2,2,41,36,1
2026-08-17 05:15:00+00:00,BikePoints_247,"St. John's Wood Church, The Regent's Park",51.530529,-0.167515,20,0,20,50,27,3
2026-08-17 05:15:00+00:00,BikePoints_248,"Triangle Car Park, Hyde Park",51.506451,-0.170279,12,2,10,27,13,2
2026-08-17 05:15:00+00:00,BikePoints_249,"Harper Road, The Borough",51.498597,-0.096191,1,0,1,42,39,2
2026-08-17 05:15:00+00:00,BikePoints_250,"Royal Avenue 1, Chelsea",51.489932,-0.162727,2,0,2,10,6,2
2026-08-17 05:15:00+00:00,BikePoints_251,"Brushfield Street, Liverpool Street",51.518908,-0.079249,8,2,6,34,25,1
2026-08-17 05:15:00+00:00,BikePoints_253,"Shoreditch Park, Hoxton",51.534042,-0.086379,6,0,6,30,20,4
2026-08-17 05:15:00+00:00,BikePoints_254,"Chadwell Street, Angel",51.530515,-0.106408,3,1,2,18,14,1
2026-08-17 05:15:00+00:00,BikePoints_255,"Clifton Road, Maida Vale",51.525575,-0.179592,12,1,11,22,7,3
2026-08-17 05:15:00+00:00,BikePoints_256,"Houghton Street, Strand",51.51362,-0.116764,0,0,0,15,14,1
2026-08-17 05:15:00+00:00,BikePoints_257,"Westminster University, Marylebone",51.522481,-0.154907,4,0,4,16,10,2
2026-08-17 05:15:00+00:00,BikePoints_258,"Kensington Gore, Knightsbridge",51.501432,-0.178656,0,0,0,23,23,0
2026-08-17 05:15:00+00:00,BikePoints_259,"Bourne Street, Belgravia",51.490959,-0.153233,5,1,4,16,11,0
2026-08-17 05:15:00+00:00,BikePoints_260,"Broadwick Street, Soho",51.513684,-0.13558,0,0,0,18,15,3
2026-08-17 05:15:00+00:00,BikePoints_261,"Princes Square, Bayswater",51.513489,-0.191351,6,2,4,16,8,2
2026-08-17 05:15:00+00:00,BikePoints_262,"LSBU (Borough Road), Elephant & Castle",51.498744,-0.103132,8,2,6,35,27,0
2026-08-17 05:15:00+00:00,BikePoints_263,"St. Mary Axe, Aldgate",51.514225,-0.08066,1,0,1,21,16,4
2026-08-17 05:15:00+00:00,BikePoints_264,"Tysoe Street, Clerkenwell",51.526443,-0.109256,2,2,0,20,17,1
2026-08-17 05:15:00+00:00,BikePoints_265,"Southwick Street, Paddington",51.515953,-0.169249,6,3,3,17,11,0
2026-08-17 05:15:00+00:00,BikePoints_266,"Queen's Gate (North), Kensington",51.501026,-0.180246,0,0,0,41,39,2
2026-08-17 05:15:00+00:00,BikePoints_268,"Belgrave Road, Victoria",51.493204,-0.144132,24,0,24,29,3,2
2026-08-17 05:15:00+00:00,BikePoints_269,"Empire Square, The Borough",51.500823,-0.08974,45,2,43,46,0,1
2026-08-17 05:15:00+00:00,BikePoints_271,"London Zoo,  The Regent's Park",51.535836,-0.156285,11,1,10,32,21,0
2026-08-17 05:15:00+00:00,BikePoints_272,"Baylis Road, Waterloo",51.501444,-0.110699,0,0,0,22,20,2
2026-08-17 05:15:00+00:00,BikePoints_273,"Belvedere Road 1, South Bank",51.506133,-0.114686,12,0,12,38,22,4
2026-08-17 05:15:00+00:00,BikePoints_274,"Warwick Road, Olympia",51.496712,-0.205284,12,4,8,36,24,0
2026-08-17 05:15:00+00:00,BikePoints_275,"Barbican Centre, Barbican",51.520044,-0.092176,0,0,0,19,18,1
2026-08-17 05:15:00+00:00,BikePoints_276,"Lower Thames Street, Monument",51.509301,-0.084985,0,0,0,24,23,1
2026-08-17 05:15:00+00:00,BikePoints_277,"Kensington Church Street, Kensington",51.503157,-0.191496,10,1,9,17,5,2
2026-08-17 05:15:00+00:00,BikePoints_278,"Tooley Street, Bermondsey",51.503493,-0.07962,19,7,12,27,4,4
2026-08-17 05:15:00+00:00,BikePoints_279,"North Wharf Road, Paddington",51.518623,-0.176603,6,3,3,23,16,1
2026-08-17 05:15:00+00:00,BikePoints_280,"Royal Avenue 2, Chelsea",51.490083,-0.162418,10,0,10,10,0,0
2026-08-17 05:15:00+00:00,BikePoints_281,"Smith Square, Westminster",51.495805,-0.127575,12,3,9,18,6,0
2026-08-17 05:15:00+00:00,BikePoints_282,"Royal London Hospital, Whitechapel",51.518675,-0.06111,30,4,26,42,6,6
2026-08-17 05:15:00+00:00,BikePoints_283,"Kingsway, Covent Garden",51.514409,-0.118478,0,0,0,16,16,0
2026-08-17 05:15:00+00:00,BikePoints_284,"Lambeth North Station, Waterloo",51.49914,-0.112031,7,0,7,20,12,1
2026-08-17 05:15:00+00:00,BikePoints_286,"St. John's Wood Road, St. John's Wood",51.527294,-0.174653,21,4,17,35,12,2
2026-08-17 05:15:00+00:00,BikePoints_287,"Bedford Way, Bloomsbury",51.523673,-0.128377,4,1,3,23,18,1
2026-08-17 05:15:00+00:00,BikePoints_288,"Elizabeth Bridge, Victoria",51.492369,-0.147478,34,0,34,34,0,0
2026-08-17 05:15:00+00:00,BikePoints_289,"South Audley Street, Mayfair",51.50923,-0.151289,1,0,1,15,14,0
2026-08-17 05:15:00+00:00,BikePoints_290,"St Mary's Hospital, Paddington",51.518268,-0.171103,8,2,6,20,9,3
2026-08-17 05:15:00+00:00,BikePoints_291,"Claverton Street, Pimlico",51.484839,-0.138089,31,1,30,32,0,1
2026-08-17 05:15:00+00:00,BikePoints_292,"Montpelier Street, Knightsbridge",51.498884,-0.165471,7,0,7,16,9,0
2026-08-17 05:15:00+00:00,BikePoints_293,"Kensington Olympia Station, Olympia",51.498157,-0.209494,11,0,11,25,14,0
2026-08-17 05:15:00+00:00,BikePoints_294,"St. George's Square, Pimlico",51.488226,-0.135635,14,1,13,16,1,1
2026-08-17 05:15:00+00:00,BikePoints_295,"Swan Street, The Borough",51.500296,-0.092762,4,0,4,27,22,1
2026-08-17 05:15:00+00:00,BikePoints_296,"Knaresborough Place, Earl's Court",51.493631,-0.190603,6,1,5,18,10,2
2026-08-17 05:15:00+00:00,BikePoints_297,"Geraldine Street, Elephant & Castle",51.496127,-0.106,13,2,11,17,3,1
2026-08-17 05:15:00+00:00,BikePoints_298,"Curlew Street, Shad Thames",51.502279,-0.074189,12,2,10,21,5,4
2026-08-17 05:15:00+00:00,BikePoints_299,"Vincent Square, Westminster",51.493985,-0.136928,16,0,16,19,3,0
2026-08-17 05:15:00+00:00,BikePoints_300,"Serpentine Car Park, Hyde Park",51.505014,-0.17306,4,0,4,18,11,3
2026-08-17 05:15:00+00:00,BikePoints_301,"Marylebone Lane, Marylebone",51.514759,-0.148105,3,2,1,24,17,4
2026-08-17 05:15:00+00:00,BikePoints_302,"Putney Pier, Wandsworth",51.466907,-0.216573,17,1,16,28,6,5
2026-08-17 05:15:00+00:00,BikePoints_303,"Albert Gate, Hyde Park",51.502953,-0.158456,2,1,1,34,27,5
2026-08-17 05:15:00+00:00,BikePoints_306,"Rathbone Street, Fitzrovia",51.518162,-0.135025,0,0,0,16,14,2
2026-08-17 05:15:00+00:00,BikePoints_307,"Black Lion Gate, Kensington Gardens",51.509908,-0.187842,18,9,9,24,1,5
2026-08-17 05:15:00+00:00,BikePoints_308,"Long Lane , Bermondsey",51.499075,-0.085666,17,2,15,20,3,0
2026-08-17 05:15:00+00:00,BikePoints_309,"Embankment (Savoy), Strand",51.509631,-0.119047,0,0,0,41,40,1
2026-08-17 05:15:00+00:00,BikePoints_310,"Black Prince Road, Vauxhall",51.490867,-0.116911,14,2,12,19,3,2
2026-08-17 05:15:00+00:00,BikePoints_311,"Foley Street, Fitzrovia",51.519181,-0.140485,3,1,2,24,21,0
2026-08-17 05:15:00+00:00,BikePoints_312,"Grove End Road, St. John's Wood",51.530889,-0.17677,17,4,13,20,0,3
2026-08-17 05:15:00+00:00,BikePoints_313,"Wells Street, Fitzrovia",51.517344,-0.138072,2,0,2,38,33,3
2026-08-17 05:15:00+00:00,BikePoints_314,"Tyers Gate, Bermondsey",51.500889,-0.083159,33,1,32,36,1,2
2026-08-17 05:15:00+00:00,BikePoints_315,"The Tennis Courts, The Regent's Park",51.525367,-0.153463,5,5,0,16,8,3
2026-08-17 05:15:00+00:00,BikePoints_316,"Warwick Row, Westminster",51.497998,-0.14296,1,1,0,21,17,3
2026-08-17 05:15:00+00:00,BikePoints_317,"Dickens Square, Borough",51.496791,-0.093913,5,0,5,32,27,0
2026-08-17 05:15:00+00:00,BikePoints_318,"Sackville Street, Mayfair",51.510048,-0.138846,0,0,0,18,16,2
2026-08-17 05:15:00+00:00,BikePoints_319,"Baldwin Street, St. Luke's",51.527025,-0.088542,5,1,4,21,14,2
2026-08-17 05:15:00+00:00,BikePoints_320,"Queen Mother Sports Centre, Victoria",51.493573,-0.139956,21,0,21,26,5,0
2026-08-17 05:15:00+00:00,BikePoints_321,"Bermondsey Street, Bermondsey",51.497855,-0.081608,16,3,13,24,7,1
2026-08-17 05:15:00+00:00,BikePoints_322,"Palissy Street, Shoreditch",51.526293,-0.073955,23,1,22,26,1,2
2026-08-17 05:15:00+00:00,BikePoints_323,"Clifton Street, Shoreditch",51.523196,-0.083067,6,1,5,24,18,0
2026-08-17 05:15:00+00:00,BikePoints_324,"Ontario Street, Elephant & Castle",51.49652,-0.101384,9,0,9,15,5,1
2026-08-17 05:15:00+00:00,BikePoints_326,"Graham Street, Angel",51.532661,-0.099981,19,1,18,26,6,1
2026-08-17 05:15:00+00:00,BikePoints_327,"Westbourne Green, Westbourne",51.522168,-0.192814,9,1,8,21,11,1
2026-08-17 05:15:00+00:00,BikePoints_328,"New North Road 2, Hoxton",51.53114,-0.086016,3,1,2,22,19,0
2026-08-17 05:15:00+00:00,BikePoints_329,"Prince Albert Road, The Regent's Park",51.535892,-0.160854,3,3,0,24,17,4
2026-08-17 05:15:00+00:00,BikePoints_330,"Eastbourne Mews, Paddington",51.516417,-0.179135,11,4,7,34,21,2
2026-08-17 05:15:00+00:00,BikePoints_331,"Bunhill Row, Moorgate",51.520858,-0.089887,0,0,0,30,26,4
2026-08-17 05:15:00+00:00,BikePoints_332,"Nevern Place, Earl's Court",51.493343,-0.194757,9,0,9,20,10,1
2026-08-17 05:15:00+00:00,BikePoints_333,"Palace Gardens Terrace, Notting Hill",51.508605,-0.193764,18,4,14,37,17,2
2026-08-17 05:15:00+00:00,BikePoints_334,"Agar Grove, Camden Town",51.542891,-0.132253,12,4,8,18,5,1
2026-08-17 05:15:00+00:00,BikePoints_335,"Tavistock Street, Covent Garden",51.511968,-0.120718,0,0,0,33,30,3
2026-08-17 05:15:00+00:00,BikePoints_336,"Concert Hall Approach, South Bank",51.504841,-0.115153,23,0,23,30,5,2
2026-08-17 05:15:00+00:00,BikePoints_337,"Pembridge Villas, Notting Hill",51.511084,-0.197524,6,2,4,16,9,1
2026-08-17 05:15:00+00:00,BikePoints_338,"Wellington Street , Strand",51.511756,-0.119643,1,0,1,24,19,4
2026-08-17 05:15:00+00:00,BikePoints_340,"Bank of England Museum, Bank",51.514441,-0.087587,1,0,1,16,13,2
2026-08-17 05:15:00+00:00,BikePoints_341,"Craven Street, Strand",51.508103,-0.126021,0,0,0,23,21,2
2026-08-17 05:15:00+00:00,BikePoints_344,"Goswell Road (City Uni), Finsbury",51.528246,-0.101026,8,1,7,16,7,1
2026-08-17 05:15:00+00:00,BikePoints_345,"Flood Street, Chelsea",51.488023,-0.166878,4,0,4,33,28,1
2026-08-17 05:15:00+00:00,BikePoints_348,"Grosvenor Square, Mayfair",51.51217,-0.150481,3,2,1,17,10,4
2026-08-17 05:15:00+00:00,BikePoints_349,"St. George Street, Mayfair",51.51196,-0.142783,0,0,0,18,16,2
2026-08-17 05:15:00+00:00,BikePoints_350,"Queen's Gate, Kensington Gardens",51.501715,-0.179854,4,2,2,21,12,5
2026-08-17 05:15:00+00:00,BikePoints_351,"Macclesfield Rd, St Lukes",51.529423,-0.097122,8,0,8,28,18,2
2026-08-17 05:15:00+00:00,BikePoints_352,"Vauxhall Street, Vauxhall",51.486965,-0.116625,15,1,14,19,4,0
2026-08-17 05:15:00+00:00,BikePoints_353,"Greycoat Street , Westminster",51.494591,-0.134234,13,0,13,17,4,0
2026-08-17 05:15:00+00:00,BikePoints_354,"Northumberland Avenue, Strand",51.506767,-0.123702,3,0,3,37,34,0
2026-08-17 05:15:00+00:00,BikePoints_355,"Clapham Common Station, Clapham Common",51.461388,-0.139221,18,1,17,21,1,2
2026-08-17 05:15:00+00:00,BikePoints_356,"South Kensington Station, South Kensington",51.494412,-0.173881,2,0,2,15,12,1
2026-08-17 05:15:00+00:00,BikePoints_357,"Howland Street, Fitzrovia",51.520994,-0.139016,7,1,6,30,23,0
2026-08-17 05:15:00+00:00,BikePoints_358,"High Holborn , Covent Garden",51.516398,-0.124257,1,0,1,20,19,0
2026-08-17 05:15:00+00:00,BikePoints_359,"Butler Place, Westminster",51.497829,-0.13544,0,0,0,18,17,1
2026-08-17 05:15:00+00:00,BikePoints_360,"Howick Place, Westminster",51.496753,-0.138733,2,0,2,27,24,1
2026-08-17 05:15:00+00:00,BikePoints_361,"Waterloo Station 2, Waterloo",51.503919,-0.113426,10,0,10,55,44,1
2026-08-17 05:15:00+00:00,BikePoints_362,"Royal College Street, Camden Town",51.536264,-0.133952,47,3,44,57,7,3
2026-08-17 05:15:00+00:00,BikePoints_363,"Lord's, St. John's Wood",51.529121,-0.171185,8,0,8,24,15,1
2026-08-17 05:15:00+00:00,BikePoints_364,"Store Street, Bloomsbury",51.519572,-0.13214,3,2,1,32,28,1
2026-08-17 05:15:00+00:00,BikePoints_365,"City Road, Angel",51.530344,-0.100168,24,5,19,47,19,4
2026-08-17 05:15:00+00:00,BikePoints_367,"Harrowby Street, Marylebone",51.517372,-0.164207,0,0,0,16,14,2
2026-08-17 05:15:00+00:00,BikePoints_368,"Lowndes Square, Knightsbridge",51.50058,-0.158837,1,0,1,23,21,1
2026-08-17 05:15:00+00:00,BikePoints_370,"Paddington Green, Paddington",51.520205,-0.174593,9,3,6,20,11,0
2026-08-17 05:15:00+00:00,BikePoints_371,"Brockwell Lido, Brixton",51.453118,-0.104955,26,0,26,30,3,1
2026-08-17 05:15:00+00:00,BikePoints_372,"Sardinia Street, Holborn",51.515208,-0.117863,1,0,1,24,23,0
2026-08-17 05:15:00+00:00,BikePoints_373,"Prince Consort Road, Knightsbridge",51.499806,-0.176415,0,0,0,18,17,1
2026-08-17 05:15:00+00:00,BikePoints_374,"Waterloo Station 1, Waterloo",51.504027,-0.113864,10,0,10,36,21,5
2026-08-17 05:15:00+00:00,BikePoints_375,"Kensington Town Hall, Kensington",51.501945,-0.194392,2,0,2,18,15,1
2026-08-17 05:15:00+00:00,BikePoints_376,"Millbank Tower, Pimlico",51.491884,-0.125674,4,1,3,24,18,2
2026-08-17 05:15:00+00:00,BikePoints_377,"Waterloo Bridge, South Bank",51.505354,-0.113656,7,0,7,15,7,1
2026-08-17 05:15:00+00:00,BikePoints_378,"Natural History Museum, South Kensington",51.495592,-0.179077,0,0,0,42,41,1
2026-08-17 05:15:00+00:00,BikePoints_379,"Turquoise Island, Notting Hill",51.514311,-0.200838,8,1,7,21,13,0
2026-08-17 05:15:00+00:00,BikePoints_380,"Stanhope Gate, Mayfair",51.506864,-0.150666,0,0,0,21,21,0
2026-08-17 05:15:00+00:00,BikePoints_381,"Charlotte Street, Fitzrovia",51.51953,-0.135777,0,0,0,14,14,0
2026-08-17 05:15:00+00:00,BikePoints_382,"Farm Street, Mayfair",51.509351,-0.147449,0,0,0,15,15,0
2026-08-17 05:15:00+00:00,BikePoints_383,"Frith Street, Soho",51.513103,-0.131213,1,0,1,18,15,2
2026-08-17 05:15:00+00:00,BikePoints_384,"Marloes Road, Kensington",51.496481,-0.192404,4,0,4,15,11,0
2026-08-17 05:15:00+00:00,BikePoints_386,"Moor Street, Soho",51.513527,-0.13011,2,1,1,16,11,3
2026-08-17 05:15:00+00:00,BikePoints_387,"Fire Brigade Pier, Vauxhall",51.493699,-0.121394,0,0,0,30,27,3
2026-08-17 05:15:00+00:00,BikePoints_388,"Southampton Street, Strand",51.510701,-0.121723,1,0,1,14,12,1
2026-08-17 05:15:00+00:00,BikePoints_389,"Upper Grosvenor Street, Mayfair",51.51013,-0.155757,2,0,2,18,16,0
2026-08-17 05:15:00+00:00,BikePoints_390,"Buxton Street 1, Shoreditch",51.521776,-0.068856,10,0,10,41,30,1
2026-08-17 05:15:00+00:00,BikePoints_391,"Clifford Street, Mayfair",51.510662,-0.142345,0,0,0,17,16,1
2026-08-17 05:15:00+00:00,BikePoints_392,"Imperial College, Knightsbridge",51.499428,-0.179702,0,0,0,33,32,1
2026-08-17 05:15:00+00:00,BikePoints_393,"Snow Hill, Farringdon",51.517334,-0.103604,5,0,5,15,10,0
2026-08-17 05:15:00+00:00,BikePoints_394,"Aberdeen Place, St. John's Wood",51.524826,-0.176268,17,5,12,18,0,1
2026-08-17 05:15:00+00:00,BikePoints_395,"Cadogan Gardens, Chelsea",51.492462,-0.159919,4,2,2,15,10,1
2026-08-17 05:15:00+00:00,BikePoints_396,"Shouldham Street, Marylebone",51.51809,-0.163609,2,0,2,16,13,1
2026-08-17 05:15:00+00:00,BikePoints_397,"Devonshire Terrace, Bayswater",51.51348,-0.17977,10,4,6,16,2,4
2026-08-17 05:15:00+00:00,BikePoints_398,"Holland Park, Kensington",51.502319,-0.200742,18,0,18,30,12,0
2026-08-17 05:15:00+00:00,BikePoints_399,"Brick Lane Market, Shoreditch",51.522617,-0.071653,8,0,8,24,14,2
2026-08-17 05:15:00+00:00,BikePoints_400,"George Street, Marylebone",51.517703,-0.154106,14,0,14,27,13,0
2026-08-17 05:15:00+00:00,BikePoints_401,"Columbia Road, Shoreditch",51.528187,-0.075375,14,2,12,24,9,1
2026-08-17 05:15:00+00:00,BikePoints_402,"Penfold Street, Marylebone",51.522892,-0.171681,2,0,2,15,12,1
2026-08-17 05:15:00+00:00,BikePoints_403,"George Place Mews, Marylebone",51.516892,-0.158249,2,1,1,16,12,2
2026-08-17 05:15:00+00:00,BikePoints_404,"Palace Gate, Kensington Gardens",51.502042,-0.1844,8,0,8,13,0,5
2026-08-17 05:15:00+00:00,BikePoints_405,"Gloucester Road Station, South Kensington",51.494185,-0.18267,1,0,1,15,13,1
2026-08-17 05:15:00+00:00,BikePoints_408,"Sun Street, Liverpool Street",51.520009,-0.083935,6,2,4,24,18,0
2026-08-17 05:15:00+00:00,BikePoints_409,"Strata, Elephant & Castle",51.493146,-0.099828,37,8,29,41,0,4
2026-08-17 05:15:00+00:00,BikePoints_410,"Orchard Place, Blackwall Tunnel",51.510212,0.004979,15,3,12,24,8,1
2026-08-17 05:15:00+00:00,BikePoints_411,"Rotherhithe Roundabout, Rotherhithe",51.499169,-0.055846,17,1,16,19,1,1
2026-08-17 05:15:00+00:00,BikePoints_412,"Cleaver Street, Kennington",51.488105,-0.110121,8,0,8,17,9,0
2026-08-17 05:15:00+00:00,BikePoints_419,"Chelsea Bridge, Pimlico",51.485821,-0.149004,1,0,1,15,14,0
2026-08-17 05:15:00+00:00,BikePoints_423,"Eaton Square (South), Belgravia",51.494561,-0.153933,8,0,8,31,23,0
2026-08-17 05:15:00+00:00,BikePoints_424,"Ebury Bridge, Pimlico",51.490491,-0.149186,14,0,14,29,13,2
2026-08-17 05:15:00+00:00,BikePoints_426,"Vincent Street, Pimlico",51.493072,-0.129925,11,4,7,17,6,0
2026-08-17 05:15:00+00:00,BikePoints_427,"Cheapside, Bank",51.51397,-0.09294,3,0,3,43,40,0
2026-08-17 05:15:00+00:00,BikePoints_428,"Exhibition Road, Knightsbridge",51.499917,-0.174554,1,1,0,20,19,0
2026-08-17 05:15:00+00:00,BikePoints_430,"South Parade, Chelsea",51.48902,-0.17524,4,0,4,18,12,2
2026-08-17 05:15:00+00:00,BikePoints_431,"Crinan Street, King's Cross",51.534474,-0.122203,7,4,3,20,12,1
2026-08-17 05:15:00+00:00,BikePoints_432,"Exhibition Road Museums 1, South Kensington",51.496468,-0.173796,0,0,0,13,13,0
2026-08-17 05:15:00+00:00,BikePoints_433,"Wren Street, Holborn",51.524564,-0.116279,3,0,3,33,27,3
2026-08-17 05:15:00+00:00,BikePoints_435,"Kennington Station, Kennington",51.488852,-0.105593,5,1,4,23,18,0
2026-08-17 05:15:00+00:00,BikePoints_436,"Red Lion Street, Holborn",51.51824,-0.11655,3,1,2,36,33,0
2026-08-17 05:15:00+00:00,BikePoints_437,"Vauxhall Walk, Vauxhall",51.488124,-0.120903,23,1,22,27,4,0
2026-08-17 05:15:00+00:00,BikePoints_439,"Killick Street, King's Cross",51.5338,-0.118677,15,2,13,22,5,2
2026-08-17 05:15:00+00:00,BikePoints_440,"Kennington Oval, Oval",51.483145,-0.113134,30,0,30,33,0,3
2026-08-17 05:15:00+00:00,BikePoints_441,"Sail Street, Vauxhall",51.495656,-0.114605,11,0,11,24,12,1
2026-08-17 05:15:00+00:00,BikePoints_442,"Walmer Road, Avondale",51.510101,-0.211358,8,1,7,24,16,0
2026-08-17 05:15:00+00:00,BikePoints_443,"Philpot Street, Whitechapel",51.515256,-0.058641,6,1,5,30,21,3
2026-08-17 05:15:00+00:00,BikePoints_444,"Bethnal Green Garden, Bethnal Green",51.52568,-0.055312,4,0,4,24,19,1
2026-08-17 05:15:00+00:00,BikePoints_445,"Cheshire Street, Bethnal Green",51.52388,-0.065076,3,0,3,28,25,0
2026-08-17 05:15:00+00:00,BikePoints_446,"York Hall, Bethnal Green",51.528936,-0.055894,14,0,14,27,11,2
2026-08-17 05:15:00+00:00,BikePoints_447,"Jubilee Crescent, Cubitt Town",51.493381,-0.007542,5,0,5,54,47,2
2026-08-17 05:15:00+00:00,BikePoints_448,"Fisherman's Walk West, Canary Wharf",51.50623,-0.02296,14,0,14,36,21,1
2026-08-17 05:15:00+00:00,BikePoints_449,"Shadwell Station, Shadwell",51.511088,-0.057159,28,3,25,35,4,3
2026-08-17 05:15:00+00:00,BikePoints_450,"Jubilee Street, Stepney",51.515975,-0.053177,4,2,2,28,24,0
2026-08-17 05:15:00+00:00,BikePoints_451,"Hermitage Court, Wapping",51.504719,-0.063531,7,3,4,16,8,1
2026-08-17 05:15:00+00:00,BikePoints_452,"St. Katharine's Way, Tower",51.505697,-0.070542,1,1,0,24,21,2
2026-08-17 05:15:00+00:00,BikePoints_453,"Garnet Street, Shadwell",51.508447,-0.055167,11,0,11,24,12,1
2026-08-17 05:15:00+00:00,BikePoints_454,"Napier Avenue, Millwall",51.487679,-0.021582,13,4,9,20,5,2
2026-08-17 05:15:00+00:00,BikePoints_455,"East Ferry Road, Cubitt Town",51.49447,-0.014409,16,2,14,17,0,1
2026-08-17 05:15:00+00:00,BikePoints_456,"Albert Street, Camden Town",51.537706,-0.144801,10,3,7,26,10,6
2026-08-17 05:15:00+00:00,BikePoints_457,"Castlehaven Road, Camden Town",51.542138,-0.145393,8,2,6,29,20,1
2026-08-17 05:15:00+00:00,BikePoints_458,"Wapping Lane, Wapping",51.504749,-0.057544,10,0,10,28,15,3
2026-08-17 05:15:00+00:00,BikePoints_459,"Gunmakers Lane, Old Ford",51.535179,-0.03338,15,1,14,17,1,1
2026-08-17 05:15:00+00:00,BikePoints_461,"Aston Street, Stepney",51.516,-0.038775,9,1,8,26,16,1
2026-08-17 05:15:00+00:00,BikePoints_462,"Bonny Street, Camden Town",51.541603,-0.138853,34,12,22,45,7,4
2026-08-17 05:15:00+00:00,BikePoints_463,"Thurtle Road, Haggerston",51.534776,-0.071881,3,1,2,22,17,2
2026-08-17 05:15:00+00:00,BikePoints_464,"St. Mary & St. Michael Church, Stepney",51.51417,-0.052099,6,0,6,25,19,0
2026-08-17 05:15:00+00:00,BikePoints_465,"Pitfield Street North,Hoxton",51.53558,-0.08249,21,4,17,28,5,2
2026-08-17 05:15:00+00:00,BikePoints_466,"Whiston Road, Haggerston",51.534464,-0.076341,7,4,3,21,12,2
2026-08-17 05:15:00+00:00,BikePoints_467,"Southern Grove, Bow",51.523538,-0.030556,3,0,3,17,14,0
2026-08-17 05:15:00+00:00,BikePoints_468,"Cantrell Road, Bow",51.521564,-0.022694,22,0,22,24,0,2
2026-08-17 05:15:00+00:00,BikePoints_469,"Lindfield Street, Poplar",51.513757,-0.020467,20,3,17,44,22,2
2026-08-17 05:15:00+00:00,BikePoints_470,"Mostyn Grove, Bow",51.530535,-0.025492,16,3,13,46,28,2
2026-08-17 05:15:00+00:00,BikePoints_471,"Hewison Street, Old Ford",51.533283,-0.028155,13,4,9,19,6,0
2026-08-17 05:15:00+00:00,BikePoints_472,"Malmesbury Road, Bow",51.529452,-0.027616,7,3,4,21,12,2
2026-08-17 05:15:00+00:00,BikePoints_473,"Millharbour, Millwall",51.496137,-0.019355,8,1,7,19,7,4
2026-08-17 05:15:00+00:00,BikePoints_474,"Gascoyne Road, Victoria Park",51.541515,-0.038557,7,6,1,20,10,3
2026-08-17 05:15:00+00:00,BikePoints_475,"Lightermans Road, Millwall",51.499041,-0.020157,7,2,5,31,21,3
2026-08-17 05:15:00+00:00,BikePoints_476,"Stebondale Street, Cubitt Town",51.489096,-0.009205,5,0,5,29,20,4
2026-08-17 05:15:00+00:00,BikePoints_477,"Spindrift Avenue, Millwall",51.49109,-0.018716,16,2,14,36,18,2
2026-08-17 05:15:00+00:00,BikePoints_478,"Stepney Green Station, Stepney",51.521889,-0.04667,17,2,15,21,0,4
2026-08-17 05:15:00+00:00,BikePoints_479,"Pott Street, Bethnal Green",51.527152,-0.058005,13,1,12,20,3,4
2026-08-17 05:15:00+00:00,BikePoints_480,"Flamborough Street, Limehouse",51.512871,-0.038986,24,3,21,25,0,1
2026-08-17 05:15:00+00:00,BikePoints_481,"Saunders Ness Road, Cubitt Town",51.487129,-0.009001,10,1,9,35,22,3
2026-08-17 05:15:00+00:00,BikePoints_482,"Exhibition Road Museums 2, South Kensington",51.495947,-0.173689,0,0,0,14,14,0
2026-08-17 05:15:00+00:00,BikePoints_483,"Albert Gardens, Stepney",51.51328,-0.047784,28,3,25,33,1,4
2026-08-17 05:15:00+00:00,BikePoints_484,"Bromley High Street, Bow",51.528828,-0.013258,12,2,10,24,8,4
2026-08-17 05:15:00+00:00,BikePoints_485,"Old Ford Road, Bethnal Green",51.531127,-0.048017,14,1,13,24,4,6
2026-08-17 05:15:00+00:00,BikePoints_486,"Granby Street, Shoreditch",51.525645,-0.069543,3,0,3,37,33,1
2026-08-17 05:15:00+00:00,BikePoints_487,"Canton Street, Poplar",51.511811,-0.025626,6,0,6,23,16,1
2026-08-17 05:15:00+00:00,BikePoints_488,"Reardon Street, Wapping",51.506946,-0.058681,3,0,3,22,14,5
2026-08-17 05:15:00+00:00,BikePoints_489,"Christian Street, Whitechapel",51.513074,-0.064094,18,6,12,34,16,0
2026-08-17 05:15:00+00:00,BikePoints_490,"Pennington Street, Wapping",51.508622,-0.065006,9,4,5,45,34,2
2026-08-17 05:15:00+00:00,BikePoints_491,"Queen Mary's, Mile End",51.522507,-0.041378,9,0,9,45,31,5
2026-08-17 05:15:00+00:00,BikePoints_494,"South Quay East, Canary Wharf",51.50196,-0.016251,14,2,12,36,22,0
2026-08-17 05:15:00+00:00,BikePoints_495,"Bow Church Station, Bow",51.528169,-0.018703,24,6,18,39,14,1
2026-08-17 05:15:00+00:00,BikePoints_496,"Devons Road, Bow",51.52512,-0.015578,33,7,26,39,1,5
2026-08-17 05:15:00+00:00,BikePoints_497,"Merchant Street, Bow",51.526578,-0.027581,24,4,20,27,2,1
2026-08-17 05:15:00+00:00,BikePoints_498,"Bow Road Station, Bow",51.527058,-0.025296,7,4,3,42,33,2
2026-08-17 05:15:00+00:00,BikePoints_499,"Furze Green, Bow",51.519265,-0.021345,16,2,14,36,17,3
2026-08-17 05:15:00+00:00,BikePoints_500,"Ansell House, Stepney",51.520019,-0.05438,2,0,2,41,37,2
2026-08-17 05:15:00+00:00,BikePoints_501,"Cephas Street, Bethnal Green",51.522561,-0.054883,9,2,7,24,11,4
2026-08-17 05:15:00+00:00,BikePoints_502,"Bonner Gate, Victoria Park",51.53341,-0.049591,2,0,2,21,15,4
2026-08-17 05:15:00+00:00,BikePoints_503,"Cleveland Way, Stepney",51.520893,-0.051394,1,0,1,36,34,1
2026-08-17 05:15:00+00:00,BikePoints_504,"St. John's Park, Cubitt Town",51.496454,-0.009506,6,0,6,30,22,2
2026-08-17 05:15:00+00:00,BikePoints_505,"Ackroyd Drive, Bow",51.520398,-0.026768,22,5,17,29,2,5
2026-08-17 05:15:00+00:00,BikePoints_506,"Bell Lane, Liverpool Street",51.517475,-0.075855,1,1,0,23,21,1
2026-08-17 05:15:00+00:00,BikePoints_507,"Clarkson Street, Bethnal Green",51.528692,-0.059091,14,3,11,31,16,1
2026-08-17 05:15:00+00:00,BikePoints_508,"Fournier Street, Whitechapel",51.519362,-0.074431,1,1,0,18,15,2
2026-08-17 05:15:00+00:00,BikePoints_509,"Fore Street Avenue, Guildhall",51.517842,-0.090075,3,1,2,19,14,2
2026-08-17 05:15:00+00:00,BikePoints_510,"Westferry DLR, Limehouse",51.509303,-0.025996,18,2,16,41,21,2
2026-08-17 05:15:00+00:00,BikePoints_511,"Sutton Street, Shadwell",51.511066,-0.053558,29,5,24,33,1,3
2026-08-17 05:15:00+00:00,BikePoints_513,"Watney Market, Stepney",51.514222,-0.055656,9,2,7,51,41,1
2026-08-17 05:15:00+00:00,BikePoints_514,"Portman Square, Marylebone",51.516204,-0.155525,1,1,0,17,15,1
2026-08-17 05:15:00+00:00,BikePoints_515,"Russell Gardens, Olympia",51.500088,-0.211316,4,0,4,24,20,0
2026-08-17 05:15:00+00:00,BikePoints_516,"Chrisp Street Market, Poplar",51.5112,-0.014438,15,3,12,18,2,1
2026-08-17 05:15:00+00:00,BikePoints_517,"Ford Road, Old Ford",51.532513,-0.033085,6,0,6,18,9,3
2026-08-17 05:15:00+00:00,BikePoints_518,"Antill Road, Mile End",51.528224,-0.037471,8,1,7,30,21,1
2026-08-17 05:15:00+00:00,BikePoints_519,"Teviot Street, Poplar",51.518811,-0.011662,32,1,31,33,0,1
2026-08-17 05:15:00+00:00,BikePoints_520,"Bancroft Road, Bethnal Green",51.526041,-0.047218,19,5,14,21,0,2
2026-08-17 05:15:00+00:00,BikePoints_521,"Driffield Road, Old Ford",51.534137,-0.037366,18,0,18,19,0,1
2026-08-17 05:15:00+00:00,BikePoints_522,"Clinton Road, Mile End",51.525941,-0.036017,14,1,13,36,21,1
2026-08-17 05:15:00+00:00,BikePoints_523,"Langdon Park, Poplar",51.51549,-0.013475,16,1,15,24,7,1
2026-08-17 05:15:00+00:00,BikePoints_524,"Lancaster Gate , Bayswater",51.511654,-0.179668,27,0,27,38,10,1
2026-08-17 05:15:00+00:00,BikePoints_525,"Blythe Road, Olympia",51.496927,-0.2135,6,1,5,24,17,1
2026-08-17 05:15:00+00:00,BikePoints_526,"Lancaster Drive, Blackwall",51.503143,-0.008428,13,2,11,27,13,1
2026-08-17 05:15:00+00:00,BikePoints_527,"Hansard Mews, Holland Park",51.503802,-0.215808,12,5,7,20,8,0
2026-08-17 05:15:00+00:00,BikePoints_528,"Clarges Street, Mayfair",51.507326,-0.145827,0,0,0,16,16,0
2026-08-17 05:15:00+00:00,BikePoints_529,"Manresa Road, Chelsea",51.486892,-0.170983,3,0,3,18,13,2
2026-08-17 05:15:00+00:00,BikePoints_530,"Newby Place, Poplar",51.508896,-0.012413,16,2,14,18,1,1
2026-08-17 05:15:00+00:00,BikePoints_531,"Twig Folly Bridge, Mile End",51.530326,-0.042744,6,2,4,21,15,0
2026-08-17 05:15:00+00:00,BikePoints_532,"Jubilee Plaza, Canary Wharf",51.5034,-0.020242,1,1,0,63,58,4
2026-08-17 05:15:00+00:00,BikePoints_533,"Wellington Row, Bethnal Green",51.528222,-0.069743,24,4,20,33,7,2
2026-08-17 05:15:00+00:00,BikePoints_534,"Goldsmith's Row, Haggerston",51.531864,-0.066035,23,2,21,27,1,3
2026-08-17 05:15:00+00:00,BikePoints_536,"Queensbridge Road, Haggerston",51.53385,-0.06992,12,0,12,35,20,3
2026-08-17 05:15:00+00:00,BikePoints_537,"Old Montague Street, Whitechapel",51.51793,-0.067937,13,5,8,18,5,0
2026-08-17 05:15:00+00:00,BikePoints_538,"Naval Row, Blackwall",51.508981,-0.00699,19,4,15,21,1,1
2026-08-17 05:15:00+00:00,BikePoints_539,"Hoxton Station, Hoxton",51.531091,-0.075901,5,1,4,22,17,0
2026-08-17 05:15:00+00:00,BikePoints_541,"Green Park Station, Mayfair",51.506613,-0.142844,0,0,0,28,24,4
2026-08-17 05:15:00+00:00,BikePoints_542,"Salmon Lane, Limehouse",51.514115,-0.033828,14,5,9,33,18,1
2026-08-17 05:15:00+00:00,BikePoints_543,"Lansdowne Walk, Ladbroke Grove",51.509591,-0.204666,12,1,11,21,7,2
2026-08-17 05:15:00+00:00,BikePoints_544,"Percival Street, Finsbury",51.526153,-0.102208,4,1,3,22,16,2
2026-08-17 05:15:00+00:00,BikePoints_545,"Arlington Road, Camden Town",51.539957,-0.145246,16,0,16,24,7,1
2026-08-17 05:15:00+00:00,BikePoints_546,"New Fetter Lane, Holborn",51.517428,-0.107987,1,0,1,21,18,2
2026-08-17 05:15:00+00:00,BikePoints_547,"East India DLR, Blackwall",51.509474,-0.002275,25,8,17,51,21,5
2026-08-17 05:15:00+00:00,BikePoints_548,"Westminster Bridge Road, Elephant & Castle",51.498386,-0.107913,15,1,14,26,10,1
2026-08-17 05:15:00+00:00,BikePoints_549,"Gaywood  Street, Elephant & Castle",51.49605,-0.104193,6,0,6,45,37,2
2026-08-17 05:15:00+00:00,BikePoints_550,"Harford Street, Mile End",51.521564,-0.039264,21,0,21,23,2,0
2026-08-17 05:15:00+00:00,BikePoints_551,"Import Dock, Canary Wharf",51.505772,-0.01646,16,2,14,39,18,5
2026-08-17 05:15:00+00:00,BikePoints_552,"Watney Street, Shadwell",51.511542,-0.056667,5,0,5,27,22,0
2026-08-17 05:15:00+00:00,BikePoints_553,"Regent's Row , Haggerston",51.535678,-0.062546,4,0,4,24,17,3
2026-08-17 05:15:00+00:00,BikePoints_554,"Aberfeldy Street, Poplar",51.513548,-0.005659,11,2,9,16,0,5
2026-08-17 05:15:00+00:00,BikePoints_556,"Heron Quays DLR, Canary Wharf",51.502661,-0.021596,0,0,0,27,25,2
2026-08-17 05:15:00+00:00,BikePoints_557,"King Edward Street, St Pauls",51.51601,-0.0985,2,0,2,20,18,0
2026-08-17 05:15:00+00:00,BikePoints_558,"Page Street, Westminster",51.493978,-0.127554,8,6,2,24,13,3
2026-08-17 05:15:00+00:00,BikePoints_559,"Abbotsbury Road, Holland Park",51.501391,-0.205991,5,0,5,24,19,0
2026-08-17 05:15:00+00:00,BikePoints_560,"Ladbroke Grove Central, Ladbroke Grove",51.511624,-0.205921,6,1,5,21,14,1
2026-08-17 05:15:00+00:00,BikePoints_561,"Rectory Square, Stepney",51.518369,-0.043371,6,0,6,22,15,1
2026-08-17 05:15:00+00:00,BikePoints_562,"Bury Place, Holborn",51.51742,-0.123189,1,1,0,21,20,0
2026-08-17 05:15:00+00:00,BikePoints_563,"Preston's Road, Cubitt Town",51.499286,-0.009152,16,0,16,26,6,4
2026-08-17 05:15:00+00:00,BikePoints_564,"Somerset House, Strand",51.509943,-0.117619,1,0,1,41,39,1
2026-08-17 05:15:00+00:00,BikePoints_565,"Selby Street, Whitechapel",51.521905,-0.063386,10,1,9,17,5,2
2026-08-17 05:15:00+00:00,BikePoints_568,"Bishop's Bridge Road West, Bayswater",51.51616,-0.18697,4,0,4,18,10,4
2026-08-17 05:15:00+00:00,BikePoints_569,"Pitfield Street Central, Hoxton",51.53213,-0.08299,4,0,4,30,22,4
2026-08-17 05:15:00+00:00,BikePoints_570,"Upper Bank Street, Canary Wharf",51.503083,-0.017676,10,2,8,36,21,5
2026-08-17 05:15:00+00:00,BikePoints_571,"Westfield Southern Terrace ,Shepherd's Bush",51.506256,-0.218337,8,0,8,29,19,2
2026-08-17 05:15:00+00:00,BikePoints_572,"Greenland Road, Camden Town",51.539099,-0.141728,35,4,31,36,0,1
2026-08-17 05:15:00+00:00,BikePoints_573,"Limerston Street, West Chelsea",51.485587,-0.18119,3,2,1,18,14,1
2026-08-17 05:15:00+00:00,BikePoints_574,"Eagle Wharf Road, Hoxton",51.53356,-0.09315,18,4,14,45,22,5
2026-08-17 05:15:00+00:00,BikePoints_576,"Alpha Grove, Millwall",51.497304,-0.022793,17,6,11,23,1,5
2026-08-17 05:15:00+00:00,BikePoints_577,"Globe Town Market, Bethnal Green",51.528869,-0.047548,18,2,16,20,0,2
2026-08-17 05:15:00+00:00,BikePoints_578,"Hollybush Gardens, Bethnal Green",51.527607,-0.057133,25,1,24,32,7,0
2026-08-17 05:15:00+00:00,BikePoints_579,"Queen Street 2, Bank",51.511246,-0.093051,5,2,3,36,30,1
2026-08-17 05:15:00+00:00,BikePoints_580,"Doddington Grove, Kennington",51.486929,-0.102996,26,6,20,36,9,1
2026-08-17 05:15:00+00:00,BikePoints_581,"New Cavendish Street, Marylebone",51.519167,-0.147983,6,1,5,18,10,2
2026-08-17 05:15:00+00:00,BikePoints_583,"Abingdon Green, Westminster",51.49764,-0.125972,0,0,0,20,19,1
2026-08-17 05:15:00+00:00,BikePoints_584,"Ilchester Gardens, Bayswater",51.51244,-0.19096,7,3,4,21,14,0
2026-08-17 05:15:00+00:00,BikePoints_586,"Mudchute DLR, Cubitt Town",51.490645,-0.014582,17,3,14,31,13,1
2026-08-17 05:15:00+00:00,BikePoints_587,"Monument Street, Monument",51.50964,-0.08497,2,0,2,22,19,1
2026-08-17 05:15:00+00:00,BikePoints_589,"Drayton Gardens, West Chelsea",51.487196,-0.179369,4,1,3,18,14,0
2026-08-17 05:15:00+00:00,BikePoints_590,"Greenberry Street, St.John's Wood",51.53256,-0.16862,20,2,18,26,6,0
2026-08-17 05:15:00+00:00,BikePoints_591,"Westfield Library Corner, Shepherd's Bush",51.506093,-0.224223,19,4,15,27,8,0
2026-08-17 05:15:00+00:00,BikePoints_592,"Bishop's Bridge Road East, Bayswater",51.5171,-0.18377,2,1,1,20,18,0
2026-08-17 05:15:00+00:00,BikePoints_593,"Northdown Street, King's Cross",51.531066,-0.11934,9,1,8,21,8,4
2026-08-17 05:15:00+00:00,BikePoints_594,"Kingsway Southbound, Strand",51.513875,-0.117774,0,0,0,33,32,1
2026-08-17 05:15:00+00:00,BikePoints_595,"Hammersmith Road, Hammersmith",51.493267,-0.21985,1,0,1,22,20,1
2026-08-17 05:15:00+00:00,BikePoints_596,"Parson's Green , Parson's Green",51.472817,-0.199783,9,1,8,21,12,0
2026-08-17 05:15:00+00:00,BikePoints_597,"Fulham Park Road, Fulham",51.473471,-0.20782,4,0,4,27,23,0
2026-08-17 05:15:00+00:00,BikePoints_598,"Southerton Road, Hammersmith",51.494499,-0.228188,22,1,21,38,14,2
2026-08-17 05:15:00+00:00,BikePoints_599,"Manbre Road, Hammersmith",51.485743,-0.223616,9,0,9,28,19,0
2026-08-17 05:15:00+00:00,BikePoints_600,"South Lambeth Road, Vauxhall",51.481747,-0.124642,15,4,11,21,1,5
2026-08-17 05:15:00+00:00,BikePoints_602,"Union Grove, Wandsworth Road",51.472993,-0.133972,32,2,30,45,12,1
2026-08-17 05:15:00+00:00,BikePoints_603,"Caldwell Street, Stockwell",51.477839,-0.116493,25,0,25,44,19,0
2026-08-17 05:15:00+00:00,BikePoints_604,"St Martins Close, Camden Town",51.538792,-0.138535,16,7,9,18,0,2
2026-08-17 05:15:00+00:00,BikePoints_605,"Seymour Place, Marylebone",51.520331,-0.163667,1,0,1,29,26,2
2026-08-17 05:15:00+00:00,BikePoints_606,"Addison Road, Holland Park",51.504199,-0.210941,4,0,4,26,21,1
2026-08-17 05:15:00+00:00,BikePoints_607,"Putney Bridge Station, Fulham",51.468814,-0.210279,9,1,8,21,12,0
2026-08-17 05:15:00+00:00,BikePoints_608,"Colet Gardens, Hammersmith",51.491093,-0.216493,5,1,4,30,25,0
2026-08-17 05:15:00+00:00,BikePoints_609,"Sugden Road, Clapham",51.465123,-0.157788,14,7,7,19,2,3
2026-08-17 05:15:00+00:00,BikePoints_610,"Danvers Street, West Chelsea",51.482567,-0.172078,5,1,4,21,14,2
2026-08-17 05:15:00+00:00,BikePoints_611,"Princedale Road , Holland Park",51.506465,-0.208486,12,2,10,20,4,4
2026-08-17 05:15:00+00:00,BikePoints_612,"Wandsworth Rd, Isley Court, Wandsworth Road",51.469259,-0.141812,24,3,21,30,6,0
2026-08-17 05:15:00+00:00,BikePoints_613,"Woodstock Grove, Shepherd's Bush",51.504038,-0.2174,1,1,0,24,21,2
2026-08-17 05:15:00+00:00,BikePoints_615,"Finlay Street, Fulham",51.476885,-0.215895,16,0,16,24,8,0
2026-08-17 05:15:00+00:00,BikePoints_616,"Aintree Street, Fulham",51.481021,-0.209973,13,5,8,24,9,2
2026-08-17 05:15:00+00:00,BikePoints_617,"Elysium Place, Fulham",51.471079,-0.207842,14,2,12,21,6,1
2026-08-17 05:15:00+00:00,BikePoints_618,"Eel Brook Common, Walham Green",51.476259,-0.193254,23,0,23,24,1,0
2026-08-17 05:15:00+00:00,BikePoints_619,"Irene Road, Parsons Green",51.473763,-0.19701,17,0,17,23,6,0
2026-08-17 05:15:00+00:00,BikePoints_620,"Surrey Lane, Battersea",51.47518,-0.16716,23,2,21,26,2,1
2026-08-17 05:15:00+00:00,BikePoints_621,"Wandsworth Town Station, Wandsworth",51.460864,-0.187427,29,0,29,33,1,3
2026-08-17 05:15:00+00:00,BikePoints_622,"Lansdowne Road, Ladbroke Grove",51.507481,-0.205535,19,3,16,29,10,0
2026-08-17 05:15:00+00:00,BikePoints_623,"Nantes Close, Wandsworth",51.46193,-0.180791,17,0,17,22,4,1
2026-08-17 05:15:00+00:00,BikePoints_624,"Courland Grove, Wandsworth Road",51.472918,-0.132102,35,0,35,40,2,3
2026-08-17 05:15:00+00:00,BikePoints_625,"Queen's Circus, Battersea Park",51.477619,-0.149551,24,3,21,28,4,0
2026-08-17 05:15:00+00:00,BikePoints_626,"Normand Park, West Kensington",51.484386,-0.204815,19,1,18,24,5,0
2026-08-17 05:15:00+00:00,BikePoints_627,"Holden Street, Battersea",51.46879,-0.15823,18,1,17,20,1,1
2026-08-17 05:15:00+00:00,BikePoints_628,"William Morris Way, Sands End",51.468819,-0.184318,23,2,21,26,3,0
2026-08-17 05:15:00+00:00,BikePoints_629,"Morie Street, Wandsworth",51.459953,-0.190184,25,2,23,28,0,3
2026-08-17 05:15:00+00:00,BikePoints_630,"Clarence Walk, Stockwell",51.470732,-0.126994,26,0,26,28,2,0
2026-08-17 05:15:00+00:00,BikePoints_631,"Battersea Park Road, Nine Elms",51.479501,-0.14177,5,1,4,27,19,3
2026-08-17 05:15:00+00:00,BikePoints_632,"Sheepcote Lane, Battersea",51.470538,-0.163041,26,0,26,28,1,1
2026-08-17 05:15:00+00:00,BikePoints_633,"Vereker Road, West Kensington",51.489591,-0.209378,6,1,5,32,25,1
2026-08-17 05:15:00+00:00,BikePoints_634,"Brook Green South, Brook Green",51.494347,-0.215804,1,0,1,33,31,1
2026-08-17 05:15:00+00:00,BikePoints_635,"Greyhound Road, Hammersmith",51.486062,-0.214428,23,3,20,37,12,2
2026-08-17 05:15:00+00:00,BikePoints_636,"South Park, Sands End",51.467064,-0.193502,20,2,18,28,7,1
2026-08-17 05:15:00+00:00,BikePoints_638,"Falcon Road, Clapham Junction",51.466633,-0.169821,19,2,17,28,7,2
2026-08-17 05:15:00+00:00,BikePoints_640,"Silverthorne Road, Battersea",51.472865,-0.148059,17,0,17,28,9,2
2026-08-17 05:15:00+00:00,BikePoints_641,"Archbishop's Park, Waterloo",51.498241,-0.117495,10,0,10,23,13,0
2026-08-17 05:15:00+00:00,BikePoints_642,"Fawcett Close, Battersea",51.469161,-0.174485,17,2,15,30,10,3
2026-08-17 05:15:00+00:00,BikePoints_643,"All Saints' Road, Portobello",51.519042,-0.204764,4,4,0,22,18,0
2026-08-17 05:15:00+00:00,BikePoints_644,"Rainville Road, Hammersmith",51.483732,-0.223852,3,0,3,36,31,2
2026-08-17 05:15:00+00:00,BikePoints_645,"Great Suffolk Street, The Borough",51.501732,-0.100292,3,1,2,21,14,4
2026-08-17 05:15:00+00:00,BikePoints_646,"Buckingham Gate, Westminster",51.498865,-0.137424,2,1,1,16,9,5
2026-08-17 05:15:00+00:00,BikePoints_647,"Richmond Way, Shepherd's Bush",51.500353,-0.217515,7,0,7,27,20,0
2026-08-17 05:15:00+00:00,BikePoints_648,"Peterborough Road, Sands End",51.46904,-0.196274,12,1,11,20,8,0
2026-08-17 05:15:00+00:00,BikePoints_649,"World's End Place, West Chelsea",51.481805,-0.180274,7,0,7,22,14,1
2026-08-17 05:15:00+00:00,BikePoints_650,"St. Mark's Road, North Kensington",51.51687,-0.213872,9,5,4,21,11,1
2026-08-17 05:15:00+00:00,BikePoints_651,"Thorndike Close, West Chelsea",51.480898,-0.183853,7,4,3,25,18,0
2026-08-17 05:15:00+00:00,BikePoints_652,"Evesham Street, Avondale",51.511486,-0.21819,7,1,6,20,13,0
2026-08-17 05:15:00+00:00,BikePoints_653,"Simpson Street, Clapham Junction",51.470847,-0.170703,21,3,18,25,4,0
2026-08-17 05:15:00+00:00,BikePoints_654,"Ashmole Estate, Oval",51.482678,-0.117661,20,1,19,34,13,1
2026-08-17 05:15:00+00:00,BikePoints_655,"Crabtree Lane, Fulham",51.482944,-0.219346,19,2,17,27,7,1
2026-08-17 05:15:00+00:00,BikePoints_656,"Broomhouse Lane, Parsons Green",51.468418,-0.199135,20,0,20,29,9,0
2026-08-17 05:15:00+00:00,BikePoints_657,"Blythe Road West, Shepherd's Bush",51.49968,-0.221791,4,0,4,21,17,0
2026-08-17 05:15:00+00:00,BikePoints_658,"Ethelburga Estate, Battersea Park",51.477292,-0.164786,19,5,14,30,9,2
2026-08-17 05:15:00+00:00,BikePoints_659,"Blackfriars Station, St. Paul's",51.511934,-0.103078,6,1,5,35,27,2
2026-08-17 05:15:00+00:00,BikePoints_660,"West Kensington Station, West Kensington",51.49087,-0.206029,14,2,12,22,6,2
2026-08-17 05:15:00+00:00,BikePoints_661,"All Saints Church, Portobello",51.51632,-0.202608,8,2,6,37,28,1
2026-08-17 05:15:00+00:00,BikePoints_662,"Phene Street, Chelsea",51.484984,-0.167919,3,1,2,24,20,1
2026-08-17 05:15:00+00:00,BikePoints_663,"Clarendon Road, Avondale",51.51323,-0.211593,5,2,3,24,17,2
2026-08-17 05:15:00+00:00,BikePoints_664,"Austin Road, Battersea Park",51.474376,-0.155442,18,1,17,24,5,1
2026-08-17 05:15:00+00:00,BikePoints_665,"Smugglers Way, Wandsworth",51.461083,-0.191722,26,2,24,27,1,0
2026-08-17 05:15:00+00:00,BikePoints_666,"Harris Academy, Bermondsey",51.492668,-0.07235,15,4,11,18,1,2
2026-08-17 05:15:00+00:00,BikePoints_667,"Shepherd's Bush Road North, Shepherd's Bush",51.501594,-0.222293,28,1,27,34,2,4
2026-08-17 05:15:00+00:00,BikePoints_668,"Ravenscourt Park Station, Hammersmith",51.494223,-0.236769,13,4,9,26,10,3
2026-08-17 05:15:00+00:00,BikePoints_669,"Teversham Lane, Stockwell",51.476149,-0.123258,25,5,20,39,13,1
2026-08-17 05:15:00+00:00,BikePoints_670,"Ashley Crescent, Battersea",51.467185,-0.152248,22,6,16,28,3,3
2026-08-17 05:15:00+00:00,BikePoints_671,"Parsons Green Station, Parsons Green",51.475089,-0.201968,33,3,30,56,21,2
2026-08-17 05:15:00+00:00,BikePoints_672,"Chicheley Street, South Bank",51.502698,-0.116747,11,4,7,24,12,1
2026-08-17 05:15:00+00:00,BikePoints_673,"Hibbert Street, Battersea",51.46517,-0.180389,31,1,30,36,5,0
2026-08-17 05:15:00+00:00,BikePoints_674,"Carnegie Street, King's Cross",51.535467,-0.116191,13,1,12,40,24,3
2026-08-17 05:15:00+00:00,BikePoints_675,"Usk Road, Clapham Junction",51.463489,-0.182126,23,0,23,30,5,2
2026-08-17 05:15:00+00:00,BikePoints_676,"Hartington Road, Stockwell",51.47787,-0.126874,25,1,24,35,10,0
2026-08-17 05:15:00+00:00,BikePoints_677,"Heath Road, Battersea",51.468669,-0.146544,23,2,21,27,4,0
2026-08-17 05:15:00+00:00,BikePoints_678,"Esmond Street, Putney",51.462312,-0.211468,27,5,22,30,1,2
2026-08-17 05:15:00+00:00,BikePoints_679,"Orbel Street, Battersea",51.474535,-0.17021,19,2,17,26,7,0
2026-08-17 05:15:00+00:00,BikePoints_680,"Westbridge Road, Battersea",51.477684,-0.170329,23,4,19,28,2,3
2026-08-17 05:15:00+00:00,BikePoints_681,"Bishop's Avenue, Fulham",51.473036,-0.214749,23,1,22,46,21,2
2026-08-17 05:15:00+00:00,BikePoints_682,"Crisp Road, Hammersmith",51.488108,-0.226606,24,0,24,46,21,1
2026-08-17 05:15:00+00:00,BikePoints_683,"Dorothy Road, Clapham Junction",51.465064,-0.16375,14,1,13,28,13,1
2026-08-17 05:15:00+00:00,BikePoints_684,"Neville Gill Close, Wandsworth",51.454752,-0.195197,30,1,29,32,0,2
2026-08-17 05:15:00+00:00,BikePoints_685,"Osiers Road, Wandsworth",51.46067,-0.198735,14,3,11,30,13,3
2026-08-17 05:15:00+00:00,BikePoints_686,"Beryl Road, Hammersmith",51.488144,-0.222456,9,0,9,26,17,0
2026-08-17 05:15:00+00:00,BikePoints_687,"Clements Road, Bermondsey",51.4954,-0.061698,11,1,10,23,9,3
2026-08-17 05:15:00+00:00,BikePoints_688,"Northfields, Wandsworth",51.460951,-0.200667,22,1,21,28,6,0
2026-08-17 05:15:00+00:00,BikePoints_689,"Spanish Road, Clapham Junction",51.459225,-0.180884,18,4,14,30,12,0
2026-08-17 05:15:00+00:00,BikePoints_690,"Stanley Grove, Battersea",51.470475,-0.15213,20,1,19,24,3,1
2026-08-17 05:15:00+00:00,BikePoints_691,"Erin Close, Walham Green",51.479463,-0.195777,17,1,16,24,7,0
2026-08-17 05:15:00+00:00,BikePoints_692,"Cadogan Close, Victoria Park",51.542118,-0.028941,13,3,10,22,6,3
2026-08-17 05:15:00+00:00,BikePoints_693,"Felsham Road, Putney",51.464786,-0.215618,16,1,15,18,1,1
2026-08-17 05:15:00+00:00,BikePoints_694,"Putney Rail Station, Putney",51.460717,-0.216526,15,4,11,20,3,2
2026-08-17 05:15:00+00:00,BikePoints_695,"Islington Green, Angel",51.536384,-0.102757,8,1,7,21,9,4
2026-08-17 05:15:00+00:00,BikePoints_696,"Charing Cross Hospital, Hammersmith",51.487285,-0.217995,18,2,16,21,3,0
2026-08-17 05:15:00+00:00,BikePoints_697,"Charlotte Terrace, Angel",51.536392,-0.112721,14,7,7,25,9,2
2026-08-17 05:15:00+00:00,BikePoints_698,"Shoreditch Court, Haggerston",51.539083,-0.070329,18,6,12,35,15,2
2026-08-17 05:15:00+00:00,BikePoints_699,"Belford House, Haggerston",51.536654,-0.07023,13,1,12,39,26,0
2026-08-17 05:15:00+00:00,BikePoints_700,"Battersea Church Road, Battersea",51.476964,-0.174347,22,8,14,25,1,2
2026-08-17 05:15:00+00:00,BikePoints_701,"Vicarage Crescent, Battersea",51.472876,-0.176267,18,2,16,30,11,1
2026-08-17 05:15:00+00:00,BikePoints_702,"Durant Street, Bethnal Green",51.528681,-0.06555,15,3,12,24,9,0
2026-08-17 05:15:00+00:00,BikePoints_703,"St. Bride Street, Holborn",51.514665,-0.104583,3,1,2,24,18,3
2026-08-17 05:15:00+00:00,BikePoints_704,"Mexfield Road, East Putney",51.45682,-0.202802,4,4,0,18,11,3
2026-08-17 05:15:00+00:00,BikePoints_705,"Upper Richmond Road, Putney",51.459715,-0.212145,22,6,16,25,1,2
2026-08-17 05:15:00+00:00,BikePoints_706,"Snowsfields, London Bridge",51.502153,-0.083632,0,0,0,31,29,2
2026-08-17 05:15:00+00:00,BikePoints_707,"Barons Court Station, West Kensington",51.490217,-0.215087,26,0,26,32,5,1
2026-08-17 05:15:00+00:00,BikePoints_708,"Disraeli Road, Putney",51.46161,-0.216145,29,0,29,33,3,1
2026-08-17 05:15:00+00:00,BikePoints_709,"Montserrat Road , Putney",51.463211,-0.21555,23,0,23,23,0,0
2026-08-17 05:15:00+00:00,BikePoints_710,"Albert Bridge Road, Battersea Park",51.474392,-0.163347,18,1,17,20,0,2
2026-08-17 05:15:00+00:00,BikePoints_711,"Everington Street, Fulham",51.483356,-0.216305,6,3,3,31,23,2
2026-08-17 05:15:00+00:00,BikePoints_712,"Mile End Stadium, Mile End",51.518541,-0.034903,17,0,17,22,5,0
2026-08-17 05:15:00+00:00,BikePoints_713,"Hawley Crescent, Camden Town",51.541007,-0.14326,19,4,15,22,2,1
2026-08-17 05:15:00+00:00,BikePoints_714,"Stewart's Road, Wandsworth Road",51.473116,-0.137235,26,1,25,28,2,0
2026-08-17 05:15:00+00:00,BikePoints_715,"Aylward Street, Stepney",51.51563,-0.049067,11,2,9,22,10,1
2026-08-17 05:15:00+00:00,BikePoints_716,"Stainsby Road , Poplar",51.515427,-0.023565,12,2,10,24,11,1
2026-08-17 05:15:00+00:00,BikePoints_717,"Dunston Road , Haggerston",51.536585,-0.075885,34,8,26,43,9,0
2026-08-17 05:15:00+00:00,BikePoints_718,"Ada Street, Hackney Central",51.535716,-0.060291,30,3,27,45,13,2
2026-08-17 05:15:00+00:00,BikePoints_719,"Victoria Park Road, Hackney Central",51.536424,-0.054162,8,2,6,34,26,0
2026-08-17 05:15:00+00:00,BikePoints_720,"Star Road, West Kensington",51.487244,-0.205279,19,3,16,23,2,2
2026-08-17 05:15:00+00:00,BikePoints_721,"Wendon Street, Old Ford",51.536039,-0.026262,9,1,8,18,6,3
2026-08-17 05:15:00+00:00,BikePoints_722,"Finnis Street, Bethnal Green",51.524583,-0.058631,4,2,2,19,15,0
2026-08-17 05:15:00+00:00,BikePoints_723,"Stephendale Road, Sands End",51.46822,-0.190346,46,1,45,48,0,2
2026-08-17 05:15:00+00:00,BikePoints_724,"Alma Road, Wandsworth",51.457991,-0.184806,19,4,15,28,8,1
2026-08-17 05:15:00+00:00,BikePoints_725,"Walworth Square, Walworth",51.491327,-0.096518,22,1,21,24,1,1
2026-08-17 05:15:00+00:00,BikePoints_726,"Alfreda Street, Battersea Park",51.47505,-0.150908,17,1,16,22,4,1
2026-08-17 05:15:00+00:00,BikePoints_727,"Chesilton Road, Fulham",51.475698,-0.205876,13,4,9,23,8,2
2026-08-17 05:15:00+00:00,BikePoints_728,"Putney Bridge Road, East Putney",51.461999,-0.20624,28,6,22,29,0,1
2026-08-17 05:15:00+00:00,BikePoints_729,"St. Peter's Terrace, Fulham",51.478939,-0.208485,17,1,16,24,6,1
2026-08-17 05:15:00+00:00,BikePoints_730,"Bridge Avenue, Hammersmith",51.492084,-0.229116,11,1,10,18,7,0
2026-08-17 05:15:00+00:00,BikePoints_731,"Michael Road, Walham Green",51.477276,-0.18921,12,0,12,37,23,2
2026-08-17 05:15:00+00:00,BikePoints_732,"Duke Street Hill, London Bridge",51.506304,-0.087262,2,2,0,21,13,6
2026-08-17 05:15:00+00:00,BikePoints_733,"Park Lane, Mayfair",51.505426,-0.150817,0,0,0,18,17,1
2026-08-17 05:15:00+00:00,BikePoints_734,"Plough Terrace, Clapham Junction",51.462305,-0.175407,24,0,24,31,6,1
2026-08-17 05:15:00+00:00,BikePoints_735,"Grant Road East, Clapham Junction",51.464894,-0.173029,15,0,15,28,10,3
2026-08-17 05:15:00+00:00,BikePoints_736,"Queensdale Road, Shepherd's Bush",51.50659,-0.216104,6,1,5,28,22,0
2026-08-17 05:15:00+00:00,BikePoints_737,"Fulham Broadway, Walham Green",51.479932,-0.194116,11,3,8,26,14,1
2026-08-17 05:15:00+00:00,BikePoints_738,"Imperial Road, Sands End",51.475142,-0.187278,19,2,17,37,18,0
2026-08-17 05:15:00+00:00,BikePoints_739,"Hortensia Road, West Brompton",51.481765,-0.185273,12,1,11,28,16,0
2026-08-17 05:15:00+00:00,BikePoints_740,"Sirdar Road, Avondale",51.510928,-0.214594,7,0,7,20,12,1
2026-08-17 05:15:00+00:00,BikePoints_741,"Freston Road, Avondale",51.512981,-0.219486,15,0,15,23,5,3
2026-08-17 05:15:00+00:00,BikePoints_742,"Blenheim Crescent, Ladbroke Grove",51.515108,-0.208565,5,2,3,22,16,1
2026-08-17 05:15:00+00:00,BikePoints_743,"Oxford Road, Putney",51.460792,-0.212607,18,6,12,20,0,2
2026-08-17 05:15:00+00:00,BikePoints_744,"Ingrave Street, Clapham Junction",51.467454,-0.172293,29,2,27,30,1,0
2026-08-17 05:15:00+00:00,BikePoints_745,"Upcerne Road, West Chelsea",51.478169,-0.182435,7,3,4,29,20,2
2026-08-17 05:15:00+00:00,BikePoints_746,"Lots Road, West Chelsea",51.479573,-0.179038,10,1,9,24,14,0
2026-08-17 05:15:00+00:00,BikePoints_747,"Ormonde Gate, Chelsea",51.487964,-0.161765,17,3,14,24,4,3
2026-08-17 05:15:00+00:00,BikePoints_748,"Hertford Road, De Beauvoir Town",51.537277,-0.079201,22,0,22,25,1,2
2026-08-17 05:15:00+00:00,BikePoints_749,"Haggerston Road, Haggerston",51.539328,-0.074284,23,4,19,37,12,2
2026-08-17 05:15:00+00:00,BikePoints_750,"Culvert Road, Battersea",51.471095,-0.15785,18,2,16,27,9,0
2026-08-17 05:15:00+00:00,BikePoints_751,"Newton Street, Covent Garden",51.516128,-0.120909,0,0,0,24,24,0
2026-08-17 05:15:00+00:00,BikePoints_752,"London Street, Paddington",51.515117,-0.173712,3,0,3,19,16,0
2026-08-17 05:15:00+00:00,BikePoints_753,"Clapham South, Clapham South",51.452997,-0.148651,18,4,14,28,10,0
2026-08-17 05:15:00+00:00,BikePoints_754,"Grenfell Road, Avondale",51.5129,-0.214762,6,2,4,24,17,1
2026-08-17 05:15:00+00:00,BikePoints_755,"The Vale, Chelsea",51.485121,-0.174971,1,1,0,24,22,1
2026-08-17 05:15:00+00:00,BikePoints_756,"Prince of Wales Drive, Battersea Park",51.475153,-0.159169,19,3,16,21,0,2
2026-08-17 05:15:00+00:00,BikePoints_757,"Harcourt Terrace, West Brompton",51.487958,-0.187404,22,3,19,24,0,2
2026-08-17 05:15:00+00:00,BikePoints_758,"Westbourne Park Road, Portobello",51.51787,-0.201005,13,2,11,23,10,0
2026-08-17 05:15:00+00:00,BikePoints_759,"Broadley Terrace, Marylebone",51.524561,-0.165668,2,1,1,18,15,1
2026-08-17 05:15:00+00:00,BikePoints_760,"Elgin Avenue, Maida Hill",51.524309,-0.201234,11,4,7,18,5,2
2026-08-17 05:15:00+00:00,BikePoints_761,"Humbolt Road, Fulham",51.483217,-0.21186,24,0,24,26,2,0
2026-08-17 05:15:00+00:00,BikePoints_762,"Storey's Gate, Westminster",51.500703,-0.129698,1,1,0,21,18,2
2026-08-17 05:15:00+00:00,BikePoints_763,"Mile End Park Leisure Centre, Mile End",51.520597,-0.032566,28,6,22,47,16,3
2026-08-17 05:15:00+00:00,BikePoints_764,"St. John's Road, Clapham Junction",51.462392,-0.168292,29,1,28,33,4,0
2026-08-17 05:15:00+00:00,BikePoints_765,"Ranelagh Gardens, Fulham",51.467601,-0.206827,25,5,20,29,1,3
2026-08-17 05:15:00+00:00,BikePoints_766,"Ram Street, Wandsworth",51.457529,-0.192165,17,2,15,25,6,2
2026-08-17 05:15:00+00:00,BikePoints_767,"Santos Road, Wandsworth",51.457059,-0.200806,25,0,25,30,5,0
2026-08-17 05:15:00+00:00,BikePoints_768,"Clapham Common North Side, Clapham Common",51.461343,-0.159322,22,3,19,37,15,0
2026-08-17 05:15:00+00:00,BikePoints_769,"Sandilands Road, Walham Green",51.473611,-0.191803,11,1,10,21,10,0
2026-08-17 05:15:00+00:00,BikePoints_770,"Gwendwr Road, West Kensington",51.491026,-0.209121,28,1,27,30,2,0
2026-08-17 05:15:00+00:00,BikePoints_771,"Rifle Place, Avondale",51.509224,-0.216016,14,0,14,21,7,0
2026-08-17 05:15:00+00:00,BikePoints_772,"Binfield Road, Stockwell",51.472509,-0.122831,32,2,30,35,2,1
2026-08-17 05:15:00+00:00,BikePoints_773,"Tallis Street, Temple",51.511891,-0.107349,0,0,0,24,22,2
2026-08-17 05:15:00+00:00,BikePoints_774,"Hurlingham Park, Parsons Green",51.470131,-0.20464,15,0,15,20,5,0
2026-08-17 05:15:00+00:00,BikePoints_775,"Little Brook Green, Brook Green",51.496664,-0.223868,16,0,16,33,16,1
2026-08-17 05:15:00+00:00,BikePoints_776,"Adeline Place, Bloomsbury",51.517632,-0.129985,0,0,0,22,22,0
2026-08-17 05:15:00+00:00,BikePoints_779,"Houndsditch, Aldgate",51.514449,-0.077178,2,2,0,28,25,1
2026-08-17 05:15:00+00:00,BikePoints_780,"Imperial Wharf Station, Sands End",51.474665,-0.183165,23,1,22,25,0,2
2026-08-17 05:15:00+00:00,BikePoints_782,"Halford Road, West Kensington",51.483911,-0.197609,20,0,20,24,4,0
2026-08-17 05:15:00+00:00,BikePoints_783,"Monier Road, Hackney Wick",51.540311,-0.02163,22,4,18,27,3,2
2026-08-17 05:15:00+00:00,BikePoints_784,"East Village, Queen Elizabeth Olympic Park",51.546326,-0.009935,12,4,8,34,22,0
2026-08-17 05:15:00+00:00,BikePoints_785,"Aquatic Centre, Queen Elizabeth Olympic Park",51.541482,-0.010437,13,3,10,30,11,6
2026-08-17 05:15:00+00:00,BikePoints_786,"Lee Valley VeloPark, Queen Elizabeth Olympic Park",51.549369,-0.015717,30,7,23,44,12,2
2026-08-17 05:15:00+00:00,BikePoints_787,"Timber Lodge, Queen Elizabeth Olympic Park",51.546805,-0.014691,16,1,15,35,15,4
2026-08-17 05:15:00+00:00,BikePoints_788,"Copper Box Arena, Queen Elizabeth Olympic Park",51.544909,-0.020542,11,2,9,31,15,5
2026-08-17 05:15:00+00:00,BikePoints_789,"Podium, Queen Elizabeth Olympic Park",51.538718,-0.011889,18,6,12,40,8,14
2026-08-17 05:15:00+00:00,BikePoints_790,"Stratford Station, Stratford",51.541793,-0.00481,17,0,17,28,6,5
2026-08-17 05:15:00+00:00,BikePoints_792,"Blackfriars Road, Southwark",51.505461,-0.10454,4,0,4,42,37,1
2026-08-17 05:15:00+00:00,BikePoints_793,"Cromer Street, Bloomsbury",51.528279,-0.119558,20,1,19,28,7,1
2026-08-17 05:15:00+00:00,BikePoints_795,"Euston Square Gardens, Euston",51.527068,-0.131861,0,0,0,30,29,1
2026-08-17 05:15:00+00:00,BikePoints_796,"Coram Street, Bloomsbury",51.524,-0.126409,8,1,7,29,20,1
2026-08-17 05:15:00+00:00,BikePoints_797,"Ossulston Street, Somers Town",51.5293,-0.128279,14,0,14,30,12,4
2026-08-17 05:15:00+00:00,BikePoints_798,"Birkenhead Street, King's Cross",51.530199,-0.122299,14,5,9,27,9,4
2026-08-17 05:15:00+00:00,BikePoints_799,"Kings Gate House, Westminster",51.497698,-0.137598,0,0,0,24,23,1
2026-08-17 05:15:00+00:00,BikePoints_800,"Sopwith Way, Battersea Park",51.481121,-0.149035,14,1,13,30,14,2
2026-08-17 05:15:00+00:00,BikePoints_801,"Lavington Street, Bankside",51.505224,-0.098031,4,0,4,29,22,3
2026-08-17 05:15:00+00:00,BikePoints_802,"Albert Square, Stockwell",51.47659,-0.118256,28,4,24,32,4,0
2026-08-17 05:15:00+00:00,BikePoints_803,"Southwark Street, Bankside",51.505409,-0.098341,5,0,5,23,18,0
2026-08-17 05:15:00+00:00,BikePoints_804,"Good's Way, King's Cross",51.534667,-0.125078,1,1,0,27,22,4
2026-08-17 05:15:00+00:00,BikePoints_805,"The Metropolitan, Portobello",51.520509,-0.200804,2,0,2,18,15,1
2026-08-17 05:15:00+00:00,BikePoints_807,"Bevington Road West, North Kensington",51.5212,-0.208888,11,2,9,24,10,3
2026-08-17 05:15:00+00:00,BikePoints_808,"Gauden Road, Clapham",51.464995,-0.130908,26,1,25,28,0,2
2026-08-17 05:15:00+00:00,BikePoints_809,"Lincoln's Inn Fields, Holborn",51.516277,-0.118272,1,0,1,28,27,0
2026-08-17 05:15:00+00:00,BikePoints_810,"Tate Modern, Bankside",51.506725,-0.098807,12,0,12,30,15,3
2026-08-17 05:15:00+00:00,BikePoints_811,"Westferry Circus, Canary Wharf",51.505703,-0.027772,14,2,12,36,14,8
2026-08-17 05:15:00+00:00,BikePoints_812,"Here East North, Queen Elizabeth Olympic Park",51.548731,-0.022606,15,0,15,28,12,1
2026-08-17 05:15:00+00:00,BikePoints_813,"New Spring Gardens Walk, Vauxhall",51.487807,-0.122759,6,0,6,33,26,1
2026-08-17 05:15:00+00:00,BikePoints_814,"Clapham Road, Lingham Street, Stockwell",51.471433,-0.12367,29,2,27,30,0,1
2026-08-17 05:15:00+00:00,BikePoints_815,"Lambeth Palace Road, Waterloo",51.500089,-0.116628,15,4,11,35,18,2
2026-08-17 05:15:00+00:00,BikePoints_816,"Here East South, Queen Elizabeth Olympic Park",51.546532,-0.020597,8,0,8,20,11,1
2026-08-17 05:15:00+00:00,BikePoints_818,"Westminster Pier, Westminster",51.501513,-0.123823,13,0,13,27,14,0
2026-08-17 05:15:00+00:00,BikePoints_819,"Belvedere Road 2, South Bank",51.50621,-0.114842,6,1,5,38,31,1
2026-08-17 05:15:00+00:00,BikePoints_820,"Victory Place, Walworth",51.492807,-0.091938,17,2,15,24,7,0
2026-08-17 05:15:00+00:00,BikePoints_821,"Battersea Power Station, Battersea Park",51.483507,-0.147714,5,0,5,27,16,6
2026-08-17 05:15:00+00:00,BikePoints_826,"Allington Street, Victoria",51.496863,-0.142943,0,0,0,28,26,2
2026-08-17 05:15:00+00:00,BikePoints_827,"Cranmer Road, Stockwell",51.479601,-0.111471,23,4,19,24,1,0
2026-08-17 05:15:00+00:00,BikePoints_828,"Normandy Road, Stockwell",51.473874,-0.11258,17,1,16,32,14,1
2026-08-17 05:15:00+00:00,BikePoints_829,"Wynne Road, Stockwell",51.469217,-0.112686,15,0,15,25,9,1
2026-08-17 05:15:00+00:00,BikePoints_830,"Sidney Road, Stockwell",51.469202,-0.119022,15,3,12,27,11,1
2026-08-17 05:15:00+00:00,BikePoints_831,"St John's Crescent, Brixton",51.466232,-0.113179,16,3,13,25,9,0
2026-08-17 05:15:00+00:00,BikePoints_832,"Ferndale Road, Brixton",51.464019,-0.115781,21,3,18,30,7,2
2026-08-17 05:15:00+00:00,BikePoints_833,"Saltoun Road, Brixton",51.460232,-0.115375,32,2,30,42,8,2
2026-08-17 05:15:00+00:00,BikePoints_834,"Gas Holders, Battersea Park",51.477966,-0.147857,17,4,13,26,6,3
2026-08-17 05:15:00+00:00,BikePoints_835,"Farringdon Street, Holborn",51.516785,-0.104947,2,0,2,25,23,0
2026-08-17 05:15:00+00:00,BikePoints_836,"York Way, Kings Cross",51.541596,-0.125441,7,3,4,24,15,2
2026-08-17 05:15:00+00:00,BikePoints_838,"Fore Street, Guildhall",51.518093,-0.091401,2,0,2,25,22,1
2026-08-17 05:15:00+00:00,BikePoints_839,"Sea Containers, South Bank",51.508033,-0.106823,0,0,0,30,29,1
2026-08-17 05:15:00+00:00,BikePoints_840,"George Row, Bermondsey",51.498585,-0.068981,16,1,15,22,3,3
2026-08-17 05:15:00+00:00,BikePoints_841,"Tower Wharf, Bermondsey",51.500845,-0.074704,12,1,11,20,5,3
2026-08-17 05:15:00+00:00,BikePoints_842,"Temple Gardens, Temple",51.510981,-0.108322,0,0,0,24,23,1
2026-08-17 05:15:00+00:00,BikePoints_844,"Canada Water Station, Rotherhithe",51.498439,-0.04915,31,4,27,35,0,4
2026-08-17 05:15:00+00:00,BikePoints_845,"Bermondsey Station, Bermondsey",51.497995,-0.063471,25,6,19,30,0,5
2026-08-17 05:15:00+00:00,BikePoints_846,"Burgess Park Albany Road, Walworth",51.48224,-0.094284,23,2,21,30,3,4
2026-08-17 05:15:00+00:00,BikePoints_847,"South Bermondsey Station, Bermondsey",51.488067,-0.057774,21,3,18,24,3,0
2026-08-17 05:15:00+00:00,BikePoints_849,"Crimscott Street, Bermondsey",51.495598,-0.078893,12,0,12,19,6,1
2026-08-17 05:15:00+00:00,BikePoints_850,"Brandon Street, Walworth",51.489102,-0.091548,21,0,21,22,1,0
2026-08-17 05:15:00+00:00,BikePoints_851,"The Blue, Bermondsey",51.492221,-0.062513,21,4,17,22,0,1
2026-08-17 05:15:00+00:00,BikePoints_852,"Coomer Place, West Kensington",51.48357,-0.202038,22,1,21,27,3,2
2026-08-17 05:15:00+00:00,BikePoints_857,"Strand, Strand",51.512582,-0.115057,2,1,1,35,33,0
2026-08-17 05:15:00+00:00,BikePoints_864,"Abbey Orchard Street, Westminster",51.498125,-0.132102,3,1,2,29,25,1
2026-08-17 05:15:00+00:00,BikePoints_865,"Leonard Circus , Shoreditch",51.524696,-0.084439,3,2,1,43,38,2
2026-08-17 05:15:00+00:00,BikePoints_866,"Limburg Road, Clapham Junction",51.461923,-0.165297,19,3,16,21,1,1
2026-08-17 05:15:00+00:00,BikePoints_867,"Pritchard's Road, Bethnal Green",51.532091,-0.061419,11,3,8,30,14,5
2026-08-17 05:15:00+00:00,BikePoints_868,"Kennington Lane Rail Bridge, Vauxhall",51.486343,-0.122492,13,3,10,31,17,1
2026-08-17 05:15:00+00:00,BikePoints_869,"Albert Embankment, Vauxhall",51.490435,-0.122806,5,0,5,24,19,0
2026-08-17 05:15:00+00:00,BikePoints_870,"Lower Marsh, Waterloo",51.500139,-0.113935,0,0,0,17,17,0
2026-08-17 05:15:00+00:00,BikePoints_872,"Risinghill Street, Angel",51.533319,-0.111781,4,4,0,25,17,4
2026-08-17 05:15:00+00:00,BikePoints_873,"St. Pancras Way, Camden Town",51.537071,-0.13285,5,2,3,20,13,2
2026-08-17 05:15:00+00:00,BikePoints_874,"Handyside Street, King's Cross",51.53724,-0.124807,15,4,11,27,8,4
2026-08-17 05:15:00+00:00,BikePoints_875,"Victoria Rise, Clapham Common",51.461376,-0.147804,19,2,17,23,0,4
2026-08-17 05:15:00+00:00,BikePoints_876,"Old Quebec Street, Marylebone",51.514577,-0.158264,4,2,2,16,11,1
2026-08-17 05:15:00+00:00,BikePoints_877,"Spencer Park, Wandsworth Common",51.45787,-0.174691,13,0,13,25,12,0
2026-08-17 05:15:00+00:00,BikePoints_878,"Victoria & Albert Museum, South Kensington",51.495898,-0.173009,2,0,2,30,28,0
2026-08-17 05:15:00+00:00,BikePoints_879,"BBC White City, White City",51.514767,-0.225786,10,2,8,36,25,1
2026-08-17 05:15:00+00:00,BikePoints_881,"Albany Street, The Regent's Park",51.528302,-0.144465,7,0,7,27,18,2
2026-08-17 05:15:00+00:00,BikePoints_882,"Maplin Street, Mile End",51.525501,-0.032267,23,0,23,39,14,2
2026-08-17 05:15:00+00:00,BikePoints_883,"London Fields, Hackney Central",51.54119,-0.058826,11,1,10,21,3,7
2026-08-17 05:15:00+00:00,BikePoints_884,"Westfield Ariel Way, White City",51.509158,-0.224103,32,0,32,42,5,5
2026-08-17 05:15:00+00:00,BikePoints_885,"Gloucester Avenue, Camden Town",51.537349,-0.147154,9,5,4,24,13,2
2026-08-17 05:15:00+00:00,BikePoints_887,"London Zoo Car Park, The Regent's Park",51.536922,-0.150181,4,0,4,36,31,1
2026-08-17 05:15:00+00:00,BikePoints_888,"Norton Folgate, Liverpool Street",51.521113,-0.078869,1,0,1,23,19,3
2026-08-17 05:15:00+00:00,BikePoints_889,"Horse Guards Avenue, Westminster",51.505031,-0.123,5,0,5,29,22,2
2026-08-17 05:15:00+00:00,BikePoints_890,"Burdett Road, Mile End",51.516196,-0.029137,19,2,17,33,7,7
